JobID|JobName|Start|End|Elapsed|NodeList
8767307|single_lens_1e11|2025-06-06T13:05:28|2025-06-06T15:36:34|02:31:06|u176
8767307.batch|batch|2025-06-06T13:05:28|2025-06-06T15:36:34|02:31:06|u176
8767307.extern|extern|2025-06-06T13:05:28|2025-06-06T15:36:35|02:31:07|u176
8767308|triple_lens_1e11|2025-06-06T13:05:28|2025-06-06T16:12:48|03:07:20|u175
8767308.batch|batch|2025-06-06T13:05:28|2025-06-06T16:12:48|03:07:20|u175
8767308.extern|extern|2025-06-06T13:05:28|2025-06-06T16:12:48|03:07:20|u175
8772421|single_lens_1e11|2025-06-09T10:40:46|2025-06-09T13:18:35|02:37:49|u182
8772421.batch|batch|2025-06-09T10:40:46|2025-06-09T13:18:35|02:37:49|u182
8772421.extern|extern|2025-06-09T10:40:46|2025-06-09T13:18:35|02:37:49|u182
8772473|single_lens_1e11_cusp|2025-06-09T11:50:49|2025-06-09T15:09:18|03:18:29|u180
8772473.batch|batch|2025-06-09T11:50:49|2025-06-09T15:09:18|03:18:29|u180
8772473.extern|extern|2025-06-09T11:50:49|2025-06-09T15:09:18|03:18:29|u180
8775933|single_lens_offsetted|2025-06-10T14:46:40|2025-06-10T17:25:36|02:38:56|u182
8775933.batch|batch|2025-06-10T14:46:40|2025-06-10T17:25:36|02:38:56|u182
8775933.extern|extern|2025-06-10T14:46:40|2025-06-10T17:25:36|02:38:56|u182
8775934|binary_lens_offsetted|2025-06-10T14:47:11|2025-06-10T17:30:33|02:43:22|u182
8775934.batch|batch|2025-06-10T14:47:11|2025-06-10T17:30:33|02:43:22|u182
8775934.extern|extern|2025-06-10T14:47:11|2025-06-10T17:30:33|02:43:22|u182
8776051_0|triple_lens_offsetted_array|2025-06-10T15:33:06|2025-06-10T19:29:15|03:56:09|u068
8776051_0.batch|batch|2025-06-10T15:33:06|2025-06-10T19:29:15|03:56:09|u068
8776051_0.extern|extern|2025-06-10T15:33:06|2025-06-10T19:29:15|03:56:09|u068
8776051_1|triple_lens_offsetted_array|2025-06-10T15:33:06|2025-06-10T20:24:15|04:51:09|u144
8776051_1.batch|batch|2025-06-10T15:33:06|2025-06-10T20:24:15|04:51:09|u144
8776051_1.extern|extern|2025-06-10T15:33:06|2025-06-10T20:24:15|04:51:09|u144
8776051_2|triple_lens_offsetted_array|2025-06-10T15:33:06|2025-06-10T20:21:53|04:48:47|u145
8776051_2.batch|batch|2025-06-10T15:33:06|2025-06-10T20:21:53|04:48:47|u145
8776051_2.extern|extern|2025-06-10T15:33:06|2025-06-10T20:21:53|04:48:47|u145
8776051_3|triple_lens_offsetted_array|2025-06-10T15:33:06|2025-06-10T18:59:51|03:26:45|u171
8776051_3.batch|batch|2025-06-10T15:33:06|2025-06-10T18:59:51|03:26:45|u171
8776051_3.extern|extern|2025-06-10T15:33:06|2025-06-10T18:59:51|03:26:45|u171
8776051_4|triple_lens_offsetted_array|2025-06-10T15:33:06|2025-06-10T19:05:00|03:31:54|u172
8776051_4.batch|batch|2025-06-10T15:33:06|2025-06-10T19:05:00|03:31:54|u172
8776051_4.extern|extern|2025-06-10T15:33:06|2025-06-10T19:05:00|03:31:54|u172
8776051_5|triple_lens_offsetted_array|2025-06-10T15:33:06|2025-06-10T19:05:22|03:32:16|u173
8776051_5.batch|batch|2025-06-10T15:33:06|2025-06-10T19:05:22|03:32:16|u173
8776051_5.extern|extern|2025-06-10T15:33:06|2025-06-10T19:05:22|03:32:16|u173
8776051_6|triple_lens_offsetted_array|2025-06-10T15:33:06|2025-06-10T19:16:42|03:43:36|u034
8776051_6.batch|batch|2025-06-10T15:33:06|2025-06-10T19:16:42|03:43:36|u034
8776051_6.extern|extern|2025-06-10T15:33:06|2025-06-10T19:16:42|03:43:36|u034
8776051_7|triple_lens_offsetted_array|2025-06-10T15:33:06|2025-06-10T19:05:01|03:31:55|u032
8776051_7.batch|batch|2025-06-10T15:33:06|2025-06-10T19:05:01|03:31:55|u032
8776051_7.extern|extern|2025-06-10T15:33:06|2025-06-10T19:05:01|03:31:55|u032
8776051_8|triple_lens_offsetted_array|2025-06-10T15:33:06|2025-06-10T19:02:07|03:29:01|u032
8776051_8.batch|batch|2025-06-10T15:33:06|2025-06-10T19:02:07|03:29:01|u032
8776051_8.extern|extern|2025-06-10T15:33:06|2025-06-10T19:02:07|03:29:01|u032
8776051_9|triple_lens_offsetted_array|2025-06-10T15:33:06|2025-06-10T19:09:03|03:35:57|u033
8776051_9.batch|batch|2025-06-10T15:33:06|2025-06-10T19:09:03|03:35:57|u033
8776051_9.extern|extern|2025-06-10T15:33:06|2025-06-10T19:09:03|03:35:57|u033
8776051_10|triple_lens_offsetted_array|2025-06-10T15:33:06|2025-06-10T19:06:09|03:33:03|u033
8776051_10.batch|batch|2025-06-10T15:33:06|2025-06-10T19:06:09|03:33:03|u033
8776051_10.extern|extern|2025-06-10T15:33:06|2025-06-10T19:06:09|03:33:03|u033
8776051_11|triple_lens_offsetted_array|2025-06-10T15:33:06|2025-06-10T18:24:45|02:51:39|u180
8776051_11.batch|batch|2025-06-10T15:33:06|2025-06-10T18:24:45|02:51:39|u180
8776051_11.extern|extern|2025-06-10T15:33:06|2025-06-10T18:24:45|02:51:39|u180
8776051_12|triple_lens_offsetted_array|2025-06-10T15:33:06|2025-06-10T18:21:30|02:48:24|u180
8776051_12.batch|batch|2025-06-10T15:33:06|2025-06-10T18:21:30|02:48:24|u180
8776051_12.extern|extern|2025-06-10T15:33:06|2025-06-10T18:21:30|02:48:24|u180
8776051_13|triple_lens_offsetted_array|2025-06-10T15:33:06|2025-06-10T18:17:05|02:43:59|u180
8776051_13.batch|batch|2025-06-10T15:33:06|2025-06-10T18:17:05|02:43:59|u180
8776051_13.extern|extern|2025-06-10T15:33:06|2025-06-10T18:17:05|02:43:59|u180
8776051_14|triple_lens_offsetted_array|2025-06-10T15:33:06|2025-06-10T18:15:16|02:42:10|u180
8776051_14.batch|batch|2025-06-10T15:33:06|2025-06-10T18:15:16|02:42:10|u180
8776051_14.extern|extern|2025-06-10T15:33:06|2025-06-10T18:15:16|02:42:10|u180
8778355_0|triple_lens_cm_array|2025-06-12T10:00:41|2025-06-12T13:34:40|03:33:59|u038
8778355_0.batch|batch|2025-06-12T10:00:41|2025-06-12T13:34:40|03:33:59|u038
8778355_0.extern|extern|2025-06-12T10:00:41|2025-06-12T13:34:40|03:33:59|u038
8778355_1|triple_lens_cm_array|2025-06-12T10:00:41|2025-06-12T13:33:43|03:33:02|u040
8778355_1.batch|batch|2025-06-12T10:00:41|2025-06-12T13:33:43|03:33:02|u040
8778355_1.extern|extern|2025-06-12T10:00:41|2025-06-12T13:33:43|03:33:02|u040
8778355_2|triple_lens_cm_array|2025-06-12T10:00:41|2025-06-12T14:10:17|04:09:36|u071
8778355_2.batch|batch|2025-06-12T10:00:41|2025-06-12T14:10:17|04:09:36|u071
8778355_2.extern|extern|2025-06-12T10:00:41|2025-06-12T14:10:18|04:09:37|u071
8778355_3|triple_lens_cm_array|2025-06-12T10:00:41|2025-06-12T14:42:00|04:41:19|u095
8778355_3.batch|batch|2025-06-12T10:00:41|2025-06-12T14:42:00|04:41:19|u095
8778355_3.extern|extern|2025-06-12T10:00:41|2025-06-12T14:42:00|04:41:19|u095
8778355_4|triple_lens_cm_array|2025-06-12T10:00:41|2025-06-12T13:40:02|03:39:21|u123
8778355_4.batch|batch|2025-06-12T10:00:41|2025-06-12T13:40:02|03:39:21|u123
8778355_4.extern|extern|2025-06-12T10:00:41|2025-06-12T13:40:02|03:39:21|u123
8778356_0|triple_lens_binoffset_array|2025-06-12T10:00:41|2025-06-12T12:31:29|02:30:48|u175
8778356_0.batch|batch|2025-06-12T10:00:41|2025-06-12T12:31:29|02:30:48|u175
8778356_0.extern|extern|2025-06-12T10:00:41|2025-06-12T12:31:29|02:30:48|u175
8778356_1|triple_lens_binoffset_array|2025-06-12T10:00:41|2025-06-12T12:39:57|02:39:16|u178
8778356_1.batch|batch|2025-06-12T10:00:41|2025-06-12T12:39:57|02:39:16|u178
8778356_1.extern|extern|2025-06-12T10:00:41|2025-06-12T12:39:57|02:39:16|u178
8778356_2|triple_lens_binoffset_array|2025-06-12T10:00:41|2025-06-12T17:16:35|07:15:54|u010
8778356_2.batch|batch|2025-06-12T10:00:41|2025-06-12T17:16:35|07:15:54|u010
8778356_2.extern|extern|2025-06-12T10:00:41|2025-06-12T17:16:35|07:15:54|u010
8778356_3|triple_lens_binoffset_array|2025-06-12T10:00:41|2025-06-12T17:21:58|07:21:17|u010
8778356_3.batch|batch|2025-06-12T10:00:41|2025-06-12T17:21:58|07:21:17|u010
8778356_3.extern|extern|2025-06-12T10:00:41|2025-06-12T17:21:58|07:21:17|u010
8778356_4|triple_lens_binoffset_array|2025-06-12T10:00:41|2025-06-12T16:19:42|06:19:01|u144
8778356_4.batch|batch|2025-06-12T10:00:41|2025-06-12T16:19:42|06:19:01|u144
8778356_4.extern|extern|2025-06-12T10:00:41|2025-06-12T16:19:42|06:19:01|u144
8778740_0|triple_offsetted_array_s_vary|2025-06-12T12:31:27|2025-06-12T15:55:50|03:24:23|u038
8778740_0.batch|batch|2025-06-12T12:31:27|2025-06-12T15:55:50|03:24:23|u038
8778740_0.extern|extern|2025-06-12T12:31:27|2025-06-12T15:55:50|03:24:23|u038
8778740_1|triple_offsetted_array_s_vary|2025-06-12T12:31:27|2025-06-12T16:27:57|03:56:30|u084
8778740_1.batch|batch|2025-06-12T12:31:27|2025-06-12T16:27:57|03:56:30|u084
8778740_1.extern|extern|2025-06-12T12:31:27|2025-06-12T16:27:57|03:56:30|u084
8778740_2|triple_offsetted_array_s_vary|2025-06-12T12:31:27|2025-06-12T15:58:10|03:26:43|u123
8778740_2.batch|batch|2025-06-12T12:31:27|2025-06-12T15:58:10|03:26:43|u123
8778740_2.extern|extern|2025-06-12T12:31:27|2025-06-12T15:58:10|03:26:43|u123
8778740_3|triple_offsetted_array_s_vary|2025-06-12T12:31:27|2025-06-12T16:48:45|04:17:18|u010
8778740_3.batch|batch|2025-06-12T12:31:27|2025-06-12T16:48:45|04:17:18|u010
8778740_3.extern|extern|2025-06-12T12:31:27|2025-06-12T16:48:45|04:17:18|u010
8778740_4|triple_offsetted_array_s_vary|2025-06-12T12:31:27|2025-06-12T16:50:23|04:18:56|u010
8778740_4.batch|batch|2025-06-12T12:31:27|2025-06-12T16:50:23|04:18:56|u010
8778740_4.extern|extern|2025-06-12T12:31:27|2025-06-12T16:50:23|04:18:56|u010
8778740_5|triple_offsetted_array_s_vary|2025-06-12T12:31:27|2025-06-12T16:46:03|04:14:36|u069
8778740_5.batch|batch|2025-06-12T12:31:27|2025-06-12T16:46:03|04:14:36|u069
8778740_5.extern|extern|2025-06-12T12:31:27|2025-06-12T16:46:03|04:14:36|u069
8778740_6|triple_offsetted_array_s_vary|2025-06-12T12:31:27|2025-06-12T16:45:51|04:14:24|u069
8778740_6.batch|batch|2025-06-12T12:31:27|2025-06-12T16:45:51|04:14:24|u069
8778740_6.extern|extern|2025-06-12T12:31:27|2025-06-12T16:45:51|04:14:24|u069
8778740_7|triple_offsetted_array_s_vary|2025-06-12T12:31:27|2025-06-12T15:49:13|03:17:46|u127
8778740_7.batch|batch|2025-06-12T12:31:27|2025-06-12T15:49:13|03:17:46|u127
8778740_7.extern|extern|2025-06-12T12:31:27|2025-06-12T15:49:13|03:17:46|u127
8778740_8|triple_offsetted_array_s_vary|2025-06-12T12:31:27|2025-06-12T15:47:48|03:16:21|u127
8778740_8.batch|batch|2025-06-12T12:31:27|2025-06-12T15:47:48|03:16:21|u127
8778740_8.extern|extern|2025-06-12T12:31:27|2025-06-12T15:47:48|03:16:21|u127
8778740_9|triple_offsetted_array_s_vary|2025-06-12T12:31:27|2025-06-12T15:39:51|03:08:24|u176
8778740_9.batch|batch|2025-06-12T12:31:27|2025-06-12T15:39:51|03:08:24|u176
8778740_9.extern|extern|2025-06-12T12:31:27|2025-06-12T15:39:51|03:08:24|u176
8778740_10|triple_offsetted_array_s_vary|2025-06-12T12:31:27|2025-06-12T14:58:10|02:26:43|u177
8778740_10.batch|batch|2025-06-12T12:31:27|2025-06-12T14:58:10|02:26:43|u177
8778740_10.extern|extern|2025-06-12T12:31:27|2025-06-12T14:58:10|02:26:43|u177
8778740_11|triple_offsetted_array_s_vary|2025-06-12T12:31:27|2025-06-12T15:07:55|02:36:28|u180
8778740_11.batch|batch|2025-06-12T12:31:27|2025-06-12T15:07:55|02:36:28|u180
8778740_11.extern|extern|2025-06-12T12:31:27|2025-06-12T15:07:55|02:36:28|u180
8778740_12|triple_offsetted_array_s_vary|2025-06-12T12:31:27|2025-06-12T14:58:08|02:26:41|u180
8778740_12.batch|batch|2025-06-12T12:31:27|2025-06-12T14:58:08|02:26:41|u180
8778740_12.extern|extern|2025-06-12T12:31:27|2025-06-12T14:58:08|02:26:41|u180
8778740_13|triple_offsetted_array_s_vary|2025-06-12T12:31:27|2025-06-12T16:13:54|03:42:27|u040
8778740_13.batch|batch|2025-06-12T12:31:27|2025-06-12T16:13:54|03:42:27|u040
8778740_13.extern|extern|2025-06-12T12:31:27|2025-06-12T16:13:54|03:42:27|u040
8778740_14|triple_offsetted_array_s_vary|2025-06-12T12:31:27|2025-06-12T18:38:13|06:06:46|u040
8778740_14.batch|batch|2025-06-12T12:31:27|2025-06-12T18:38:13|06:06:46|u040
8778740_14.extern|extern|2025-06-12T12:31:27|2025-06-12T18:38:13|06:06:46|u040
8778740_15|triple_offsetted_array_s_vary|2025-06-12T12:31:27|2025-06-12T16:12:33|03:41:06|u040
8778740_15.batch|batch|2025-06-12T12:31:27|2025-06-12T16:12:33|03:41:06|u040
8778740_15.extern|extern|2025-06-12T12:31:27|2025-06-12T16:12:33|03:41:06|u040
8778740_16|triple_offsetted_array_s_vary|2025-06-12T12:31:27|2025-06-12T16:39:56|04:08:29|u040
8778740_16.batch|batch|2025-06-12T12:31:27|2025-06-12T16:39:56|04:08:29|u040
8778740_16.extern|extern|2025-06-12T12:31:27|2025-06-12T16:39:56|04:08:29|u040
8778740_17|triple_offsetted_array_s_vary|2025-06-12T12:31:27|2025-06-12T16:11:48|03:40:21|u087
8778740_17.batch|batch|2025-06-12T12:31:27|2025-06-12T16:11:48|03:40:21|u087
8778740_17.extern|extern|2025-06-12T12:31:27|2025-06-12T16:11:48|03:40:21|u087
8778740_18|triple_offsetted_array_s_vary|2025-06-12T12:31:27|2025-06-12T16:44:45|04:13:18|u087
8778740_18.batch|batch|2025-06-12T12:31:27|2025-06-12T16:44:45|04:13:18|u087
8778740_18.extern|extern|2025-06-12T12:31:27|2025-06-12T16:44:45|04:13:18|u087
8778740_19|triple_offsetted_array_s_vary|2025-06-12T12:31:27|2025-06-12T19:19:14|06:47:47|u087
8778740_19.batch|batch|2025-06-12T12:31:27|2025-06-12T19:19:14|06:47:47|u087
8778740_19.extern|extern|2025-06-12T12:31:27|2025-06-12T19:19:15|06:47:48|u087
8778740_20|triple_offsetted_array_s_vary|2025-06-12T12:31:27|2025-06-12T16:09:00|03:37:33|u087
8778740_20.batch|batch|2025-06-12T12:31:27|2025-06-12T16:09:00|03:37:33|u087
8778740_20.extern|extern|2025-06-12T12:31:27|2025-06-12T16:09:01|03:37:34|u087
8778740_21|triple_offsetted_array_s_vary|2025-06-12T12:31:27|2025-06-12T16:00:18|03:28:51|u171
8778740_21.batch|batch|2025-06-12T12:31:27|2025-06-12T16:00:18|03:28:51|u171
8778740_21.extern|extern|2025-06-12T12:31:27|2025-06-12T16:00:18|03:28:51|u171
8778740_22|triple_offsetted_array_s_vary|2025-06-12T12:31:27|2025-06-12T16:08:41|03:37:14|u172
8778740_22.batch|batch|2025-06-12T12:31:27|2025-06-12T16:08:41|03:37:14|u172
8778740_22.extern|extern|2025-06-12T12:31:27|2025-06-12T16:08:41|03:37:14|u172
8778740_23|triple_offsetted_array_s_vary|2025-06-12T12:31:27|2025-06-12T16:02:01|03:30:34|u173
8778740_23.batch|batch|2025-06-12T12:31:27|2025-06-12T16:02:01|03:30:34|u173
8778740_23.extern|extern|2025-06-12T12:31:27|2025-06-12T16:02:01|03:30:34|u173
8778740_24|triple_offsetted_array_s_vary|2025-06-12T12:31:27|2025-06-12T14:57:17|02:25:50|u174
8778740_24.batch|batch|2025-06-12T12:31:27|2025-06-12T14:57:17|02:25:50|u174
8778740_24.extern|extern|2025-06-12T12:31:27|2025-06-12T14:57:17|02:25:50|u174
8778740_25|triple_offsetted_array_s_vary|2025-06-12T12:31:58|2025-06-12T15:03:22|02:31:24|u182
8778740_25.batch|batch|2025-06-12T12:31:58|2025-06-12T15:03:22|02:31:24|u182
8778740_25.extern|extern|2025-06-12T12:31:58|2025-06-12T15:03:22|02:31:24|u182
8778740_26|triple_offsetted_array_s_vary|2025-06-12T12:31:58|2025-06-12T16:24:01|03:52:03|u182
8778740_26.batch|batch|2025-06-12T12:31:58|2025-06-12T16:24:01|03:52:03|u182
8778740_26.extern|extern|2025-06-12T12:31:58|2025-06-12T16:24:01|03:52:03|u182
8778740_27|triple_offsetted_array_s_vary|2025-06-12T12:31:58|2025-06-12T15:07:43|02:35:45|u183
8778740_27.batch|batch|2025-06-12T12:31:58|2025-06-12T15:07:43|02:35:45|u183
8778740_27.extern|extern|2025-06-12T12:31:58|2025-06-12T15:07:43|02:35:45|u183
8778740_28|triple_offsetted_array_s_vary|2025-06-12T12:31:58|2025-06-12T15:08:38|02:36:40|u183
8778740_28.batch|batch|2025-06-12T12:31:58|2025-06-12T15:08:38|02:36:40|u183
8778740_28.extern|extern|2025-06-12T12:31:58|2025-06-12T15:08:38|02:36:40|u183
8778740_29|triple_offsetted_array_s_vary|2025-06-12T12:31:58|2025-06-12T16:12:17|03:40:19|u073
8778740_29.batch|batch|2025-06-12T12:31:58|2025-06-12T16:12:17|03:40:19|u073
8778740_29.extern|extern|2025-06-12T12:31:58|2025-06-12T16:12:17|03:40:19|u073
8778740_30|triple_offsetted_array_s_vary|2025-06-12T12:31:58|2025-06-12T16:32:10|04:00:12|u077
8778740_30.batch|batch|2025-06-12T12:31:58|2025-06-12T16:32:10|04:00:12|u077
8778740_30.extern|extern|2025-06-12T12:31:58|2025-06-12T16:32:10|04:00:12|u077
8778740_31|triple_offsetted_array_s_vary|2025-06-12T12:40:16|2025-06-12T16:58:36|04:18:20|u010
8778740_31.batch|batch|2025-06-12T12:40:16|2025-06-12T16:58:36|04:18:20|u010
8778740_31.extern|extern|2025-06-12T12:40:16|2025-06-12T16:58:36|04:18:20|u010
8778740_32|triple_offsetted_array_s_vary|2025-06-12T13:34:05|2025-06-12T17:21:36|03:47:31|u001
8778740_32.batch|batch|2025-06-12T13:34:05|2025-06-12T17:21:36|03:47:31|u001
8778740_32.extern|extern|2025-06-12T13:34:05|2025-06-12T17:21:36|03:47:31|u001
8778740_33|triple_offsetted_array_s_vary|2025-06-12T13:35:08|2025-06-12T17:25:27|03:50:19|u029
8778740_33.batch|batch|2025-06-12T13:35:08|2025-06-12T17:25:27|03:50:19|u029
8778740_33.extern|extern|2025-06-12T13:35:08|2025-06-12T17:25:27|03:50:19|u029
8778740_34|triple_offsetted_array_s_vary|2025-06-12T13:40:20|2025-06-12T17:23:23|03:43:03|u001
8778740_34.batch|batch|2025-06-12T13:40:20|2025-06-12T17:23:23|03:43:03|u001
8778740_34.extern|extern|2025-06-12T13:40:20|2025-06-12T17:23:23|03:43:03|u001
8778740_35|triple_offsetted_array_s_vary|2025-06-12T14:10:49|2025-06-12T17:46:15|03:35:26|u040
8778740_35.batch|batch|2025-06-12T14:10:49|2025-06-12T17:46:15|03:35:26|u040
8778740_35.extern|extern|2025-06-12T14:10:49|2025-06-12T17:46:15|03:35:26|u040
8778740_36|triple_offsetted_array_s_vary|2025-06-12T14:42:19|2025-06-12T18:45:04|04:02:45|u069
8778740_36.batch|batch|2025-06-12T14:42:19|2025-06-12T18:45:04|04:02:45|u069
8778740_36.extern|extern|2025-06-12T14:42:19|2025-06-12T18:45:04|04:02:45|u069
8778740_37|triple_offsetted_array_s_vary|2025-06-12T14:57:31|2025-06-12T18:49:47|03:52:16|u001
8778740_37.batch|batch|2025-06-12T14:57:31|2025-06-12T18:49:47|03:52:16|u001
8778740_37.extern|extern|2025-06-12T14:57:31|2025-06-12T18:49:47|03:52:16|u001
8778740_38|triple_offsetted_array_s_vary|2025-06-12T14:58:34|2025-06-12T18:48:42|03:50:08|u083
8778740_38.batch|batch|2025-06-12T14:58:34|2025-06-12T18:48:42|03:50:08|u083
8778740_38.extern|extern|2025-06-12T14:58:34|2025-06-12T18:48:42|03:50:08|u083
8778740_39|triple_offsetted_array_s_vary|2025-06-12T14:58:34|2025-06-12T18:25:19|03:26:45|u123
8778740_39.batch|batch|2025-06-12T14:58:34|2025-06-12T18:25:19|03:26:45|u123
8778740_39.extern|extern|2025-06-12T14:58:34|2025-06-12T18:25:19|03:26:45|u123
8781651_0|triple_offsetted_array_s_vary|2025-06-13T10:00:07|2025-06-13T13:47:02|03:46:55|u029
8781651_0.batch|batch|2025-06-13T10:00:07|2025-06-13T13:47:02|03:46:55|u029
8781651_0.extern|extern|2025-06-13T10:00:07|2025-06-13T13:47:02|03:46:55|u029
8781651_1|triple_offsetted_array_s_vary|2025-06-13T10:00:07|2025-06-13T13:49:09|03:49:02|u123
8781651_1.batch|batch|2025-06-13T10:00:07|2025-06-13T13:49:09|03:49:02|u123
8781651_1.extern|extern|2025-06-13T10:00:07|2025-06-13T13:49:09|03:49:02|u123
8781651_2|triple_offsetted_array_s_vary|2025-06-13T10:00:07|2025-06-13T13:52:08|03:52:01|u083
8781651_2.batch|batch|2025-06-13T10:00:07|2025-06-13T13:52:08|03:52:01|u083
8781651_2.extern|extern|2025-06-13T10:00:07|2025-06-13T13:52:08|03:52:01|u083
8781651_3|triple_offsetted_array_s_vary|2025-06-13T10:00:07|2025-06-13T14:01:09|04:01:02|u084
8781651_3.batch|batch|2025-06-13T10:00:07|2025-06-13T14:01:09|04:01:02|u084
8781651_3.extern|extern|2025-06-13T10:00:07|2025-06-13T14:01:09|04:01:02|u084
8781651_4|triple_offsetted_array_s_vary|2025-06-13T10:00:07|2025-06-13T14:42:42|04:42:35|u144
8781651_4.batch|batch|2025-06-13T10:00:07|2025-06-13T14:42:42|04:42:35|u144
8781651_4.extern|extern|2025-06-13T10:00:07|2025-06-13T14:42:42|04:42:35|u144
8781651_5|triple_offsetted_array_s_vary|2025-06-13T10:00:07|2025-06-13T14:37:22|04:37:15|u145
8781651_5.batch|batch|2025-06-13T10:00:07|2025-06-13T14:37:22|04:37:15|u145
8781651_5.extern|extern|2025-06-13T10:00:07|2025-06-13T14:37:22|04:37:15|u145
8781651_6|triple_offsetted_array_s_vary|2025-06-13T10:00:07|2025-06-13T12:35:47|02:35:40|u180
8781651_6.batch|batch|2025-06-13T10:00:07|2025-06-13T12:35:47|02:35:40|u180
8781651_6.extern|extern|2025-06-13T10:00:07|2025-06-13T12:35:47|02:35:40|u180
8781651_7|triple_offsetted_array_s_vary|2025-06-13T10:00:07|2025-06-13T12:27:41|02:27:34|u180
8781651_7.batch|batch|2025-06-13T10:00:07|2025-06-13T12:27:41|02:27:34|u180
8781651_7.extern|extern|2025-06-13T10:00:07|2025-06-13T12:27:41|02:27:34|u180
8781651_8|triple_offsetted_array_s_vary|2025-06-13T10:00:07|2025-06-13T14:05:47|04:05:40|u182
8781651_8.batch|batch|2025-06-13T10:00:07|2025-06-13T14:05:47|04:05:40|u182
8781651_8.extern|extern|2025-06-13T10:00:07|2025-06-13T14:05:47|04:05:40|u182
8781651_9|triple_offsetted_array_s_vary|2025-06-13T10:00:07|2025-06-13T12:38:33|02:38:26|u183
8781651_9.batch|batch|2025-06-13T10:00:07|2025-06-13T12:38:33|02:38:26|u183
8781651_9.extern|extern|2025-06-13T10:00:07|2025-06-13T12:38:33|02:38:26|u183
8781651_10|triple_offsetted_array_s_vary|2025-06-13T10:00:07|2025-06-13T12:36:49|02:36:42|u183
8781651_10.batch|batch|2025-06-13T10:00:07|2025-06-13T12:36:49|02:36:42|u183
8781651_10.extern|extern|2025-06-13T10:00:07|2025-06-13T12:36:49|02:36:42|u183
8781651_11|triple_offsetted_array_s_vary|2025-06-13T10:00:07|2025-06-13T14:18:24|04:18:17|u010
8781651_11.batch|batch|2025-06-13T10:00:07|2025-06-13T14:18:24|04:18:17|u010
8781651_11.extern|extern|2025-06-13T10:00:07|2025-06-13T14:18:24|04:18:17|u010
8781651_12|triple_offsetted_array_s_vary|2025-06-13T10:00:07|2025-06-13T14:14:57|04:14:50|u010
8781651_12.batch|batch|2025-06-13T10:00:07|2025-06-13T14:14:57|04:14:50|u010
8781651_12.extern|extern|2025-06-13T10:00:07|2025-06-13T14:14:57|04:14:50|u010
8781651_13|triple_offsetted_array_s_vary|2025-06-13T10:00:07|2025-06-13T14:14:23|04:14:16|u010
8781651_13.batch|batch|2025-06-13T10:00:07|2025-06-13T14:14:23|04:14:16|u010
8781651_13.extern|extern|2025-06-13T10:00:07|2025-06-13T14:14:23|04:14:16|u010
8781651_14|triple_offsetted_array_s_vary|2025-06-13T10:00:07|2025-06-13T14:18:41|04:18:34|u010
8781651_14.batch|batch|2025-06-13T10:00:07|2025-06-13T14:18:41|04:18:34|u010
8781651_14.extern|extern|2025-06-13T10:00:07|2025-06-13T14:18:41|04:18:34|u010
8781651_15|triple_offsetted_array_s_vary|2025-06-13T10:00:07|2025-06-13T13:44:25|03:44:18|u038
8781651_15.batch|batch|2025-06-13T10:00:07|2025-06-13T13:44:25|03:44:18|u038
8781651_15.extern|extern|2025-06-13T10:00:07|2025-06-13T13:44:25|03:44:18|u038
8781651_16|triple_offsetted_array_s_vary|2025-06-13T10:00:07|2025-06-13T13:44:16|03:44:09|u038
8781651_16.batch|batch|2025-06-13T10:00:07|2025-06-13T13:44:16|03:44:09|u038
8781651_16.extern|extern|2025-06-13T10:00:07|2025-06-13T13:44:16|03:44:09|u038
8781651_17|triple_offsetted_array_s_vary|2025-06-13T10:00:07|2025-06-13T14:28:43|04:28:36|u038
8781651_17.batch|batch|2025-06-13T10:00:07|2025-06-13T14:28:43|04:28:36|u038
8781651_17.extern|extern|2025-06-13T10:00:07|2025-06-13T14:28:43|04:28:36|u038
8781651_18|triple_offsetted_array_s_vary|2025-06-13T10:00:07|2025-06-13T14:15:19|04:15:12|u038
8781651_18.batch|batch|2025-06-13T10:00:07|2025-06-13T14:15:19|04:15:12|u038
8781651_18.extern|extern|2025-06-13T10:00:07|2025-06-13T14:15:19|04:15:12|u038
8781651_19|triple_offsetted_array_s_vary|2025-06-13T10:00:07|2025-06-13T13:38:17|03:38:10|u087
8781651_19.batch|batch|2025-06-13T10:00:07|2025-06-13T13:38:17|03:38:10|u087
8781651_19.extern|extern|2025-06-13T10:00:07|2025-06-13T13:38:17|03:38:10|u087
8781651_20|triple_offsetted_array_s_vary|2025-06-13T10:00:07|2025-06-13T14:12:10|04:12:03|u087
8781651_20.batch|batch|2025-06-13T10:00:07|2025-06-13T14:12:10|04:12:03|u087
8781651_20.extern|extern|2025-06-13T10:00:07|2025-06-13T14:12:10|04:12:03|u087
8781651_21|triple_offsetted_array_s_vary|2025-06-13T10:00:07|2025-06-13T16:00:17|06:00:10|u087
8781651_21.batch|batch|2025-06-13T10:00:07|2025-06-13T16:00:17|06:00:10|u087
8781651_21.extern|extern|2025-06-13T10:00:07|2025-06-13T16:00:17|06:00:10|u087
8781651_22|triple_offsetted_array_s_vary|2025-06-13T10:00:08|2025-06-13T13:38:27|03:38:19|u087
8781651_22.batch|batch|2025-06-13T10:00:08|2025-06-13T13:38:27|03:38:19|u087
8781651_22.extern|extern|2025-06-13T10:00:08|2025-06-13T13:38:27|03:38:19|u087
8781651_23|triple_offsetted_array_s_vary|2025-06-13T10:00:08|2025-06-13T13:35:35|03:35:27|u034
8781651_23.batch|batch|2025-06-13T10:00:08|2025-06-13T13:35:35|03:35:27|u034
8781651_23.extern|extern|2025-06-13T10:00:08|2025-06-13T13:35:35|03:35:27|u034
8781651_24|triple_offsetted_array_s_vary|2025-06-13T10:00:08|2025-06-13T13:29:42|03:29:34|u032
8781651_24.batch|batch|2025-06-13T10:00:08|2025-06-13T13:29:42|03:29:34|u032
8781651_24.extern|extern|2025-06-13T10:00:08|2025-06-13T13:29:42|03:29:34|u032
8781651_25|triple_offsetted_array_s_vary|2025-06-13T10:00:42|2025-06-13T13:30:03|03:29:21|u032
8781651_25.batch|batch|2025-06-13T10:00:42|2025-06-13T13:30:03|03:29:21|u032
8781651_25.extern|extern|2025-06-13T10:00:42|2025-06-13T13:30:03|03:29:21|u032
8781651_26|triple_offsetted_array_s_vary|2025-06-13T10:00:42|2025-06-13T13:32:06|03:31:24|u033
8781651_26.batch|batch|2025-06-13T10:00:42|2025-06-13T13:32:06|03:31:24|u033
8781651_26.extern|extern|2025-06-13T10:00:42|2025-06-13T13:32:06|03:31:24|u033
8781651_27|triple_offsetted_array_s_vary|2025-06-13T10:00:42|2025-06-13T13:29:10|03:28:28|u033
8781651_27.batch|batch|2025-06-13T10:00:42|2025-06-13T13:29:10|03:28:28|u033
8781651_27.extern|extern|2025-06-13T10:00:42|2025-06-13T13:29:10|03:28:28|u033
8781651_28|triple_offsetted_array_s_vary|2025-06-13T10:00:42|2025-06-13T13:40:12|03:39:30|u071
8781651_28.batch|batch|2025-06-13T10:00:42|2025-06-13T13:40:12|03:39:30|u071
8781651_28.extern|extern|2025-06-13T10:00:42|2025-06-13T13:40:12|03:39:30|u071
8781651_29|triple_offsetted_array_s_vary|2025-06-13T10:00:42|2025-06-13T13:40:40|03:39:58|u071
8781651_29.batch|batch|2025-06-13T10:00:42|2025-06-13T13:40:40|03:39:58|u071
8781651_29.extern|extern|2025-06-13T10:00:42|2025-06-13T13:40:40|03:39:58|u071
8781651_30|triple_offsetted_array_s_vary|2025-06-13T10:00:42|2025-06-13T13:36:21|03:35:39|u071
8781651_30.batch|batch|2025-06-13T10:00:42|2025-06-13T13:36:21|03:35:39|u071
8781651_30.extern|extern|2025-06-13T10:00:42|2025-06-13T13:36:21|03:35:39|u071
8781651_31|triple_offsetted_array_s_vary|2025-06-13T10:00:42|2025-06-13T13:29:27|03:28:45|u071
8781651_31.batch|batch|2025-06-13T10:00:42|2025-06-13T13:29:27|03:28:45|u071
8781651_31.extern|extern|2025-06-13T10:00:42|2025-06-13T13:29:27|03:28:45|u071
8781651_32|triple_offsetted_array_s_vary|2025-06-13T10:00:42|2025-06-13T13:27:08|03:26:26|u071
8781651_32.batch|batch|2025-06-13T10:00:42|2025-06-13T13:27:08|03:26:26|u071
8781651_32.extern|extern|2025-06-13T10:00:42|2025-06-13T13:27:08|03:26:26|u071
8781651_33|triple_offsetted_array_s_vary|2025-06-13T10:00:42|2025-06-13T12:45:14|02:44:32|u167
8781651_33.batch|batch|2025-06-13T10:00:42|2025-06-13T12:45:14|02:44:32|u167
8781651_33.extern|extern|2025-06-13T10:00:42|2025-06-13T12:45:14|02:44:32|u167
8781651_34|triple_offsetted_array_s_vary|2025-06-13T10:00:42|2025-06-13T12:44:25|02:43:43|u167
8781651_34.batch|batch|2025-06-13T10:00:42|2025-06-13T12:44:25|02:43:43|u167
8781651_34.extern|extern|2025-06-13T10:00:42|2025-06-13T12:44:25|02:43:43|u167
8781651_35|triple_offsetted_array_s_vary|2025-06-13T10:00:42|2025-06-13T12:44:23|02:43:41|u167
8781651_35.batch|batch|2025-06-13T10:00:42|2025-06-13T12:44:23|02:43:41|u167
8781651_35.extern|extern|2025-06-13T10:00:42|2025-06-13T12:44:23|02:43:41|u167
8781651_36|triple_offsetted_array_s_vary|2025-06-13T10:00:42|2025-06-13T12:46:24|02:45:42|u168
8781651_36.batch|batch|2025-06-13T10:00:42|2025-06-13T12:46:24|02:45:42|u168
8781651_36.extern|extern|2025-06-13T10:00:42|2025-06-13T12:46:24|02:45:42|u168
8781651_37|triple_offsetted_array_s_vary|2025-06-13T10:00:42|2025-06-13T12:46:32|02:45:50|u168
8781651_37.batch|batch|2025-06-13T10:00:42|2025-06-13T12:46:32|02:45:50|u168
8781651_37.extern|extern|2025-06-13T10:00:42|2025-06-13T12:46:32|02:45:50|u168
8781651_38|triple_offsetted_array_s_vary|2025-06-13T10:00:42|2025-06-13T12:46:25|02:45:43|u168
8781651_38.batch|batch|2025-06-13T10:00:42|2025-06-13T12:46:25|02:45:43|u168
8781651_38.extern|extern|2025-06-13T10:00:42|2025-06-13T12:46:25|02:45:43|u168
8781651_39|triple_offsetted_array_s_vary|2025-06-13T10:00:42|2025-06-13T12:43:41|02:42:59|u168
8781651_39.batch|batch|2025-06-13T10:00:42|2025-06-13T12:43:41|02:42:59|u168
8781651_39.extern|extern|2025-06-13T10:00:42|2025-06-13T12:43:41|02:42:59|u168
8781897_0|triple_lens_binoffset_array_2|2025-06-13T16:14:23|2025-06-13T20:10:18|03:55:55|u001
8781897_0.batch|batch|2025-06-13T16:14:23|2025-06-13T20:10:18|03:55:55|u001
8781897_0.extern|extern|2025-06-13T16:14:23|2025-06-13T20:10:18|03:55:55|u001
8781897_1|triple_lens_binoffset_array_2|2025-06-13T16:14:23|2025-06-13T20:19:40|04:05:17|u009
8781897_1.batch|batch|2025-06-13T16:14:23|2025-06-13T20:19:40|04:05:17|u009
8781897_1.extern|extern|2025-06-13T16:14:23|2025-06-13T20:19:40|04:05:17|u009
8781897_2|triple_lens_binoffset_array_2|2025-06-13T16:14:23|2025-06-13T20:23:30|04:09:07|u011
8781897_2.batch|batch|2025-06-13T16:14:23|2025-06-13T20:23:30|04:09:07|u011
8781897_2.extern|extern|2025-06-13T16:14:23|2025-06-13T20:23:30|04:09:07|u011
8781897_3|triple_lens_binoffset_array_2|2025-06-13T16:14:23|2025-06-13T21:07:24|04:53:01|u069
8781897_3.batch|batch|2025-06-13T16:14:23|2025-06-13T21:07:24|04:53:01|u069
8781897_3.extern|extern|2025-06-13T16:14:23|2025-06-13T21:07:24|04:53:01|u069
8781897_4|triple_lens_binoffset_array_2|2025-06-13T16:14:23|2025-06-13T20:07:36|03:53:13|u071
8781897_4.batch|batch|2025-06-13T16:14:23|2025-06-13T20:07:36|03:53:13|u071
8781897_4.extern|extern|2025-06-13T16:14:23|2025-06-13T20:07:36|03:53:13|u071
8781912_0|triple_lens_binoffset_array_3|2025-06-13T16:48:05|2025-06-13T21:08:05|04:20:00|u029
8781912_0.batch|batch|2025-06-13T16:48:05|2025-06-13T21:08:05|04:20:00|u029
8781912_0.extern|extern|2025-06-13T16:48:05|2025-06-13T21:08:05|04:20:00|u029
8781912_1|triple_lens_binoffset_array_3|2025-06-13T16:48:05|2025-06-13T21:09:05|04:21:00|u029
8781912_1.batch|batch|2025-06-13T16:48:05|2025-06-13T21:09:05|04:21:00|u029
8781912_1.extern|extern|2025-06-13T16:48:05|2025-06-13T21:09:05|04:21:00|u029
8781912_2|triple_lens_binoffset_array_3|2025-06-13T16:48:05|2025-06-13T21:18:05|04:30:00|u095
8781912_2.batch|batch|2025-06-13T16:48:05|2025-06-13T21:18:05|04:30:00|u095
8781912_2.extern|extern|2025-06-13T16:48:05|2025-06-13T21:18:05|04:30:00|u095
8781912_3|triple_lens_binoffset_array_3|2025-06-13T16:48:05|2025-06-13T21:18:09|04:30:04|u095
8781912_3.batch|batch|2025-06-13T16:48:05|2025-06-13T21:18:09|04:30:04|u095
8781912_3.extern|extern|2025-06-13T16:48:05|2025-06-13T21:18:09|04:30:04|u095
8781912_4|triple_lens_binoffset_array_3|2025-06-13T16:48:05|2025-06-13T19:19:52|02:31:47|u169
8781912_4.batch|batch|2025-06-13T16:48:05|2025-06-13T19:19:52|02:31:47|u169
8781912_4.extern|extern|2025-06-13T16:48:05|2025-06-13T19:19:52|02:31:47|u169
8788123_0|triple_offsetted_array_s_vary_2|2025-06-16T12:33:52|2025-06-16T15:28:32|02:54:40|u177
8788123_0.batch|batch|2025-06-16T12:33:52|2025-06-16T15:28:32|02:54:40|u177
8788123_0.extern|extern|2025-06-16T12:33:52|2025-06-16T15:28:32|02:54:40|u177
8788123_1|triple_offsetted_array_s_vary_2|2025-06-16T12:33:52|2025-06-16T15:28:23|02:54:31|u177
8788123_1.batch|batch|2025-06-16T12:33:52|2025-06-16T15:28:23|02:54:31|u177
8788123_1.extern|extern|2025-06-16T12:33:52|2025-06-16T15:28:23|02:54:31|u177
8788123_2|triple_offsetted_array_s_vary_2|2025-06-16T12:33:52|2025-06-16T15:28:05|02:54:13|u177
8788123_2.batch|batch|2025-06-16T12:33:52|2025-06-16T15:28:05|02:54:13|u177
8788123_2.extern|extern|2025-06-16T12:33:52|2025-06-16T15:28:05|02:54:13|u177
8788123_3|triple_offsetted_array_s_vary_2|2025-06-16T12:33:52|2025-06-16T15:21:06|02:47:14|u175
8788123_3.batch|batch|2025-06-16T12:33:52|2025-06-16T15:21:06|02:47:14|u175
8788123_3.extern|extern|2025-06-16T12:33:52|2025-06-16T15:21:06|02:47:14|u175
8788123_4|triple_offsetted_array_s_vary_2|2025-06-16T12:33:52|2025-06-16T15:27:11|02:53:19|u175
8788123_4.batch|batch|2025-06-16T12:33:52|2025-06-16T15:27:11|02:53:19|u175
8788123_4.extern|extern|2025-06-16T12:33:52|2025-06-16T15:27:11|02:53:19|u175
8788123_5|triple_offsetted_array_s_vary_2|2025-06-16T12:33:52|2025-06-16T15:27:17|02:53:25|u175
8788123_5.batch|batch|2025-06-16T12:33:52|2025-06-16T15:27:17|02:53:25|u175
8788123_5.extern|extern|2025-06-16T12:33:52|2025-06-16T15:27:17|02:53:25|u175
8788123_6|triple_offsetted_array_s_vary_2|2025-06-16T12:33:52|2025-06-16T16:05:37|03:31:45|u138
8788123_6.batch|batch|2025-06-16T12:33:52|2025-06-16T16:05:37|03:31:45|u138
8788123_6.extern|extern|2025-06-16T12:33:52|2025-06-16T16:05:37|03:31:45|u138
8788123_7|triple_offsetted_array_s_vary_2|2025-06-16T12:33:52|2025-06-16T16:06:46|03:32:54|u137
8788123_7.batch|batch|2025-06-16T12:33:52|2025-06-16T16:06:46|03:32:54|u137
8788123_7.extern|extern|2025-06-16T12:33:52|2025-06-16T16:06:46|03:32:54|u137
8788123_8|triple_offsetted_array_s_vary_2|2025-06-16T12:33:52|2025-06-16T16:34:12|04:00:20|u134
8788123_8.batch|batch|2025-06-16T12:33:52|2025-06-16T16:34:12|04:00:20|u134
8788123_8.extern|extern|2025-06-16T12:33:52|2025-06-16T16:34:12|04:00:20|u134
8788123_9|triple_offsetted_array_s_vary_2|2025-06-16T12:33:52|2025-06-16T16:34:23|04:00:31|u134
8788123_9.batch|batch|2025-06-16T12:33:52|2025-06-16T16:34:23|04:00:31|u134
8788123_9.extern|extern|2025-06-16T12:33:52|2025-06-16T16:34:23|04:00:31|u134
8788123_10|triple_offsetted_array_s_vary_2|2025-06-16T12:33:52|2025-06-16T16:35:35|04:01:43|u134
8788123_10.batch|batch|2025-06-16T12:33:52|2025-06-16T16:35:35|04:01:43|u134
8788123_10.extern|extern|2025-06-16T12:33:52|2025-06-16T16:35:35|04:01:43|u134
8788123_11|triple_offsetted_array_s_vary_2|2025-06-16T12:33:52|2025-06-16T16:38:10|04:04:18|u134
8788123_11.batch|batch|2025-06-16T12:33:52|2025-06-16T16:38:10|04:04:18|u134
8788123_11.extern|extern|2025-06-16T12:33:52|2025-06-16T16:38:10|04:04:18|u134
8788123_12|triple_offsetted_array_s_vary_2|2025-06-16T12:33:52|2025-06-16T16:31:58|03:58:06|u134
8788123_12.batch|batch|2025-06-16T12:33:52|2025-06-16T16:31:58|03:58:06|u134
8788123_12.extern|extern|2025-06-16T12:33:52|2025-06-16T16:31:58|03:58:06|u134
8788123_13|triple_offsetted_array_s_vary_2|2025-06-16T12:33:52|2025-06-16T16:32:07|03:58:15|u134
8788123_13.batch|batch|2025-06-16T12:33:52|2025-06-16T16:32:07|03:58:15|u134
8788123_13.extern|extern|2025-06-16T12:33:52|2025-06-16T16:32:07|03:58:15|u134
8788123_14|triple_offsetted_array_s_vary_2|2025-06-16T12:33:52|2025-06-16T16:35:04|04:01:12|u134
8788123_14.batch|batch|2025-06-16T12:33:52|2025-06-16T16:35:04|04:01:12|u134
8788123_14.extern|extern|2025-06-16T12:33:52|2025-06-16T16:35:04|04:01:12|u134
8788123_15|triple_offsetted_array_s_vary_2|2025-06-16T12:33:52|2025-06-16T16:34:56|04:01:04|u134
8788123_15.batch|batch|2025-06-16T12:33:52|2025-06-16T16:34:56|04:01:04|u134
8788123_15.extern|extern|2025-06-16T12:33:52|2025-06-16T16:34:56|04:01:04|u134
8788123_16|triple_offsetted_array_s_vary_2|2025-06-16T12:33:52|2025-06-16T17:56:49|05:22:57|u129
8788123_16.batch|batch|2025-06-16T12:33:52|2025-06-16T17:56:49|05:22:57|u129
8788123_16.extern|extern|2025-06-16T12:33:52|2025-06-16T17:56:49|05:22:57|u129
8788123_17|triple_offsetted_array_s_vary_2|2025-06-16T12:33:52|2025-06-16T17:55:13|05:21:21|u129
8788123_17.batch|batch|2025-06-16T12:33:52|2025-06-16T17:55:13|05:21:21|u129
8788123_17.extern|extern|2025-06-16T12:33:52|2025-06-16T17:55:13|05:21:21|u129
8788123_18|triple_offsetted_array_s_vary_2|2025-06-16T12:33:52|2025-06-16T17:56:46|05:22:54|u129
8788123_18.batch|batch|2025-06-16T12:33:52|2025-06-16T17:56:46|05:22:54|u129
8788123_18.extern|extern|2025-06-16T12:33:52|2025-06-16T17:56:46|05:22:54|u129
8788123_19|triple_offsetted_array_s_vary_2|2025-06-16T12:33:52|2025-06-16T17:56:31|05:22:39|u129
8788123_19.batch|batch|2025-06-16T12:33:52|2025-06-16T17:56:31|05:22:39|u129
8788123_19.extern|extern|2025-06-16T12:33:52|2025-06-16T17:56:31|05:22:39|u129
8788123_20|triple_offsetted_array_s_vary_2|2025-06-16T12:33:52|2025-06-16T17:56:46|05:22:54|u129
8788123_20.batch|batch|2025-06-16T12:33:52|2025-06-16T17:56:46|05:22:54|u129
8788123_20.extern|extern|2025-06-16T12:33:52|2025-06-16T17:56:46|05:22:54|u129
8788123_21|triple_offsetted_array_s_vary_2|2025-06-16T12:33:52|2025-06-16T17:57:06|05:23:14|u129
8788123_21.batch|batch|2025-06-16T12:33:52|2025-06-16T17:57:06|05:23:14|u129
8788123_21.extern|extern|2025-06-16T12:33:52|2025-06-16T17:57:06|05:23:14|u129
8788123_22|triple_offsetted_array_s_vary_2|2025-06-16T12:33:52|2025-06-16T21:32:51|08:58:59|u129
8788123_22.batch|batch|2025-06-16T12:33:52|2025-06-16T21:32:51|08:58:59|u129
8788123_22.extern|extern|2025-06-16T12:33:52|2025-06-16T21:32:51|08:58:59|u129
8788123_23|triple_offsetted_array_s_vary_2|2025-06-16T12:33:52|2025-06-16T21:31:26|08:57:34|u129
8788123_23.batch|batch|2025-06-16T12:33:52|2025-06-16T21:31:26|08:57:34|u129
8788123_23.extern|extern|2025-06-16T12:33:52|2025-06-16T21:31:26|08:57:34|u129
8788123_24|triple_offsetted_array_s_vary_2|2025-06-16T12:33:52|2025-06-16T21:33:07|08:59:15|u129
8788123_24.batch|batch|2025-06-16T12:33:52|2025-06-16T21:33:07|08:59:15|u129
8788123_24.extern|extern|2025-06-16T12:33:52|2025-06-16T21:33:07|08:59:15|u129
8788123_25|triple_offsetted_array_s_vary_2|2025-06-16T12:34:23|2025-06-16T21:33:24|08:59:01|u129
8788123_25.batch|batch|2025-06-16T12:34:23|2025-06-16T21:33:24|08:59:01|u129
8788123_25.extern|extern|2025-06-16T12:34:23|2025-06-16T21:33:24|08:59:01|u129
8788123_26|triple_offsetted_array_s_vary_2|2025-06-16T12:34:23|2025-06-16T21:31:07|08:56:44|u129
8788123_26.batch|batch|2025-06-16T12:34:23|2025-06-16T21:31:07|08:56:44|u129
8788123_26.extern|extern|2025-06-16T12:34:23|2025-06-16T21:31:07|08:56:44|u129
8788123_27|triple_offsetted_array_s_vary_2|2025-06-16T12:34:23|2025-06-16T21:33:03|08:58:40|u129
8788123_27.batch|batch|2025-06-16T12:34:23|2025-06-16T21:33:03|08:58:40|u129
8788123_27.extern|extern|2025-06-16T12:34:23|2025-06-16T21:33:03|08:58:40|u129
8788123_28|triple_offsetted_array_s_vary_2|2025-06-16T12:34:23|2025-06-16T21:33:21|08:58:58|u129
8788123_28.batch|batch|2025-06-16T12:34:23|2025-06-16T21:33:21|08:58:58|u129
8788123_28.extern|extern|2025-06-16T12:34:23|2025-06-16T21:33:21|08:58:58|u129
8788123_29|triple_offsetted_array_s_vary_2|2025-06-16T12:34:23|2025-06-16T21:33:31|08:59:08|u129
8788123_29.batch|batch|2025-06-16T12:34:23|2025-06-16T21:33:31|08:59:08|u129
8788123_29.extern|extern|2025-06-16T12:34:23|2025-06-16T21:33:31|08:59:08|u129
8788123_30|triple_offsetted_array_s_vary_2|2025-06-16T12:34:23|2025-06-16T21:33:19|08:58:56|u129
8788123_30.batch|batch|2025-06-16T12:34:23|2025-06-16T21:33:19|08:58:56|u129
8788123_30.extern|extern|2025-06-16T12:34:23|2025-06-16T21:33:19|08:58:56|u129
8788123_31|triple_offsetted_array_s_vary_2|2025-06-16T12:34:23|2025-06-16T21:32:45|08:58:22|u129
8788123_31.batch|batch|2025-06-16T12:34:23|2025-06-16T21:32:45|08:58:22|u129
8788123_31.extern|extern|2025-06-16T12:34:23|2025-06-16T21:32:45|08:58:22|u129
8788123_32|triple_offsetted_array_s_vary_2|2025-06-16T12:34:23|2025-06-16T21:32:46|08:58:23|u129
8788123_32.batch|batch|2025-06-16T12:34:23|2025-06-16T21:32:46|08:58:23|u129
8788123_32.extern|extern|2025-06-16T12:34:23|2025-06-16T21:32:46|08:58:23|u129
8788123_33|triple_offsetted_array_s_vary_2|2025-06-16T12:34:23|2025-06-16T21:33:19|08:58:56|u129
8788123_33.batch|batch|2025-06-16T12:34:23|2025-06-16T21:33:19|08:58:56|u129
8788123_33.extern|extern|2025-06-16T12:34:23|2025-06-16T21:33:19|08:58:56|u129
8788123_34|triple_offsetted_array_s_vary_2|2025-06-16T12:34:23|2025-06-16T17:31:20|04:56:57|u128
8788123_34.batch|batch|2025-06-16T12:34:23|2025-06-16T17:31:20|04:56:57|u128
8788123_34.extern|extern|2025-06-16T12:34:23|2025-06-16T17:31:20|04:56:57|u128
8788123_35|triple_offsetted_array_s_vary_2|2025-06-16T12:34:23|2025-06-16T17:31:28|04:57:05|u128
8788123_35.batch|batch|2025-06-16T12:34:23|2025-06-16T17:31:28|04:57:05|u128
8788123_35.extern|extern|2025-06-16T12:34:23|2025-06-16T17:31:28|04:57:05|u128
8788123_36|triple_offsetted_array_s_vary_2|2025-06-16T12:34:23|2025-06-16T17:31:12|04:56:49|u128
8788123_36.batch|batch|2025-06-16T12:34:23|2025-06-16T17:31:12|04:56:49|u128
8788123_36.extern|extern|2025-06-16T12:34:23|2025-06-16T17:31:12|04:56:49|u128
8788123_37|triple_offsetted_array_s_vary_2|2025-06-16T12:34:23|2025-06-16T17:31:23|04:57:00|u128
8788123_37.batch|batch|2025-06-16T12:34:23|2025-06-16T17:31:23|04:57:00|u128
8788123_37.extern|extern|2025-06-16T12:34:23|2025-06-16T17:31:23|04:57:00|u128
8788123_38|triple_offsetted_array_s_vary_2|2025-06-16T12:34:23|2025-06-16T17:31:22|04:56:59|u128
8788123_38.batch|batch|2025-06-16T12:34:23|2025-06-16T17:31:22|04:56:59|u128
8788123_38.extern|extern|2025-06-16T12:34:23|2025-06-16T17:31:22|04:56:59|u128
8788123_39|triple_offsetted_array_s_vary_2|2025-06-16T12:34:23|2025-06-16T17:31:17|04:56:54|u128
8788123_39.batch|batch|2025-06-16T12:34:23|2025-06-16T17:31:17|04:56:54|u128
8788123_39.extern|extern|2025-06-16T12:34:23|2025-06-16T17:31:17|04:56:54|u128
8788123_40|triple_offsetted_array_s_vary_2|2025-06-16T15:21:26|2025-06-16T18:04:04|02:42:38|u176
8788123_40.batch|batch|2025-06-16T15:21:26|2025-06-16T18:04:04|02:42:38|u176
8788123_40.extern|extern|2025-06-16T15:21:26|2025-06-16T18:04:04|02:42:38|u176
8788123_41|triple_offsetted_array_s_vary_2|2025-06-16T15:27:36|2025-06-16T18:40:42|03:13:06|u182
8788123_41.batch|batch|2025-06-16T15:27:36|2025-06-16T18:40:42|03:13:06|u182
8788123_41.extern|extern|2025-06-16T15:27:36|2025-06-16T18:40:42|03:13:06|u182
8788123_42|triple_offsetted_array_s_vary_2|2025-06-16T15:27:36|2025-06-16T18:35:19|03:07:43|u182
8788123_42.batch|batch|2025-06-16T15:27:36|2025-06-16T18:35:19|03:07:43|u182
8788123_42.extern|extern|2025-06-16T15:27:36|2025-06-16T18:35:19|03:07:43|u182
8788123_43|triple_offsetted_array_s_vary_2|2025-06-16T15:28:07|2025-06-16T18:09:49|02:41:42|u182
8788123_43.batch|batch|2025-06-16T15:28:07|2025-06-16T18:09:49|02:41:42|u182
8788123_43.extern|extern|2025-06-16T15:28:07|2025-06-16T18:09:49|02:41:42|u182
8788123_44|triple_offsetted_array_s_vary_2|2025-06-16T15:28:38|2025-06-16T18:19:48|02:51:10|u177
8788123_44.batch|batch|2025-06-16T15:28:38|2025-06-16T18:19:48|02:51:10|u177
8788123_44.extern|extern|2025-06-16T15:28:38|2025-06-16T18:19:48|02:51:10|u177
8788123_45|triple_offsetted_array_s_vary_2|2025-06-16T15:28:38|2025-06-16T18:19:30|02:50:52|u177
8788123_45.batch|batch|2025-06-16T15:28:38|2025-06-16T18:19:30|02:50:52|u177
8788123_45.extern|extern|2025-06-16T15:28:38|2025-06-16T18:19:30|02:50:52|u177
8788123_46|triple_offsetted_array_s_vary_2|2025-06-16T16:05:40|2025-06-16T19:17:38|03:11:58|u182
8788123_46.batch|batch|2025-06-16T16:05:40|2025-06-16T19:17:38|03:11:58|u182
8788123_46.extern|extern|2025-06-16T16:05:40|2025-06-16T19:17:38|03:11:58|u182
8788123_47|triple_offsetted_array_s_vary_2|2025-06-16T16:07:13|2025-06-16T19:18:20|03:11:07|u182
8788123_47.batch|batch|2025-06-16T16:07:13|2025-06-16T19:18:20|03:11:07|u182
8788123_47.extern|extern|2025-06-16T16:07:13|2025-06-16T19:18:20|03:11:07|u182
8788123_48|triple_offsetted_array_s_vary_2|2025-06-16T16:32:02|2025-06-16T19:40:26|03:08:24|u182
8788123_48.batch|batch|2025-06-16T16:32:02|2025-06-16T19:40:26|03:08:24|u182
8788123_48.extern|extern|2025-06-16T16:32:02|2025-06-16T19:40:26|03:08:24|u182
8788123_49|triple_offsetted_array_s_vary_2|2025-06-16T16:32:33|2025-06-16T19:40:53|03:08:20|u182
8788123_49.batch|batch|2025-06-16T16:32:33|2025-06-16T19:40:53|03:08:20|u182
8788123_49.extern|extern|2025-06-16T16:32:33|2025-06-16T19:40:53|03:08:20|u182
8789013_0|triple_lens_cm_array_2|2025-06-16T17:11:45|2025-06-16T20:16:45|03:05:00|u182
8789013_0.batch|batch|2025-06-16T17:11:45|2025-06-16T20:16:45|03:05:00|u182
8789013_0.extern|extern|2025-06-16T17:11:45|2025-06-16T20:16:45|03:05:00|u182
8789013_1|triple_lens_cm_array_2|2025-06-16T17:11:45|2025-06-16T20:17:04|03:05:19|u182
8789013_1.batch|batch|2025-06-16T17:11:45|2025-06-16T20:17:04|03:05:19|u182
8789013_1.extern|extern|2025-06-16T17:11:45|2025-06-16T20:17:04|03:05:19|u182
8789013_2|triple_lens_cm_array_2|2025-06-16T17:11:45|2025-06-16T20:00:11|02:48:26|u177
8789013_2.batch|batch|2025-06-16T17:11:45|2025-06-16T20:00:11|02:48:26|u177
8789013_2.extern|extern|2025-06-16T17:11:45|2025-06-16T20:00:11|02:48:26|u177
8789013_3|triple_lens_cm_array_2|2025-06-16T17:11:45|2025-06-16T19:56:12|02:44:27|u175
8789013_3.batch|batch|2025-06-16T17:11:45|2025-06-16T19:56:12|02:44:27|u175
8789013_3.extern|extern|2025-06-16T17:11:45|2025-06-16T19:56:12|02:44:27|u175
8789013_4|triple_lens_cm_array_2|2025-06-16T17:11:45|2025-06-16T20:03:40|02:51:55|u175
8789013_4.batch|batch|2025-06-16T17:11:45|2025-06-16T20:03:40|02:51:55|u175
8789013_4.extern|extern|2025-06-16T17:11:45|2025-06-16T20:03:40|02:51:55|u175
8789013_5|triple_lens_cm_array_2|2025-06-16T17:11:45|2025-06-16T20:03:41|02:51:56|u175
8789013_5.batch|batch|2025-06-16T17:11:45|2025-06-16T20:03:41|02:51:56|u175
8789013_5.extern|extern|2025-06-16T17:11:45|2025-06-16T20:03:41|02:51:56|u175
8789013_6|triple_lens_cm_array_2|2025-06-16T17:31:17|2025-06-16T20:29:57|02:58:40|u167
8789013_6.batch|batch|2025-06-16T17:31:17|2025-06-16T20:29:57|02:58:40|u167
8789013_6.extern|extern|2025-06-16T17:31:17|2025-06-16T20:29:57|02:58:40|u167
8789013_7|triple_lens_cm_array_2|2025-06-16T17:31:48|2025-06-16T20:29:41|02:57:53|u167
8789013_7.batch|batch|2025-06-16T17:31:48|2025-06-16T20:29:41|02:57:53|u167
8789013_7.extern|extern|2025-06-16T17:31:48|2025-06-16T20:29:41|02:57:53|u167
8789013_8|triple_lens_cm_array_2|2025-06-16T17:31:48|2025-06-16T20:27:41|02:55:53|u167
8789013_8.batch|batch|2025-06-16T17:31:48|2025-06-16T20:27:41|02:55:53|u167
8789013_8.extern|extern|2025-06-16T17:31:48|2025-06-16T20:27:41|02:55:53|u167
8789013_9|triple_lens_cm_array_2|2025-06-16T17:31:48|2025-06-16T21:05:17|03:33:29|u138
8789013_9.batch|batch|2025-06-16T17:31:48|2025-06-16T21:05:17|03:33:29|u138
8789013_9.extern|extern|2025-06-16T17:31:48|2025-06-16T21:05:17|03:33:29|u138
8801604_0|triple_lens_cm_array_3|2025-06-20T15:31:31|2025-06-20T18:43:45|03:12:14|u183
8801604_0.batch|batch|2025-06-20T15:31:31|2025-06-20T18:43:45|03:12:14|u183
8801604_0.extern|extern|2025-06-20T15:31:31|2025-06-20T18:43:45|03:12:14|u183
8801604_1|triple_lens_cm_array_3|2025-06-20T15:31:31|2025-06-20T18:43:15|03:11:44|u183
8801604_1.batch|batch|2025-06-20T15:31:31|2025-06-20T18:43:15|03:11:44|u183
8801604_1.extern|extern|2025-06-20T15:31:31|2025-06-20T18:43:15|03:11:44|u183
8801604_2|triple_lens_cm_array_3|2025-06-20T15:31:31|2025-06-20T18:45:01|03:13:30|u183
8801604_2.batch|batch|2025-06-20T15:31:31|2025-06-20T18:45:01|03:13:30|u183
8801604_2.extern|extern|2025-06-20T15:31:31|2025-06-20T18:45:01|03:13:30|u183
8801604_3|triple_lens_cm_array_3|2025-06-20T15:31:31|2025-06-20T18:42:47|03:11:16|u183
8801604_3.batch|batch|2025-06-20T15:31:31|2025-06-20T18:42:47|03:11:16|u183
8801604_3.extern|extern|2025-06-20T15:31:31|2025-06-20T18:42:47|03:11:16|u183
8801604_4|triple_lens_cm_array_3|2025-06-20T15:31:31|2025-06-20T18:44:30|03:12:59|u183
8801604_4.batch|batch|2025-06-20T15:31:31|2025-06-20T18:44:30|03:12:59|u183
8801604_4.extern|extern|2025-06-20T15:31:31|2025-06-20T18:44:30|03:12:59|u183
8801604_5|triple_lens_cm_array_3|2025-06-20T15:31:31|2025-06-20T18:42:52|03:11:21|u180
8801604_5.batch|batch|2025-06-20T15:31:31|2025-06-20T18:42:52|03:11:21|u180
8801604_5.extern|extern|2025-06-20T15:31:31|2025-06-20T18:42:52|03:11:21|u180
8801604_6|triple_lens_cm_array_3|2025-06-20T15:31:31|2025-06-20T18:43:54|03:12:23|u180
8801604_6.batch|batch|2025-06-20T15:31:31|2025-06-20T18:43:54|03:12:23|u180
8801604_6.extern|extern|2025-06-20T15:31:31|2025-06-20T18:43:54|03:12:23|u180
8801604_7|triple_lens_cm_array_3|2025-06-20T15:31:31|2025-06-20T18:41:49|03:10:18|u180
8801604_7.batch|batch|2025-06-20T15:31:31|2025-06-20T18:41:49|03:10:18|u180
8801604_7.extern|extern|2025-06-20T15:31:31|2025-06-20T18:41:49|03:10:18|u180
8801604_8|triple_lens_cm_array_3|2025-06-20T15:31:31|2025-06-20T18:40:33|03:09:02|u180
8801604_8.batch|batch|2025-06-20T15:31:31|2025-06-20T18:40:33|03:09:02|u180
8801604_8.extern|extern|2025-06-20T15:31:31|2025-06-20T18:40:33|03:09:02|u180
8801604_9|triple_lens_cm_array_3|2025-06-20T15:31:31|2025-06-20T18:26:33|02:55:02|u179
8801604_9.batch|batch|2025-06-20T15:31:31|2025-06-20T18:26:33|02:55:02|u179
8801604_9.extern|extern|2025-06-20T15:31:31|2025-06-20T18:26:33|02:55:02|u179
8801605_0|triple_lens_binoffset_array_3|2025-06-20T15:31:31|2025-06-20T18:36:37|03:05:06|u175
8801605_0.batch|batch|2025-06-20T15:31:31|2025-06-20T18:36:37|03:05:06|u175
8801605_0.extern|extern|2025-06-20T15:31:31|2025-06-20T18:36:37|03:05:06|u175
8801605_1|triple_lens_binoffset_array_3|2025-06-20T15:31:31|2025-06-20T18:35:11|03:03:40|u175
8801605_1.batch|batch|2025-06-20T15:31:31|2025-06-20T18:35:11|03:03:40|u175
8801605_1.extern|extern|2025-06-20T15:31:31|2025-06-20T18:35:11|03:03:40|u175
8801605_2|triple_lens_binoffset_array_3|2025-06-20T15:31:31|2025-06-20T18:32:32|03:01:01|u175
8801605_2.batch|batch|2025-06-20T15:31:31|2025-06-20T18:32:32|03:01:01|u175
8801605_2.extern|extern|2025-06-20T15:31:31|2025-06-20T18:32:32|03:01:01|u175
8801605_3|triple_lens_binoffset_array_3|2025-06-20T15:31:31|2025-06-20T18:32:22|03:00:51|u175
8801605_3.batch|batch|2025-06-20T15:31:31|2025-06-20T18:32:22|03:00:51|u175
8801605_3.extern|extern|2025-06-20T15:31:31|2025-06-20T18:32:22|03:00:51|u175
8801605_4|triple_lens_binoffset_array_3|2025-06-20T15:31:31|2025-06-20T18:33:50|03:02:19|u175
8801605_4.batch|batch|2025-06-20T15:31:31|2025-06-20T18:33:50|03:02:19|u175
8801605_4.extern|extern|2025-06-20T15:31:31|2025-06-20T18:33:52|03:02:21|u175
8801605_5|triple_lens_binoffset_array_3|2025-06-20T15:31:31|2025-06-20T18:24:55|02:53:24|u175
8801605_5.batch|batch|2025-06-20T15:31:31|2025-06-20T18:24:55|02:53:24|u175
8801605_5.extern|extern|2025-06-20T15:31:31|2025-06-20T18:24:55|02:53:24|u175
8801605_6|triple_lens_binoffset_array_3|2025-06-20T15:31:31|2025-06-20T18:23:39|02:52:08|u175
8801605_6.batch|batch|2025-06-20T15:31:31|2025-06-20T18:23:39|02:52:08|u175
8801605_6.extern|extern|2025-06-20T15:31:31|2025-06-20T18:23:39|02:52:08|u175
8801605_7|triple_lens_binoffset_array_3|2025-06-20T15:31:31|2025-06-20T18:18:30|02:46:59|u173
8801605_7.batch|batch|2025-06-20T15:31:31|2025-06-20T18:18:30|02:46:59|u173
8801605_7.extern|extern|2025-06-20T15:31:31|2025-06-20T18:18:32|02:47:01|u173
8801605_8|triple_lens_binoffset_array_3|2025-06-20T15:31:31|2025-06-20T18:34:31|03:03:00|u172
8801605_8.batch|batch|2025-06-20T15:31:31|2025-06-20T18:34:31|03:03:00|u172
8801605_8.extern|extern|2025-06-20T15:31:31|2025-06-20T18:34:31|03:03:00|u172
8801605_9|triple_lens_binoffset_array_3|2025-06-20T15:31:31|2025-06-20T18:34:14|03:02:43|u172
8801605_9.batch|batch|2025-06-20T15:31:31|2025-06-20T18:34:14|03:02:43|u172
8801605_9.extern|extern|2025-06-20T15:31:31|2025-06-20T18:34:14|03:02:43|u172
8801605_10|triple_lens_binoffset_array_3|2025-06-20T15:31:31|2025-06-20T18:26:07|02:54:36|u172
8801605_10.batch|batch|2025-06-20T15:31:31|2025-06-20T18:26:07|02:54:36|u172
8801605_10.extern|extern|2025-06-20T15:31:31|2025-06-20T18:26:07|02:54:36|u172
8801605_11|triple_lens_binoffset_array_3|2025-06-20T15:31:31|2025-06-20T18:25:52|02:54:21|u172
8801605_11.batch|batch|2025-06-20T15:31:31|2025-06-20T18:25:52|02:54:21|u172
8801605_11.extern|extern|2025-06-20T15:31:31|2025-06-20T18:25:52|02:54:21|u172
8801605_12|triple_lens_binoffset_array_3|2025-06-20T15:31:31|2025-06-20T18:27:49|02:56:18|u172
8801605_12.batch|batch|2025-06-20T15:31:31|2025-06-20T18:27:49|02:56:18|u172
8801605_12.extern|extern|2025-06-20T15:31:31|2025-06-20T18:27:49|02:56:18|u172
8801605_13|triple_lens_binoffset_array_3|2025-06-20T15:31:31|2025-06-20T18:40:26|03:08:55|u171
8801605_13.batch|batch|2025-06-20T15:31:31|2025-06-20T18:40:26|03:08:55|u171
8801605_13.extern|extern|2025-06-20T15:31:31|2025-06-20T18:40:26|03:08:55|u171
8801605_14|triple_lens_binoffset_array_3|2025-06-20T15:31:31|2025-06-20T18:37:30|03:05:59|u171
8801605_14.batch|batch|2025-06-20T15:31:31|2025-06-20T18:37:30|03:05:59|u171
8801605_14.extern|extern|2025-06-20T15:31:31|2025-06-20T18:37:30|03:05:59|u171
8801605_15|triple_lens_binoffset_array_3|2025-06-20T15:32:18|2025-06-20T18:36:23|03:04:05|u171
8801605_15.batch|batch|2025-06-20T15:32:18|2025-06-20T18:36:23|03:04:05|u171
8801605_15.extern|extern|2025-06-20T15:32:18|2025-06-20T18:36:23|03:04:05|u171
8801605_16|triple_lens_binoffset_array_3|2025-06-20T15:32:18|2025-06-20T18:36:18|03:04:00|u171
8801605_16.batch|batch|2025-06-20T15:32:18|2025-06-20T18:36:18|03:04:00|u171
8801605_16.extern|extern|2025-06-20T15:32:18|2025-06-20T18:36:18|03:04:00|u171
8801605_17|triple_lens_binoffset_array_3|2025-06-20T15:32:18|2025-06-20T18:40:41|03:08:23|u169
8801605_17.batch|batch|2025-06-20T15:32:18|2025-06-20T18:40:41|03:08:23|u169
8801605_17.extern|extern|2025-06-20T15:32:18|2025-06-20T18:40:41|03:08:23|u169
8801605_18|triple_lens_binoffset_array_3|2025-06-20T15:32:18|2025-06-20T18:40:57|03:08:39|u169
8801605_18.batch|batch|2025-06-20T15:32:18|2025-06-20T18:40:57|03:08:39|u169
8801605_18.extern|extern|2025-06-20T15:32:18|2025-06-20T18:40:57|03:08:39|u169
8801605_19|triple_lens_binoffset_array_3|2025-06-20T15:32:18|2025-06-20T18:40:18|03:08:00|u169
8801605_19.batch|batch|2025-06-20T15:32:18|2025-06-20T18:40:18|03:08:00|u169
8801605_19.extern|extern|2025-06-20T15:32:18|2025-06-20T18:40:18|03:08:00|u169
8801631_0|triple_offsetted_array_3|2025-06-20T15:32:18|2025-06-20T18:28:55|02:56:37|u168
8801631_0.batch|batch|2025-06-20T15:32:18|2025-06-20T18:28:55|02:56:37|u168
8801631_0.extern|extern|2025-06-20T15:32:18|2025-06-20T18:28:55|02:56:37|u168
8801631_1|triple_offsetted_array_3|2025-06-20T15:32:18|2025-06-20T18:28:53|02:56:35|u168
8801631_1.batch|batch|2025-06-20T15:32:18|2025-06-20T18:28:53|02:56:35|u168
8801631_1.extern|extern|2025-06-20T15:32:18|2025-06-20T18:28:53|02:56:35|u168
8801631_2|triple_offsetted_array_3|2025-06-20T15:32:18|2025-06-20T19:04:39|03:32:21|u159
8801631_2.batch|batch|2025-06-20T15:32:18|2025-06-20T19:04:39|03:32:21|u159
8801631_2.extern|extern|2025-06-20T15:32:18|2025-06-20T19:04:39|03:32:21|u159
8801631_3|triple_offsetted_array_3|2025-06-20T15:32:18|2025-06-20T19:03:24|03:31:06|u159
8801631_3.batch|batch|2025-06-20T15:32:18|2025-06-20T19:03:24|03:31:06|u159
8801631_3.extern|extern|2025-06-20T15:32:18|2025-06-20T19:03:24|03:31:06|u159
8801631_4|triple_offsetted_array_3|2025-06-20T15:32:18|2025-06-20T19:04:06|03:31:48|u159
8801631_4.batch|batch|2025-06-20T15:32:18|2025-06-20T19:04:06|03:31:48|u159
8801631_4.extern|extern|2025-06-20T15:32:18|2025-06-20T19:04:06|03:31:48|u159
8801631_5|triple_offsetted_array_3|2025-06-20T15:32:18|2025-06-20T19:03:04|03:30:46|u159
8801631_5.batch|batch|2025-06-20T15:32:18|2025-06-20T19:03:04|03:30:46|u159
8801631_5.extern|extern|2025-06-20T15:32:18|2025-06-20T19:03:04|03:30:46|u159
8801631_6|triple_offsetted_array_3|2025-06-20T15:32:18|2025-06-20T19:03:27|03:31:09|u159
8801631_6.batch|batch|2025-06-20T15:32:18|2025-06-20T19:03:27|03:31:09|u159
8801631_6.extern|extern|2025-06-20T15:32:18|2025-06-20T19:03:27|03:31:09|u159
8801631_7|triple_offsetted_array_3|2025-06-20T15:32:18|2025-06-20T19:02:43|03:30:25|u159
8801631_7.batch|batch|2025-06-20T15:32:18|2025-06-20T19:02:43|03:30:25|u159
8801631_7.extern|extern|2025-06-20T15:32:18|2025-06-20T19:02:43|03:30:25|u159
8801631_8|triple_offsetted_array_3|2025-06-20T15:32:18|2025-06-20T19:02:09|03:29:51|u159
8801631_8.batch|batch|2025-06-20T15:32:18|2025-06-20T19:02:09|03:29:51|u159
8801631_8.extern|extern|2025-06-20T15:32:18|2025-06-20T19:02:09|03:29:51|u159
8801631_9|triple_offsetted_array_3|2025-06-20T15:32:18|2025-06-20T19:01:45|03:29:27|u159
8801631_9.batch|batch|2025-06-20T15:32:18|2025-06-20T19:01:45|03:29:27|u159
8801631_9.extern|extern|2025-06-20T15:32:18|2025-06-20T19:01:45|03:29:27|u159
8808641_0|triple_lens_cm_array_3|2025-06-23T11:22:18|2025-06-23T14:10:29|02:48:11|u183
8808641_0.batch|batch|2025-06-23T11:22:18|2025-06-23T14:10:29|02:48:11|u183
8808641_0.extern|extern|2025-06-23T11:22:18|2025-06-23T14:10:29|02:48:11|u183
8808641_1|triple_lens_cm_array_3|2025-06-23T11:22:18|2025-06-23T14:20:13|02:57:55|u182
8808641_1.batch|batch|2025-06-23T11:22:18|2025-06-23T14:20:13|02:57:55|u182
8808641_1.extern|extern|2025-06-23T11:22:18|2025-06-23T14:20:13|02:57:55|u182
8808641_2|triple_lens_cm_array_3|2025-06-23T11:22:18|2025-06-23T14:23:40|03:01:22|u182
8808641_2.batch|batch|2025-06-23T11:22:18|2025-06-23T14:23:40|03:01:22|u182
8808641_2.extern|extern|2025-06-23T11:22:18|2025-06-23T14:23:40|03:01:22|u182
8808641_3|triple_lens_cm_array_3|2025-06-23T11:22:18|2025-06-23T14:22:33|03:00:15|u180
8808641_3.batch|batch|2025-06-23T11:22:18|2025-06-23T14:22:33|03:00:15|u180
8808641_3.extern|extern|2025-06-23T11:22:18|2025-06-23T14:22:33|03:00:15|u180
8808641_4|triple_lens_cm_array_3|2025-06-23T11:22:18|2025-06-23T14:25:09|03:02:51|u180
8808641_4.batch|batch|2025-06-23T11:22:18|2025-06-23T14:25:09|03:02:51|u180
8808641_4.extern|extern|2025-06-23T11:22:18|2025-06-23T14:25:09|03:02:51|u180
8808641_5|triple_lens_cm_array_3|2025-06-23T11:22:18|2025-06-23T14:23:56|03:01:38|u180
8808641_5.batch|batch|2025-06-23T11:22:18|2025-06-23T14:23:56|03:01:38|u180
8808641_5.extern|extern|2025-06-23T11:22:18|2025-06-23T14:23:56|03:01:38|u180
8808641_6|triple_lens_cm_array_3|2025-06-23T11:22:18|2025-06-23T14:24:25|03:02:07|u180
8808641_6.batch|batch|2025-06-23T11:22:18|2025-06-23T14:24:25|03:02:07|u180
8808641_6.extern|extern|2025-06-23T11:22:18|2025-06-23T14:24:25|03:02:07|u180
8808641_7|triple_lens_cm_array_3|2025-06-23T11:22:18|2025-06-23T14:23:58|03:01:40|u180
8808641_7.batch|batch|2025-06-23T11:22:18|2025-06-23T14:23:58|03:01:40|u180
8808641_7.extern|extern|2025-06-23T11:22:18|2025-06-23T14:23:58|03:01:40|u180
8808641_8|triple_lens_cm_array_3|2025-06-23T11:22:18|2025-06-23T14:52:06|03:29:48|u179
8808641_8.batch|batch|2025-06-23T11:22:18|2025-06-23T14:52:06|03:29:48|u179
8808641_8.extern|extern|2025-06-23T11:22:18|2025-06-23T14:52:06|03:29:48|u179
8808641_9|triple_lens_cm_array_3|2025-06-23T11:22:18|2025-06-23T14:52:25|03:30:07|u179
8808641_9.batch|batch|2025-06-23T11:22:18|2025-06-23T14:52:25|03:30:07|u179
8808641_9.extern|extern|2025-06-23T11:22:18|2025-06-23T14:52:25|03:30:07|u179
8808642_0|triple_lens_binoffset_array_3|2025-06-23T11:22:18|2025-06-23T14:52:20|03:30:02|u179
8808642_0.batch|batch|2025-06-23T11:22:18|2025-06-23T14:52:20|03:30:02|u179
8808642_0.extern|extern|2025-06-23T11:22:18|2025-06-23T14:52:20|03:30:02|u179
8808642_1|triple_lens_binoffset_array_3|2025-06-23T11:22:18|2025-06-23T14:51:48|03:29:30|u179
8808642_1.batch|batch|2025-06-23T11:22:18|2025-06-23T14:51:48|03:29:30|u179
8808642_1.extern|extern|2025-06-23T11:22:18|2025-06-23T14:51:48|03:29:30|u179
8808642_2|triple_lens_binoffset_array_3|2025-06-23T11:22:18|2025-06-23T14:49:20|03:27:02|u179
8808642_2.batch|batch|2025-06-23T11:22:18|2025-06-23T14:49:20|03:27:02|u179
8808642_2.extern|extern|2025-06-23T11:22:18|2025-06-23T14:49:20|03:27:02|u179
8808642_3|triple_lens_binoffset_array_3|2025-06-23T11:22:18|2025-06-23T14:27:27|03:05:09|u178
8808642_3.batch|batch|2025-06-23T11:22:18|2025-06-23T14:27:27|03:05:09|u178
8808642_3.extern|extern|2025-06-23T11:22:18|2025-06-23T14:27:27|03:05:09|u178
8808642_4|triple_lens_binoffset_array_3|2025-06-23T11:22:18|2025-06-23T14:22:19|03:00:01|u178
8808642_4.batch|batch|2025-06-23T11:22:18|2025-06-23T14:22:19|03:00:01|u178
8808642_4.extern|extern|2025-06-23T11:22:18|2025-06-23T14:22:19|03:00:01|u178
8808642_5|triple_lens_binoffset_array_3|2025-06-23T11:22:18|2025-06-23T14:24:06|03:01:48|u178
8808642_5.batch|batch|2025-06-23T11:22:18|2025-06-23T14:24:06|03:01:48|u178
8808642_5.extern|extern|2025-06-23T11:22:18|2025-06-23T14:24:06|03:01:48|u178
8808642_6|triple_lens_binoffset_array_3|2025-06-23T11:22:18|2025-06-23T14:23:07|03:00:49|u178
8808642_6.batch|batch|2025-06-23T11:22:18|2025-06-23T14:23:07|03:00:49|u178
8808642_6.extern|extern|2025-06-23T11:22:18|2025-06-23T14:23:07|03:00:49|u178
8808642_7|triple_lens_binoffset_array_3|2025-06-23T11:22:18|2025-06-23T14:11:16|02:48:58|u178
8808642_7.batch|batch|2025-06-23T11:22:18|2025-06-23T14:11:16|02:48:58|u178
8808642_7.extern|extern|2025-06-23T11:22:18|2025-06-23T14:11:16|02:48:58|u178
8808642_8|triple_lens_binoffset_array_3|2025-06-23T11:22:18|2025-06-23T14:11:22|02:49:04|u178
8808642_8.batch|batch|2025-06-23T11:22:18|2025-06-23T14:11:22|02:49:04|u178
8808642_8.extern|extern|2025-06-23T11:22:18|2025-06-23T14:11:22|02:49:04|u178
8808642_9|triple_lens_binoffset_array_3|2025-06-23T11:22:18|2025-06-23T14:18:42|02:56:24|u177
8808642_9.batch|batch|2025-06-23T11:22:18|2025-06-23T14:18:42|02:56:24|u177
8808642_9.extern|extern|2025-06-23T11:22:18|2025-06-23T14:18:42|02:56:24|u177
8808642_10|triple_lens_binoffset_array_3|2025-06-23T11:22:19|2025-06-23T14:33:20|03:11:01|u176
8808642_10.batch|batch|2025-06-23T11:22:19|2025-06-23T14:33:20|03:11:01|u176
8808642_10.extern|extern|2025-06-23T11:22:19|2025-06-23T14:33:20|03:11:01|u176
8808642_11|triple_lens_binoffset_array_3|2025-06-23T11:22:19|2025-06-23T14:33:16|03:10:57|u176
8808642_11.batch|batch|2025-06-23T11:22:19|2025-06-23T14:33:16|03:10:57|u176
8808642_11.extern|extern|2025-06-23T11:22:19|2025-06-23T14:33:16|03:10:57|u176
8808642_12|triple_lens_binoffset_array_3|2025-06-23T11:22:19|2025-06-23T14:35:05|03:12:46|u176
8808642_12.batch|batch|2025-06-23T11:22:19|2025-06-23T14:35:05|03:12:46|u176
8808642_12.extern|extern|2025-06-23T11:22:19|2025-06-23T14:35:05|03:12:46|u176
8808642_13|triple_lens_binoffset_array_3|2025-06-23T11:22:19|2025-06-23T14:34:55|03:12:36|u176
8808642_13.batch|batch|2025-06-23T11:22:19|2025-06-23T14:34:55|03:12:36|u176
8808642_13.extern|extern|2025-06-23T11:22:19|2025-06-23T14:34:55|03:12:36|u176
8808642_14|triple_lens_binoffset_array_3|2025-06-23T11:22:19|2025-06-23T14:12:44|02:50:25|u175
8808642_14.batch|batch|2025-06-23T11:22:19|2025-06-23T14:12:44|02:50:25|u175
8808642_14.extern|extern|2025-06-23T11:22:19|2025-06-23T14:12:44|02:50:25|u175
8808642_15|triple_lens_binoffset_array_3|2025-06-23T11:23:02|2025-06-23T14:40:47|03:17:45|u174
8808642_15.batch|batch|2025-06-23T11:23:02|2025-06-23T14:40:47|03:17:45|u174
8808642_15.extern|extern|2025-06-23T11:23:02|2025-06-23T14:40:47|03:17:45|u174
8808642_16|triple_lens_binoffset_array_3|2025-06-23T11:23:02|2025-06-23T14:40:10|03:17:08|u174
8808642_16.batch|batch|2025-06-23T11:23:02|2025-06-23T14:40:10|03:17:08|u174
8808642_16.extern|extern|2025-06-23T11:23:02|2025-06-23T14:40:10|03:17:08|u174
8808642_17|triple_lens_binoffset_array_3|2025-06-23T11:23:02|2025-06-23T14:40:09|03:17:07|u174
8808642_17.batch|batch|2025-06-23T11:23:02|2025-06-23T14:40:09|03:17:07|u174
8808642_17.extern|extern|2025-06-23T11:23:02|2025-06-23T14:40:09|03:17:07|u174
8808642_18|triple_lens_binoffset_array_3|2025-06-23T11:23:02|2025-06-23T14:39:14|03:16:12|u174
8808642_18.batch|batch|2025-06-23T11:23:02|2025-06-23T14:39:14|03:16:12|u174
8808642_18.extern|extern|2025-06-23T11:23:02|2025-06-23T14:39:14|03:16:12|u174
8808642_19|triple_lens_binoffset_array_3|2025-06-23T11:23:02|2025-06-23T14:39:52|03:16:50|u174
8808642_19.batch|batch|2025-06-23T11:23:02|2025-06-23T14:39:52|03:16:50|u174
8808642_19.extern|extern|2025-06-23T11:23:02|2025-06-23T14:39:52|03:16:50|u174
8808643_0|triple_offsetted_array_3|2025-06-23T11:23:02|2025-06-23T14:39:47|03:16:45|u174
8808643_0.batch|batch|2025-06-23T11:23:02|2025-06-23T14:39:47|03:16:45|u174
8808643_0.extern|extern|2025-06-23T11:23:02|2025-06-23T14:39:47|03:16:45|u174
8808643_1|triple_offsetted_array_3|2025-06-23T11:23:02|2025-06-23T14:07:46|02:44:44|u173
8808643_1.batch|batch|2025-06-23T11:23:02|2025-06-23T14:07:46|02:44:44|u173
8808643_1.extern|extern|2025-06-23T11:23:02|2025-06-23T14:07:46|02:44:44|u173
8808643_2|triple_offsetted_array_3|2025-06-23T11:23:02|2025-06-23T14:11:01|02:47:59|u173
8808643_2.batch|batch|2025-06-23T11:23:02|2025-06-23T14:11:01|02:47:59|u173
8808643_2.extern|extern|2025-06-23T11:23:02|2025-06-23T14:11:01|02:47:59|u173
8808643_3|triple_offsetted_array_3|2025-06-23T11:23:02|2025-06-23T14:19:00|02:55:58|u169
8808643_3.batch|batch|2025-06-23T11:23:02|2025-06-23T14:19:00|02:55:58|u169
8808643_3.extern|extern|2025-06-23T11:23:02|2025-06-23T14:19:00|02:55:58|u169
8808643_4|triple_offsetted_array_3|2025-06-23T11:23:02|2025-06-23T14:19:48|02:56:46|u169
8808643_4.batch|batch|2025-06-23T11:23:02|2025-06-23T14:19:48|02:56:46|u169
8808643_4.extern|extern|2025-06-23T11:23:02|2025-06-23T14:19:48|02:56:46|u169
8808643_8|triple_offsetted_array_3|2025-06-23T11:23:02|2025-06-23T14:20:43|02:57:41|u160
8808643_8.batch|batch|2025-06-23T11:23:02|2025-06-23T14:20:43|02:57:41|u160
8808643_8.extern|extern|2025-06-23T11:23:02|2025-06-23T14:20:43|02:57:41|u160
8808643_9|triple_offsetted_array_3|2025-06-23T11:23:02|2025-06-23T14:20:46|02:57:44|u160
8808643_9.batch|batch|2025-06-23T11:23:02|2025-06-23T14:20:46|02:57:44|u160
8808643_9.extern|extern|2025-06-23T11:23:02|2025-06-23T14:20:46|02:57:44|u160