JobID,JobName,Elapsed,State,Processor,Start,End
9509542_0,binary_lens_array,14:58:52,COMPLETED,CPU,2026-02-02T12:51:20,2026-02-03T03:50:12
9509542_1,binary_lens_array,16:29:12,COMPLETED,CPU,2026-02-02T12:51:20,2026-02-03T05:20:32
9509542_2,binary_lens_array,16:34:36,COMPLETED,CPU,2026-02-02T12:51:20,2026-02-03T05:25:56
9516444_0,binary_analyzer_1,00:17:57,COMPLETED,CPU,2026-02-04T11:29:41,2026-02-04T11:47:38
9516444_1,binary_analyzer_1,00:17:57,COMPLETED,CPU,2026-02-04T11:29:41,2026-02-04T11:47:38
9516444_2,binary_analyzer_1,00:18:05,COMPLETED,CPU,2026-02-04T11:29:41,2026-02-04T11:47:46
9516444_3,binary_analyzer_1,00:00:48,OUT_OF_MEMORY,CPU,2026-02-04T11:29:41,2026-02-04T11:30:29
9516444_4,binary_analyzer_1,00:21:34,COMPLETED,CPU,2026-02-04T11:29:41,2026-02-04T11:51:15
9534403_0,binary_analyzer_2,00:15:57,COMPLETED,CPU,2026-02-06T11:35:56,2026-02-06T11:51:53
9534403_1,binary_analyzer_2,00:15:57,COMPLETED,CPU,2026-02-06T11:35:56,2026-02-06T11:51:53
9534403_2,binary_analyzer_2,00:16:16,COMPLETED,CPU,2026-02-06T11:35:56,2026-02-06T11:52:12
9534403_3,binary_analyzer_2,00:17:11,COMPLETED,CPU,2026-02-06T11:35:56,2026-02-06T11:53:07
9534403_4,binary_analyzer_2,00:17:46,COMPLETED,CPU,2026-02-06T11:35:56,2026-02-06T11:53:42
9534428_0,binary_analyzer_2,00:05:29,COMPLETED,CPU,2026-02-06T12:25:08,2026-02-06T12:30:37
9534428_1,binary_analyzer_2,00:05:33,COMPLETED,CPU,2026-02-06T12:25:08,2026-02-06T12:30:41
9534428_2,binary_analyzer_2,00:06:40,COMPLETED,CPU,2026-02-06T12:25:08,2026-02-06T12:31:48
9534428_3,binary_analyzer_2,00:08:02,COMPLETED,CPU,2026-02-06T12:25:08,2026-02-06T12:33:10
9534428_4,binary_analyzer_2,00:08:34,COMPLETED,CPU,2026-02-06T12:25:08,2026-02-06T12:33:42
9538180,binary_animator_1,00:00:19,FAILED,CPU,2026-02-06T19:14:25,2026-02-06T19:14:44
9538197,binary_animator_1,00:00:42,OUT_OF_MEMORY,CPU,2026-02-06T19:17:33,2026-02-06T19:18:15
9538208,binary_animator_2,00:00:15,FAILED,CPU,2026-02-06T19:24:19,2026-02-06T19:24:34
9538213,binary_animator_2,00:01:00,OUT_OF_MEMORY,CPU,2026-02-06T19:30:34,2026-02-06T19:31:34
9538219,binary_animator_2,00:00:56,OUT_OF_MEMORY,CPU,2026-02-06T19:33:42,2026-02-06T19:34:38
9538271_0,binary_analyzer_2,00:05:40,COMPLETED,CPU,2026-02-06T19:55:36,2026-02-06T20:01:16
9538271_1,binary_analyzer_2,00:05:40,COMPLETED,CPU,2026-02-06T19:55:36,2026-02-06T20:01:16
9538271_2,binary_analyzer_2,00:06:26,COMPLETED,CPU,2026-02-06T19:55:36,2026-02-06T20:02:02
9538271_3,binary_analyzer_2,00:07:41,COMPLETED,CPU,2026-02-06T19:55:36,2026-02-06T20:03:17
9538271_4,binary_analyzer_2,00:08:43,COMPLETED,CPU,2026-02-06T19:55:36,2026-02-06T20:04:19
9543133_0,binary_animator_2,00:01:34,OUT_OF_MEMORY,CPU,2026-02-09T09:26:37,2026-02-09T09:28:11
9543133_1,binary_animator_2,00:01:37,OUT_OF_MEMORY,CPU,2026-02-09T09:26:37,2026-02-09T09:28:14
9543133_2,binary_animator_2,00:01:37,OUT_OF_MEMORY,CPU,2026-02-09T09:26:37,2026-02-09T09:28:14
9543133_3,binary_animator_2,00:01:34,OUT_OF_MEMORY,CPU,2026-02-09T09:26:37,2026-02-09T09:28:11
9543133_4,binary_animator_2,00:01:34,OUT_OF_MEMORY,CPU,2026-02-09T09:26:37,2026-02-09T09:28:11
9543138_0,binary_animator_3,00:02:00,OUT_OF_MEMORY,CPU,2026-02-09T09:30:38,2026-02-09T09:32:38
9543138_1,binary_animator_3,00:02:00,OUT_OF_MEMORY,CPU,2026-02-09T09:30:38,2026-02-09T09:32:38
9543138_2,binary_animator_3,00:02:14,OUT_OF_MEMORY,CPU,2026-02-09T09:30:38,2026-02-09T09:32:52
9543138_3,binary_animator_3,00:02:07,OUT_OF_MEMORY,CPU,2026-02-09T09:30:38,2026-02-09T09:32:45
9543138_4,binary_animator_3,00:02:00,OUT_OF_MEMORY,CPU,2026-02-09T09:30:38,2026-02-09T09:32:38
9543144_0,binary_animator_3,00:01:42,OUT_OF_MEMORY,CPU,2026-02-09T09:35:53,2026-02-09T09:37:35
9543144_1,binary_animator_3,00:01:41,OUT_OF_MEMORY,CPU,2026-02-09T09:35:53,2026-02-09T09:37:34
9543144_2,binary_animator_3,00:01:29,OUT_OF_MEMORY,CPU,2026-02-09T09:35:53,2026-02-09T09:37:22
9543144_3,binary_animator_3,00:01:34,OUT_OF_MEMORY,CPU,2026-02-09T09:35:53,2026-02-09T09:37:27
9543144_4,binary_animator_3,00:01:30,OUT_OF_MEMORY,CPU,2026-02-09T09:35:53,2026-02-09T09:37:23
9543151_0,binary_animator_3,00:00:17,COMPLETED,CPU,2026-02-09T09:39:09,2026-02-09T09:39:26
9543151_1,binary_animator_3,00:00:34,COMPLETED,CPU,2026-02-09T09:39:09,2026-02-09T09:39:43
9543151_2,binary_animator_3,00:00:28,COMPLETED,CPU,2026-02-09T09:39:09,2026-02-09T09:39:37
9543151_3,binary_animator_3,00:00:33,COMPLETED,CPU,2026-02-09T09:39:09,2026-02-09T09:39:42
9543151_4,binary_animator_3,00:00:24,COMPLETED,CPU,2026-02-09T09:39:09,2026-02-09T09:39:33
9543159_0,binary_animator_3,00:01:30,OUT_OF_MEMORY,CPU,2026-02-09T09:43:40,2026-02-09T09:45:10
9543159_1,binary_animator_3,00:01:22,OUT_OF_MEMORY,CPU,2026-02-09T09:43:40,2026-02-09T09:45:02
9543159_2,binary_animator_3,00:01:27,OUT_OF_MEMORY,CPU,2026-02-09T09:43:40,2026-02-09T09:45:07
9543159_3,binary_animator_3,00:01:21,OUT_OF_MEMORY,CPU,2026-02-09T09:43:40,2026-02-09T09:45:01
9543159_4,binary_animator_3,00:01:23,OUT_OF_MEMORY,CPU,2026-02-09T09:43:40,2026-02-09T09:45:03
9543172_0,binary_animator_4,00:01:11,FAILED,CPU,2026-02-09T09:59:42,2026-02-09T10:00:53
9543172_1,binary_animator_4,00:01:08,FAILED,CPU,2026-02-09T09:59:42,2026-02-09T10:00:50
9543172_2,binary_animator_4,00:02:59,FAILED,CPU,2026-02-09T09:59:42,2026-02-09T10:02:41
9543172_3,binary_animator_4,00:01:01,FAILED,CPU,2026-02-09T09:59:42,2026-02-09T10:00:43
9543172_4,binary_animator_4,00:01:17,FAILED,CPU,2026-02-09T09:59:42,2026-02-09T10:00:59
9543172_5,binary_animator_4,00:00:18,FAILED,CPU,2026-02-09T09:59:42,2026-02-09T10:00:00
9543172_6,binary_animator_4,00:06:11,FAILED,CPU,2026-02-09T09:59:42,2026-02-09T10:05:53
9543172_7,binary_animator_4,00:02:59,FAILED,CPU,2026-02-09T09:59:42,2026-02-09T10:02:41
9543172_8,binary_animator_4,00:00:56,FAILED,CPU,2026-02-09T09:59:42,2026-02-09T10:00:38
9543172_9,binary_animator_4,00:05:47,FAILED,CPU,2026-02-09T09:59:42,2026-02-09T10:05:29
9543172_10,binary_animator_4,00:02:54,FAILED,CPU,2026-02-09T09:59:42,2026-02-09T10:02:36
9543172_11,binary_animator_4,00:00:54,FAILED,CPU,2026-02-09T09:59:42,2026-02-09T10:00:36
9543172_12,binary_animator_4,00:01:00,FAILED,CPU,2026-02-09T09:59:42,2026-02-09T10:00:42
9543172_13,binary_animator_4,00:00:18,FAILED,CPU,2026-02-09T09:59:42,2026-02-09T10:00:00
9543172_14,binary_animator_4,00:06:01,FAILED,CPU,2026-02-09T09:59:42,2026-02-09T10:05:43
9543172_15,binary_animator_4,00:01:08,FAILED,CPU,2026-02-09T09:59:42,2026-02-09T10:00:50
9543172_16,binary_animator_4,00:00:53,FAILED,CPU,2026-02-09T09:59:42,2026-02-09T10:00:35
9543172_17,binary_animator_4,00:02:52,FAILED,CPU,2026-02-09T09:59:42,2026-02-09T10:02:34
9543172_18,binary_animator_4,00:05:55,FAILED,CPU,2026-02-09T09:59:42,2026-02-09T10:05:37
9543172_19,binary_animator_4,00:00:26,FAILED,CPU,2026-02-09T09:59:42,2026-02-09T10:00:08
9543172_20,binary_animator_4,00:01:11,FAILED,CPU,2026-02-09T09:59:42,2026-02-09T10:00:53
9543172_21,binary_animator_4,00:06:11,FAILED,CPU,2026-02-09T09:59:42,2026-02-09T10:05:53
9543172_22,binary_animator_4,00:02:59,FAILED,CPU,2026-02-09T09:59:42,2026-02-09T10:02:41
9543172_23,binary_animator_4,00:00:22,FAILED,CPU,2026-02-09T09:59:42,2026-02-09T10:00:04
9543172_24,binary_animator_4,00:00:20,FAILED,CPU,2026-02-09T09:59:42,2026-02-09T10:00:02
9543172_25,binary_animator_4,00:00:36,FAILED,CPU,2026-02-09T09:59:52,2026-02-09T10:00:28
9543172_26,binary_animator_4,00:00:44,FAILED,CPU,2026-02-09T09:59:52,2026-02-09T10:00:36
9543172_27,binary_animator_4,00:00:45,FAILED,CPU,2026-02-09T09:59:52,2026-02-09T10:00:37
9543172_28,binary_animator_4,00:00:36,FAILED,CPU,2026-02-09T09:59:52,2026-02-09T10:00:28
9543172_29,binary_animator_4,00:00:38,FAILED,CPU,2026-02-09T09:59:52,2026-02-09T10:00:30
9543172_30,binary_animator_4,00:05:07,FAILED,CPU,2026-02-09T10:00:12,2026-02-09T10:05:19
9543172_31,binary_animator_4,00:06:07,FAILED,CPU,2026-02-09T10:00:12,2026-02-09T10:06:19
9543172_32,binary_animator_4,00:02:24,FAILED,CPU,2026-02-09T10:00:12,2026-02-09T10:02:36
9543172_33,binary_animator_4,00:00:19,FAILED,CPU,2026-02-09T10:00:12,2026-02-09T10:00:31
9543172_34,binary_animator_4,00:00:29,FAILED,CPU,2026-02-09T10:00:12,2026-02-09T10:00:41
9543172_35,binary_animator_4,00:04:37,FAILED,CPU,2026-02-09T10:00:43,2026-02-09T10:05:20
9543172_36,binary_animator_4,00:05:20,FAILED,CPU,2026-02-09T10:00:43,2026-02-09T10:06:03
9543172_37,binary_animator_4,00:05:00,FAILED,CPU,2026-02-09T10:00:43,2026-02-09T10:05:43
9543172_38,binary_animator_4,00:05:30,FAILED,CPU,2026-02-09T10:00:43,2026-02-09T10:06:13
9543172_39,binary_animator_4,00:00:54,FAILED,CPU,2026-02-09T10:00:43,2026-02-09T10:01:37
9543172_40,binary_animator_4,00:01:00,FAILED,CPU,2026-02-09T10:00:43,2026-02-09T10:01:43
9543172_41,binary_animator_4,00:00:44,FAILED,CPU,2026-02-09T10:00:43,2026-02-09T10:01:27
9543172_42,binary_animator_4,00:00:42,FAILED,CPU,2026-02-09T10:00:43,2026-02-09T10:01:25
9543172_43,binary_animator_4,00:00:54,FAILED,CPU,2026-02-09T10:00:43,2026-02-09T10:01:37
9543172_44,binary_animator_4,00:00:49,FAILED,CPU,2026-02-09T10:00:43,2026-02-09T10:01:32
9543172_45,binary_animator_4,00:00:54,FAILED,CPU,2026-02-09T10:00:43,2026-02-09T10:01:37
9543172_46,binary_animator_4,00:05:06,FAILED,CPU,2026-02-09T10:00:52,2026-02-09T10:05:58
9543172_47,binary_animator_4,00:01:54,FAILED,CPU,2026-02-09T10:00:52,2026-02-09T10:02:46
9543172_48,binary_animator_4,00:04:45,FAILED,CPU,2026-02-09T10:00:52,2026-02-09T10:05:37
9543172_49,binary_animator_4,00:04:16,FAILED,CPU,2026-02-09T10:01:13,2026-02-09T10:05:29
9543172_50,binary_animator_4,00:04:10,FAILED,CPU,2026-02-09T10:01:13,2026-02-09T10:05:23
9543172_51,binary_animator_4,00:04:40,FAILED,CPU,2026-02-09T10:01:13,2026-02-09T10:05:53
9543172_52,binary_animator_4,00:01:15,FAILED,CPU,2026-02-09T10:01:43,2026-02-09T10:02:58
9543172_53,binary_animator_4,00:01:20,FAILED,CPU,2026-02-09T10:01:43,2026-02-09T10:03:03
9543172_54,binary_animator_4,00:01:16,FAILED,CPU,2026-02-09T10:01:43,2026-02-09T10:02:59
9543172_55,binary_animator_4,00:01:08,FAILED,CPU,2026-02-09T10:01:43,2026-02-09T10:02:51
9543172_56,binary_animator_4,00:01:28,FAILED,CPU,2026-02-09T10:01:43,2026-02-09T10:03:11
9543172_57,binary_animator_4,00:01:27,FAILED,CPU,2026-02-09T10:01:43,2026-02-09T10:03:10
9543172_58,binary_animator_4,00:01:01,FAILED,CPU,2026-02-09T10:01:52,2026-02-09T10:02:53
9543172_59,binary_animator_4,00:03:25,FAILED,CPU,2026-02-09T10:02:43,2026-02-09T10:06:08
9543172_60,binary_animator_4,00:03:00,FAILED,CPU,2026-02-09T10:02:43,2026-02-09T10:05:43
9543172_61,binary_animator_4,00:02:55,FAILED,CPU,2026-02-09T10:02:43,2026-02-09T10:05:38
9543172_62,binary_animator_4,00:03:05,FAILED,CPU,2026-02-09T10:02:43,2026-02-09T10:05:48
9543172_63,binary_animator_4,00:03:18,FAILED,CPU,2026-02-09T10:02:43,2026-02-09T10:06:01
9543172_64,binary_animator_4,00:03:23,FAILED,CPU,2026-02-09T10:02:43,2026-02-09T10:06:06
9543172_65,binary_animator_4,00:02:57,FAILED,CPU,2026-02-09T10:02:53,2026-02-09T10:05:50
9543172_66,binary_animator_4,00:00:10,FAILED,CPU,2026-02-09T10:02:53,2026-02-09T10:03:03
9543172_67,binary_animator_4,00:00:41,FAILED,CPU,2026-02-09T10:03:13,2026-02-09T10:03:54
9543172_68,binary_animator_4,00:00:41,FAILED,CPU,2026-02-09T10:03:13,2026-02-09T10:03:54
9543172_69,binary_animator_4,00:00:51,FAILED,CPU,2026-02-09T10:03:13,2026-02-09T10:04:04
9543172_70,binary_animator_4,00:00:34,FAILED,CPU,2026-02-09T10:03:13,2026-02-09T10:03:47
9543172_71,binary_animator_4,00:00:51,FAILED,CPU,2026-02-09T10:03:13,2026-02-09T10:04:04
9543172_72,binary_animator_4,00:00:57,FAILED,CPU,2026-02-09T10:03:13,2026-02-09T10:04:10
9543172_73,binary_animator_4,00:00:41,FAILED,CPU,2026-02-09T10:03:13,2026-02-09T10:03:54
9543172_74,binary_animator_4,00:00:13,FAILED,CPU,2026-02-09T10:03:52,2026-02-09T10:04:05
9543172_75,binary_animator_4,00:01:00,FAILED,CPU,2026-02-09T10:04:14,2026-02-09T10:05:14
9543172_76,binary_animator_4,00:01:15,FAILED,CPU,2026-02-09T10:04:14,2026-02-09T10:05:29
9543172_77,binary_animator_4,00:01:17,FAILED,CPU,2026-02-09T10:04:14,2026-02-09T10:05:31
9543172_78,binary_animator_4,00:01:20,FAILED,CPU,2026-02-09T10:04:14,2026-02-09T10:05:34
9543172_79,binary_animator_4,00:01:13,FAILED,CPU,2026-02-09T10:04:14,2026-02-09T10:05:27
9543172_80,binary_animator_4,00:01:13,FAILED,CPU,2026-02-09T10:04:14,2026-02-09T10:05:27
9543172_81,binary_animator_4,00:01:02,FAILED,CPU,2026-02-09T10:04:14,2026-02-09T10:05:16
9543172_82,binary_animator_4,00:00:18,FAILED,CPU,2026-02-09T10:05:14,2026-02-09T10:05:32
9543172_83,binary_animator_4,00:01:34,FAILED,CPU,2026-02-09T10:05:44,2026-02-09T10:07:18
9543172_84,binary_animator_4,00:02:33,FAILED,CPU,2026-02-09T10:05:44,2026-02-09T10:08:17
9543172_85,binary_animator_4,00:01:05,FAILED,CPU,2026-02-09T10:05:44,2026-02-09T10:06:49
9543172_86,binary_animator_4,00:01:23,FAILED,CPU,2026-02-09T10:05:44,2026-02-09T10:07:07
9543172_87,binary_animator_4,00:02:33,FAILED,CPU,2026-02-09T10:05:44,2026-02-09T10:08:17
9543172_88,binary_animator_4,00:01:28,FAILED,CPU,2026-02-09T10:05:44,2026-02-09T10:07:12
9543172_89,binary_animator_4,00:01:57,FAILED,CPU,2026-02-09T10:05:44,2026-02-09T10:07:41
9543172_90,binary_animator_4,00:01:00,FAILED,CPU,2026-02-09T10:05:44,2026-02-09T10:06:44
9543172_91,binary_animator_4,00:01:39,FAILED,CPU,2026-02-09T10:05:44,2026-02-09T10:07:23
9543172_92,binary_animator_4,00:01:55,FAILED,CPU,2026-02-09T10:05:44,2026-02-09T10:07:39
9543172_93,binary_animator_4,00:01:00,FAILED,CPU,2026-02-09T10:05:44,2026-02-09T10:06:44
9543172_94,binary_animator_4,00:01:18,FAILED,CPU,2026-02-09T10:05:44,2026-02-09T10:07:02
9543172_95,binary_animator_4,00:01:23,FAILED,CPU,2026-02-09T10:05:44,2026-02-09T10:07:07
9543172_96,binary_animator_4,00:01:34,FAILED,CPU,2026-02-09T10:05:44,2026-02-09T10:07:18
9543172_97,binary_animator_4,00:01:00,FAILED,CPU,2026-02-09T10:05:44,2026-02-09T10:06:44
9543172_98,binary_animator_4,00:01:28,FAILED,CPU,2026-02-09T10:05:44,2026-02-09T10:07:12
9543172_99,binary_animator_4,00:01:23,FAILED,CPU,2026-02-09T10:05:44,2026-02-09T10:07:07
9543172_100,binary_animator_4,00:01:18,FAILED,CPU,2026-02-09T10:05:44,2026-02-09T10:07:02
9543172_101,binary_animator_4,00:01:41,FAILED,CPU,2026-02-09T10:05:53,2026-02-09T10:07:34
9543172_102,binary_animator_4,00:00:59,FAILED,CPU,2026-02-09T10:05:53,2026-02-09T10:06:52
9543172_103,binary_animator_4,00:01:20,FAILED,CPU,2026-02-09T10:06:14,2026-02-09T10:07:34
9543172_104,binary_animator_4,00:02:09,FAILED,CPU,2026-02-09T10:06:14,2026-02-09T10:08:23
9543172_105,binary_animator_4,00:01:53,FAILED,CPU,2026-02-09T10:06:14,2026-02-09T10:08:07
9543172_106,binary_animator_4,00:01:14,FAILED,CPU,2026-02-09T10:06:14,2026-02-09T10:07:28
9543172_107,binary_animator_4,00:01:25,FAILED,CPU,2026-02-09T10:06:14,2026-02-09T10:07:39
9543172_108,binary_animator_4,00:01:25,FAILED,CPU,2026-02-09T10:06:14,2026-02-09T10:07:39
9543172_109,binary_animator_4,00:01:20,FAILED,CPU,2026-02-09T10:06:14,2026-02-09T10:07:34
9543172_110,binary_animator_4,00:01:25,FAILED,CPU,2026-02-09T10:06:14,2026-02-09T10:07:39
9543172_111,binary_animator_4,00:01:20,FAILED,CPU,2026-02-09T10:06:14,2026-02-09T10:07:34
9543172_112,binary_animator_4,00:00:50,FAILED,CPU,2026-02-09T10:06:44,2026-02-09T10:07:34
9543172_113,binary_animator_4,00:00:50,FAILED,CPU,2026-02-09T10:06:44,2026-02-09T10:07:34
9543172_114,binary_animator_4,00:01:28,FAILED,CPU,2026-02-09T10:06:44,2026-02-09T10:08:12
9543172_115,binary_animator_4,00:00:28,FAILED,CPU,2026-02-09T10:06:44,2026-02-09T10:07:12
9543172_116,binary_animator_4,00:00:54,FAILED,CPU,2026-02-09T10:06:52,2026-02-09T10:07:46
9543172_117,binary_animator_4,00:00:58,FAILED,CPU,2026-02-09T10:07:14,2026-02-09T10:08:12
9543172_118,binary_animator_4,00:00:53,FAILED,CPU,2026-02-09T10:07:14,2026-02-09T10:08:07
9543301_0,binary_animator_4,00:04:38,COMPLETED,CPU,2026-02-09T10:28:53,2026-02-09T10:33:31
9543301_1,binary_animator_4,00:04:30,COMPLETED,CPU,2026-02-09T10:28:53,2026-02-09T10:33:23
9543301_2,binary_animator_4,00:00:42,COMPLETED,CPU,2026-02-09T10:28:53,2026-02-09T10:29:35
9543301_3,binary_animator_4,00:04:23,COMPLETED,CPU,2026-02-09T10:28:53,2026-02-09T10:33:16
9543301_4,binary_animator_4,00:00:42,COMPLETED,CPU,2026-02-09T10:28:53,2026-02-09T10:29:35
9543301_5,binary_animator_4,00:02:36,COMPLETED,CPU,2026-02-09T10:28:53,2026-02-09T10:31:29
9543301_6,binary_animator_4,00:04:30,COMPLETED,CPU,2026-02-09T10:28:53,2026-02-09T10:33:23
9543301_7,binary_animator_4,00:00:45,COMPLETED,CPU,2026-02-09T10:28:53,2026-02-09T10:29:38
9543301_8,binary_animator_4,00:04:25,COMPLETED,CPU,2026-02-09T10:28:53,2026-02-09T10:33:18
9543301_9,binary_animator_4,00:04:34,COMPLETED,CPU,2026-02-09T10:28:53,2026-02-09T10:33:27
9543301_10,binary_animator_4,00:02:13,COMPLETED,CPU,2026-02-09T10:28:53,2026-02-09T10:31:06
9543301_11,binary_animator_4,00:04:51,COMPLETED,CPU,2026-02-09T10:28:53,2026-02-09T10:33:44
9543301_12,binary_animator_4,00:02:16,COMPLETED,CPU,2026-02-09T10:28:53,2026-02-09T10:31:09
9543301_13,binary_animator_4,00:02:42,COMPLETED,CPU,2026-02-09T10:28:53,2026-02-09T10:31:35
9543301_14,binary_animator_4,00:02:47,COMPLETED,CPU,2026-02-09T10:28:53,2026-02-09T10:31:40
9543301_15,binary_animator_4,00:04:26,COMPLETED,CPU,2026-02-09T10:28:53,2026-02-09T10:33:19
9543301_16,binary_animator_4,00:04:26,COMPLETED,CPU,2026-02-09T10:28:53,2026-02-09T10:33:19
9543301_17,binary_animator_4,00:04:46,COMPLETED,CPU,2026-02-09T10:28:53,2026-02-09T10:33:39
9543301_18,binary_animator_4,00:01:44,COMPLETED,CPU,2026-02-09T10:28:53,2026-02-09T10:30:37
9543301_19,binary_animator_4,00:04:57,COMPLETED,CPU,2026-02-09T10:28:53,2026-02-09T10:33:50
9543301_20,binary_animator_4,00:04:26,COMPLETED,CPU,2026-02-09T10:28:53,2026-02-09T10:33:19
9543301_21,binary_animator_4,00:04:37,COMPLETED,CPU,2026-02-09T10:28:53,2026-02-09T10:33:30
9543301_22,binary_animator_4,00:02:37,COMPLETED,CPU,2026-02-09T10:28:53,2026-02-09T10:31:30
9543301_23,binary_animator_4,00:01:45,COMPLETED,CPU,2026-02-09T10:28:53,2026-02-09T10:30:38
9543301_24,binary_animator_4,00:01:40,COMPLETED,CPU,2026-02-09T10:28:53,2026-02-09T10:30:33
9543301_25,binary_animator_4,00:01:40,COMPLETED,CPU,2026-02-09T10:28:53,2026-02-09T10:30:33
9543301_26,binary_animator_4,00:01:40,COMPLETED,CPU,2026-02-09T10:28:53,2026-02-09T10:30:33
9543301_27,binary_animator_4,00:01:36,COMPLETED,CPU,2026-02-09T10:28:53,2026-02-09T10:30:29
9543301_28,binary_animator_4,00:01:21,COMPLETED,CPU,2026-02-09T10:28:53,2026-02-09T10:30:14
9543301_29,binary_animator_4,00:01:17,COMPLETED,CPU,2026-02-09T10:28:53,2026-02-09T10:30:10
9543301_30,binary_animator_4,00:03:25,COMPLETED,CPU,2026-02-09T10:29:52,2026-02-09T10:33:17
9543301_31,binary_animator_4,00:03:57,COMPLETED,CPU,2026-02-09T10:29:52,2026-02-09T10:33:49
9543301_32,binary_animator_4,00:03:28,COMPLETED,CPU,2026-02-09T10:29:52,2026-02-09T10:33:20
9543301_33,binary_animator_4,00:00:43,COMPLETED,CPU,2026-02-09T10:30:29,2026-02-09T10:31:12
9543301_34,binary_animator_4,00:00:37,COMPLETED,CPU,2026-02-09T10:30:30,2026-02-09T10:31:07
9543301_35,binary_animator_4,00:00:32,COMPLETED,CPU,2026-02-09T10:30:30,2026-02-09T10:31:02
9543301_36,binary_animator_4,00:02:29,COMPLETED,CPU,2026-02-09T10:30:52,2026-02-09T10:33:21
9543301_37,binary_animator_4,00:00:38,COMPLETED,CPU,2026-02-09T10:30:52,2026-02-09T10:31:30
9543301_38,binary_animator_4,00:00:38,COMPLETED,CPU,2026-02-09T10:30:52,2026-02-09T10:31:30
9543301_39,binary_animator_4,00:00:46,COMPLETED,CPU,2026-02-09T10:30:52,2026-02-09T10:31:38
9543301_40,binary_animator_4,00:00:41,COMPLETED,CPU,2026-02-09T10:30:52,2026-02-09T10:31:33
9543301_41,binary_animator_4,00:02:08,COMPLETED,CPU,2026-02-09T10:31:30,2026-02-09T10:33:38
9543301_42,binary_animator_4,00:02:03,COMPLETED,CPU,2026-02-09T10:31:30,2026-02-09T10:33:33
9543301_43,binary_animator_4,00:02:19,COMPLETED,CPU,2026-02-09T10:31:30,2026-02-09T10:33:49
9543301_44,binary_animator_4,00:01:11,COMPLETED,CPU,2026-02-09T10:31:30,2026-02-09T10:32:41
9543301_45,binary_animator_4,00:01:10,COMPLETED,CPU,2026-02-09T10:31:30,2026-02-09T10:32:40
9543301_46,binary_animator_4,00:01:15,COMPLETED,CPU,2026-02-09T10:31:30,2026-02-09T10:32:45
9543301_47,binary_animator_4,00:01:56,COMPLETED,CPU,2026-02-09T10:31:53,2026-02-09T10:33:49
9543301_48,binary_animator_4,00:01:33,COMPLETED,CPU,2026-02-09T10:31:53,2026-02-09T10:33:26
9543301_49,binary_animator_4,00:01:56,COMPLETED,CPU,2026-02-09T10:31:53,2026-02-09T10:33:49
9543301_50,binary_animator_4,00:01:07,COMPLETED,CPU,2026-02-09T10:31:53,2026-02-09T10:33:00
9543301_51,binary_animator_4,00:01:02,COMPLETED,CPU,2026-02-09T10:31:53,2026-02-09T10:32:55
9543301_52,binary_animator_4,00:00:58,COMPLETED,CPU,2026-02-09T10:31:53,2026-02-09T10:32:51
9543301_53,binary_animator_4,00:01:07,COMPLETED,CPU,2026-02-09T10:31:53,2026-02-09T10:33:00
9543301_54,binary_animator_4,00:00:32,COMPLETED,CPU,2026-02-09T10:32:41,2026-02-09T10:33:13
9543301_55,binary_animator_4,00:00:37,COMPLETED,CPU,2026-02-09T10:32:53,2026-02-09T10:33:30
9543301_56,binary_animator_4,00:00:42,COMPLETED,CPU,2026-02-09T10:32:53,2026-02-09T10:33:35
9543301_57,binary_animator_4,00:00:31,COMPLETED,CPU,2026-02-09T10:32:53,2026-02-09T10:33:24
9543301_58,binary_animator_4,00:00:53,COMPLETED,CPU,2026-02-09T10:33:11,2026-02-09T10:34:04
9543301_59,binary_animator_4,00:01:03,COMPLETED,CPU,2026-02-09T10:33:11,2026-02-09T10:34:14
9543301_60,binary_animator_4,00:00:48,COMPLETED,CPU,2026-02-09T10:33:11,2026-02-09T10:33:59
9543301_61,binary_animator_4,00:02:05,COMPLETED,CPU,2026-02-09T10:33:41,2026-02-09T10:35:46
9543301_62,binary_animator_4,00:02:26,COMPLETED,CPU,2026-02-09T10:33:41,2026-02-09T10:36:07
9543301_63,binary_animator_4,00:03:39,COMPLETED,CPU,2026-02-09T10:33:41,2026-02-09T10:37:20
9543301_64,binary_animator_4,00:02:41,COMPLETED,CPU,2026-02-09T10:33:41,2026-02-09T10:36:22
9543301_65,binary_animator_4,00:01:55,COMPLETED,CPU,2026-02-09T10:33:41,2026-02-09T10:35:36
9543301_66,binary_animator_4,00:02:05,COMPLETED,CPU,2026-02-09T10:33:41,2026-02-09T10:35:46
9543301_67,binary_animator_4,00:01:48,COMPLETED,CPU,2026-02-09T10:33:41,2026-02-09T10:35:29
9543301_68,binary_animator_4,00:02:00,COMPLETED,CPU,2026-02-09T10:33:41,2026-02-09T10:35:41
9543301_69,binary_animator_4,00:02:06,COMPLETED,CPU,2026-02-09T10:33:41,2026-02-09T10:35:47
9543301_70,binary_animator_4,00:04:01,COMPLETED,CPU,2026-02-09T10:33:41,2026-02-09T10:37:42
9543301_71,binary_animator_4,00:01:48,COMPLETED,CPU,2026-02-09T10:33:41,2026-02-09T10:35:29
9543301_72,binary_animator_4,00:02:30,COMPLETED,CPU,2026-02-09T10:33:41,2026-02-09T10:36:11
9543301_73,binary_animator_4,00:04:05,COMPLETED,CPU,2026-02-09T10:33:41,2026-02-09T10:37:46
9543301_74,binary_animator_4,00:02:36,COMPLETED,CPU,2026-02-09T10:33:41,2026-02-09T10:36:17
9543301_75,binary_animator_4,00:04:01,COMPLETED,CPU,2026-02-09T10:33:41,2026-02-09T10:37:42
9543301_76,binary_animator_4,00:03:29,COMPLETED,CPU,2026-02-09T10:33:41,2026-02-09T10:37:10
9543301_77,binary_animator_4,00:03:54,COMPLETED,CPU,2026-02-09T10:33:41,2026-02-09T10:37:35
9543301_78,binary_animator_4,00:01:00,COMPLETED,CPU,2026-02-09T10:33:41,2026-02-09T10:34:41
9543301_79,binary_animator_4,00:01:00,COMPLETED,CPU,2026-02-09T10:33:41,2026-02-09T10:34:41
9543301_80,binary_animator_4,00:01:07,COMPLETED,CPU,2026-02-09T10:33:41,2026-02-09T10:34:48
9543301_81,binary_animator_4,00:01:12,COMPLETED,CPU,2026-02-09T10:33:41,2026-02-09T10:34:53
9543301_82,binary_animator_4,00:03:22,COMPLETED,CPU,2026-02-09T10:33:52,2026-02-09T10:37:14
9543301_83,binary_animator_4,00:02:08,COMPLETED,CPU,2026-02-09T10:33:52,2026-02-09T10:36:00
9543301_84,binary_animator_4,00:01:38,COMPLETED,CPU,2026-02-09T10:33:52,2026-02-09T10:35:30
9543301_85,binary_animator_4,00:02:25,COMPLETED,CPU,2026-02-09T10:33:52,2026-02-09T10:36:17
9543301_86,binary_animator_4,00:03:34,COMPLETED,CPU,2026-02-09T10:33:52,2026-02-09T10:37:26
9543301_87,binary_animator_4,00:03:33,COMPLETED,CPU,2026-02-09T10:33:52,2026-02-09T10:37:25
9543301_88,binary_animator_4,00:00:36,COMPLETED,CPU,2026-02-09T10:34:12,2026-02-09T10:34:48
9543301_89,binary_animator_4,00:00:30,COMPLETED,CPU,2026-02-09T10:34:12,2026-02-09T10:34:42
9543301_90,binary_animator_4,00:00:32,COMPLETED,CPU,2026-02-09T10:34:42,2026-02-09T10:35:14
9543301_91,binary_animator_4,00:00:51,COMPLETED,CPU,2026-02-09T10:34:42,2026-02-09T10:35:33
9543301_92,binary_animator_4,00:00:36,COMPLETED,CPU,2026-02-09T10:34:42,2026-02-09T10:35:18
9543301_93,binary_animator_4,00:00:31,COMPLETED,CPU,2026-02-09T10:34:52,2026-02-09T10:35:23
9543301_94,binary_animator_4,00:00:35,COMPLETED,CPU,2026-02-09T10:34:52,2026-02-09T10:35:27
9543301_95,binary_animator_4,00:00:31,COMPLETED,CPU,2026-02-09T10:34:52,2026-02-09T10:35:23
9543301_96,binary_animator_4,00:00:33,COMPLETED,CPU,2026-02-09T10:35:12,2026-02-09T10:35:45
9543301_97,binary_animator_4,00:01:38,COMPLETED,CPU,2026-02-09T10:35:42,2026-02-09T10:37:20
9543301_98,binary_animator_4,00:01:38,COMPLETED,CPU,2026-02-09T10:35:42,2026-02-09T10:37:20
9543301_99,binary_animator_4,00:01:43,COMPLETED,CPU,2026-02-09T10:35:42,2026-02-09T10:37:25
9543301_100,binary_animator_4,00:01:53,COMPLETED,CPU,2026-02-09T10:35:42,2026-02-09T10:37:35
9543301_101,binary_animator_4,00:02:04,COMPLETED,CPU,2026-02-09T10:35:43,2026-02-09T10:37:47
9543301_102,binary_animator_4,00:00:53,COMPLETED,CPU,2026-02-09T10:35:43,2026-02-09T10:36:36
9543301_103,binary_animator_4,00:01:07,COMPLETED,CPU,2026-02-09T10:35:43,2026-02-09T10:36:50
9543301_104,binary_animator_4,00:01:18,COMPLETED,CPU,2026-02-09T10:35:43,2026-02-09T10:37:01
9543301_105,binary_animator_4,00:01:05,COMPLETED,CPU,2026-02-09T10:35:43,2026-02-09T10:36:48
9543301_106,binary_animator_4,00:01:13,COMPLETED,CPU,2026-02-09T10:35:43,2026-02-09T10:36:56
9543301_107,binary_animator_4,00:00:58,COMPLETED,CPU,2026-02-09T10:35:43,2026-02-09T10:36:41
9543301_108,binary_animator_4,00:02:05,COMPLETED,CPU,2026-02-09T10:35:53,2026-02-09T10:37:58
9543301_109,binary_animator_4,00:01:42,COMPLETED,CPU,2026-02-09T10:35:53,2026-02-09T10:37:35
9543301_110,binary_animator_4,00:01:26,COMPLETED,CPU,2026-02-09T10:35:53,2026-02-09T10:37:19
9543301_111,binary_animator_4,00:01:03,COMPLETED,CPU,2026-02-09T10:35:53,2026-02-09T10:36:56
9543301_112,binary_animator_4,00:01:47,COMPLETED,CPU,2026-02-09T10:36:13,2026-02-09T10:38:00
9543301_113,binary_animator_4,00:01:34,COMPLETED,CPU,2026-02-09T10:36:13,2026-02-09T10:37:47
9543301_114,binary_animator_4,00:01:48,COMPLETED,CPU,2026-02-09T10:36:13,2026-02-09T10:38:01
9543301_115,binary_animator_4,00:01:21,COMPLETED,CPU,2026-02-09T10:36:43,2026-02-09T10:38:04
9543301_116,binary_animator_4,00:01:20,COMPLETED,CPU,2026-02-09T10:36:43,2026-02-09T10:38:03
9543301_117,binary_animator_4,00:01:08,COMPLETED,CPU,2026-02-09T10:36:43,2026-02-09T10:37:51
9543301_118,binary_animator_4,00:00:36,COMPLETED,CPU,2026-02-09T10:36:43,2026-02-09T10:37:19
9543428_0,binary_animator_4,00:02:11,COMPLETED,CPU,2026-02-09T11:04:23,2026-02-09T11:06:34
9543428_1,binary_animator_4,00:03:39,COMPLETED,CPU,2026-02-09T11:04:23,2026-02-09T11:08:02
9543428_2,binary_animator_4,00:00:44,COMPLETED,CPU,2026-02-09T11:04:23,2026-02-09T11:05:07
9543428_3,binary_animator_4,00:02:42,COMPLETED,CPU,2026-02-09T11:04:23,2026-02-09T11:07:05
9543428_4,binary_animator_4,00:03:33,COMPLETED,CPU,2026-02-09T11:04:23,2026-02-09T11:07:56
9543428_5,binary_animator_4,00:04:40,COMPLETED,CPU,2026-02-09T11:04:23,2026-02-09T11:09:03
9543428_6,binary_animator_4,00:03:45,COMPLETED,CPU,2026-02-09T11:04:23,2026-02-09T11:08:08
9543428_7,binary_animator_4,00:04:02,COMPLETED,CPU,2026-02-09T11:04:23,2026-02-09T11:08:25
9543428_8,binary_animator_4,00:03:46,COMPLETED,CPU,2026-02-09T11:04:23,2026-02-09T11:08:09
9543428_9,binary_animator_4,00:03:50,COMPLETED,CPU,2026-02-09T11:04:23,2026-02-09T11:08:13
9543428_10,binary_animator_4,00:00:37,COMPLETED,CPU,2026-02-09T11:04:23,2026-02-09T11:05:00
9543428_11,binary_animator_4,00:03:33,COMPLETED,CPU,2026-02-09T11:04:23,2026-02-09T11:07:56
9543428_12,binary_animator_4,00:04:13,COMPLETED,CPU,2026-02-09T11:04:23,2026-02-09T11:08:36
9543428_13,binary_animator_4,00:02:07,COMPLETED,CPU,2026-02-09T11:04:23,2026-02-09T11:06:30
9543428_14,binary_animator_4,00:03:41,COMPLETED,CPU,2026-02-09T11:04:23,2026-02-09T11:08:04
9543428_15,binary_animator_4,00:02:42,COMPLETED,CPU,2026-02-09T11:04:23,2026-02-09T11:07:05
9543428_16,binary_animator_4,00:02:43,COMPLETED,CPU,2026-02-09T11:04:23,2026-02-09T11:07:06
9543428_17,binary_animator_4,00:03:41,COMPLETED,CPU,2026-02-09T11:04:23,2026-02-09T11:08:04
9543428_18,binary_animator_4,00:02:35,COMPLETED,CPU,2026-02-09T11:04:23,2026-02-09T11:06:58
9543428_19,binary_animator_4,00:02:37,COMPLETED,CPU,2026-02-09T11:04:23,2026-02-09T11:07:00
9543428_20,binary_animator_4,00:03:46,COMPLETED,CPU,2026-02-09T11:04:23,2026-02-09T11:08:09
9543428_21,binary_animator_4,00:03:55,COMPLETED,CPU,2026-02-09T11:04:23,2026-02-09T11:08:18
9543428_22,binary_animator_4,00:03:40,COMPLETED,CPU,2026-02-09T11:04:23,2026-02-09T11:08:03
9543428_23,binary_animator_4,00:02:49,COMPLETED,CPU,2026-02-09T11:04:23,2026-02-09T11:07:12
9543428_24,binary_animator_4,00:02:05,COMPLETED,CPU,2026-02-09T11:04:24,2026-02-09T11:06:29
9543428_25,binary_animator_4,00:04:06,COMPLETED,CPU,2026-02-09T11:04:54,2026-02-09T11:09:00
9543428_26,binary_animator_4,00:00:55,COMPLETED,CPU,2026-02-09T11:04:54,2026-02-09T11:05:49
9543428_27,binary_animator_4,00:00:46,COMPLETED,CPU,2026-02-09T11:04:54,2026-02-09T11:05:40
9543428_28,binary_animator_4,00:00:47,COMPLETED,CPU,2026-02-09T11:04:54,2026-02-09T11:05:41
9543428_29,binary_animator_4,00:00:54,COMPLETED,CPU,2026-02-09T11:04:54,2026-02-09T11:05:48
9543428_30,binary_animator_4,00:02:34,COMPLETED,CPU,2026-02-09T11:05:24,2026-02-09T11:07:58
9543428_31,binary_animator_4,00:03:16,COMPLETED,CPU,2026-02-09T11:05:24,2026-02-09T11:08:40
9543428_32,binary_animator_4,00:00:40,COMPLETED,CPU,2026-02-09T11:05:55,2026-02-09T11:06:35
9543428_33,binary_animator_4,00:00:43,COMPLETED,CPU,2026-02-09T11:05:55,2026-02-09T11:06:38
9543428_34,binary_animator_4,00:00:39,COMPLETED,CPU,2026-02-09T11:05:55,2026-02-09T11:06:34
9543428_35,binary_animator_4,00:00:42,COMPLETED,CPU,2026-02-09T11:05:55,2026-02-09T11:06:37
9543428_36,binary_animator_4,00:01:28,COMPLETED,CPU,2026-02-09T11:06:56,2026-02-09T11:08:24
9543428_37,binary_animator_4,00:01:40,COMPLETED,CPU,2026-02-09T11:06:56,2026-02-09T11:08:36
9543428_38,binary_animator_4,00:01:28,COMPLETED,CPU,2026-02-09T11:06:56,2026-02-09T11:08:24
9543428_39,binary_animator_4,00:00:40,COMPLETED,CPU,2026-02-09T11:06:56,2026-02-09T11:07:36
9543428_40,binary_animator_4,00:00:44,COMPLETED,CPU,2026-02-09T11:06:56,2026-02-09T11:07:40
9543428_41,binary_animator_4,00:00:49,COMPLETED,CPU,2026-02-09T11:06:56,2026-02-09T11:07:45
9543428_42,binary_animator_4,00:00:40,COMPLETED,CPU,2026-02-09T11:06:56,2026-02-09T11:07:36
9543428_43,binary_animator_4,00:01:32,COMPLETED,CPU,2026-02-09T11:07:27,2026-02-09T11:08:59
9543428_44,binary_animator_4,00:01:32,COMPLETED,CPU,2026-02-09T11:07:27,2026-02-09T11:08:59
9543428_45,binary_animator_4,00:01:31,COMPLETED,CPU,2026-02-09T11:07:27,2026-02-09T11:08:58
9543428_46,binary_animator_4,00:01:16,COMPLETED,CPU,2026-02-09T11:07:27,2026-02-09T11:08:43
9543428_47,binary_animator_4,00:01:25,COMPLETED,CPU,2026-02-09T11:07:27,2026-02-09T11:08:52
9543428_48,binary_animator_4,00:01:21,COMPLETED,CPU,2026-02-09T11:07:27,2026-02-09T11:08:48
9543428_49,binary_animator_4,00:01:01,COMPLETED,CPU,2026-02-09T11:07:58,2026-02-09T11:08:59
9543428_50,binary_animator_4,00:00:55,COMPLETED,CPU,2026-02-09T11:07:58,2026-02-09T11:08:53
9543428_51,binary_animator_4,00:01:06,COMPLETED,CPU,2026-02-09T11:07:58,2026-02-09T11:09:04
9543428_52,binary_animator_4,00:01:06,COMPLETED,CPU,2026-02-09T11:07:58,2026-02-09T11:09:04
9543428_53,binary_animator_4,00:01:10,COMPLETED,CPU,2026-02-09T11:07:58,2026-02-09T11:09:08
9543428_54,binary_animator_4,00:01:10,COMPLETED,CPU,2026-02-09T11:07:58,2026-02-09T11:09:08
9543428_55,binary_animator_4,00:02:35,COMPLETED,CPU,2026-02-09T11:08:28,2026-02-09T11:11:03
9543428_56,binary_animator_4,00:02:34,COMPLETED,CPU,2026-02-09T11:08:28,2026-02-09T11:11:02
9543428_57,binary_animator_4,00:02:59,COMPLETED,CPU,2026-02-09T11:08:28,2026-02-09T11:11:27
9543428_58,binary_animator_4,00:02:26,COMPLETED,CPU,2026-02-09T11:08:28,2026-02-09T11:10:54
9543428_59,binary_animator_4,00:02:45,COMPLETED,CPU,2026-02-09T11:08:28,2026-02-09T11:11:13
9543428_60,binary_animator_4,00:02:35,COMPLETED,CPU,2026-02-09T11:08:28,2026-02-09T11:11:03
9543428_61,binary_animator_4,00:02:47,COMPLETED,CPU,2026-02-09T11:08:28,2026-02-09T11:11:15
9543428_62,binary_animator_4,00:02:54,COMPLETED,CPU,2026-02-09T11:08:28,2026-02-09T11:11:22
9543428_63,binary_animator_4,00:02:45,COMPLETED,CPU,2026-02-09T11:08:28,2026-02-09T11:11:13
9543428_64,binary_animator_4,00:02:58,COMPLETED,CPU,2026-02-09T11:08:28,2026-02-09T11:11:26
9543428_65,binary_animator_4,00:02:44,COMPLETED,CPU,2026-02-09T11:08:28,2026-02-09T11:11:12
9543428_66,binary_animator_4,00:02:35,COMPLETED,CPU,2026-02-09T11:08:28,2026-02-09T11:11:03
9543428_67,binary_animator_4,00:02:44,COMPLETED,CPU,2026-02-09T11:08:28,2026-02-09T11:11:12
9543428_68,binary_animator_4,00:02:46,COMPLETED,CPU,2026-02-09T11:08:58,2026-02-09T11:11:44
9543428_69,binary_animator_4,00:02:09,COMPLETED,CPU,2026-02-09T11:08:58,2026-02-09T11:11:07
9543428_70,binary_animator_4,00:02:14,COMPLETED,CPU,2026-02-09T11:08:58,2026-02-09T11:11:12
9543428_71,binary_animator_4,00:02:15,COMPLETED,CPU,2026-02-09T11:08:59,2026-02-09T11:11:14
9543428_72,binary_animator_4,00:02:16,COMPLETED,CPU,2026-02-09T11:08:59,2026-02-09T11:11:15
9543428_73,binary_animator_4,00:02:29,COMPLETED,CPU,2026-02-09T11:08:59,2026-02-09T11:11:28
9543428_74,binary_animator_4,00:02:12,COMPLETED,CPU,2026-02-09T11:08:59,2026-02-09T11:11:11
9543428_75,binary_animator_4,00:02:34,COMPLETED,CPU,2026-02-09T11:08:59,2026-02-09T11:11:33
9543428_76,binary_animator_4,00:01:45,COMPLETED,CPU,2026-02-09T11:09:29,2026-02-09T11:11:14
9543428_77,binary_animator_4,00:01:59,COMPLETED,CPU,2026-02-09T11:09:29,2026-02-09T11:11:28
9543428_78,binary_animator_4,00:01:25,COMPLETED,CPU,2026-02-09T11:09:29,2026-02-09T11:10:54
9543428_79,binary_animator_4,00:01:58,COMPLETED,CPU,2026-02-09T11:09:29,2026-02-09T11:11:27
9543428_80,binary_animator_4,00:01:45,COMPLETED,CPU,2026-02-09T11:09:29,2026-02-09T11:11:14
9543428_81,binary_animator_4,00:00:50,COMPLETED,CPU,2026-02-09T11:09:29,2026-02-09T11:10:19
9543428_82,binary_animator_4,00:00:59,COMPLETED,CPU,2026-02-09T11:09:29,2026-02-09T11:10:28
9543428_83,binary_animator_4,00:00:50,COMPLETED,CPU,2026-02-09T11:09:29,2026-02-09T11:10:19
9543428_84,binary_animator_4,00:00:53,COMPLETED,CPU,2026-02-09T11:09:29,2026-02-09T11:10:22
9543428_85,binary_animator_4,00:01:02,COMPLETED,CPU,2026-02-09T11:10:30,2026-02-09T11:11:32
9543428_86,binary_animator_4,00:01:01,COMPLETED,CPU,2026-02-09T11:10:30,2026-02-09T11:11:31
9543428_87,binary_animator_4,00:01:04,COMPLETED,CPU,2026-02-09T11:10:30,2026-02-09T11:11:34
9543428_88,binary_animator_4,00:01:09,COMPLETED,CPU,2026-02-09T11:10:30,2026-02-09T11:11:39
9543428_89,binary_animator_4,00:00:37,COMPLETED,CPU,2026-02-09T11:11:01,2026-02-09T11:11:38
9543428_90,binary_animator_4,00:00:33,COMPLETED,CPU,2026-02-09T11:11:01,2026-02-09T11:11:34
9543428_91,binary_animator_4,00:02:57,COMPLETED,CPU,2026-02-09T11:11:31,2026-02-09T11:14:28
9543428_92,binary_animator_4,00:02:36,COMPLETED,CPU,2026-02-09T11:11:31,2026-02-09T11:14:07
9543428_93,binary_animator_4,00:01:13,COMPLETED,CPU,2026-02-09T11:11:31,2026-02-09T11:12:44
9543428_94,binary_animator_4,00:02:26,COMPLETED,CPU,2026-02-09T11:11:31,2026-02-09T11:13:57
9543428_95,binary_animator_4,00:02:36,COMPLETED,CPU,2026-02-09T11:11:31,2026-02-09T11:14:07
9543428_96,binary_animator_4,00:02:26,COMPLETED,CPU,2026-02-09T11:11:31,2026-02-09T11:13:57
9543428_97,binary_animator_4,00:01:08,COMPLETED,CPU,2026-02-09T11:11:31,2026-02-09T11:12:39
9543428_98,binary_animator_4,00:02:47,COMPLETED,CPU,2026-02-09T11:11:31,2026-02-09T11:14:18
9543428_99,binary_animator_4,00:02:52,COMPLETED,CPU,2026-02-09T11:11:31,2026-02-09T11:14:23
9543428_100,binary_animator_4,00:03:11,COMPLETED,CPU,2026-02-09T11:11:32,2026-02-09T11:14:43
9543428_101,binary_animator_4,00:02:20,COMPLETED,CPU,2026-02-09T11:11:32,2026-02-09T11:13:52
9543428_102,binary_animator_4,00:02:17,COMPLETED,CPU,2026-02-09T11:11:32,2026-02-09T11:13:49
9543428_103,binary_animator_4,00:01:12,COMPLETED,CPU,2026-02-09T11:11:32,2026-02-09T11:12:44
9543428_104,binary_animator_4,00:01:18,COMPLETED,CPU,2026-02-09T11:11:32,2026-02-09T11:12:50
9543428_105,binary_animator_4,00:02:46,COMPLETED,CPU,2026-02-09T11:11:32,2026-02-09T11:14:18
9543428_106,binary_animator_4,00:02:20,COMPLETED,CPU,2026-02-09T11:11:32,2026-02-09T11:13:52
9543428_107,binary_animator_4,00:02:45,COMPLETED,CPU,2026-02-09T11:11:32,2026-02-09T11:14:17
9543428_108,binary_animator_4,00:02:21,COMPLETED,CPU,2026-02-09T11:11:32,2026-02-09T11:13:53
9543428_109,binary_animator_4,00:02:31,COMPLETED,CPU,2026-02-09T11:11:32,2026-02-09T11:14:03
9543428_110,binary_animator_4,00:03:12,COMPLETED,CPU,2026-02-09T11:11:32,2026-02-09T11:14:44
9543428_111,binary_animator_4,00:01:05,COMPLETED,CPU,2026-02-09T11:11:32,2026-02-09T11:12:37
9543428_112,binary_animator_4,00:01:16,COMPLETED,CPU,2026-02-09T11:11:32,2026-02-09T11:12:48
9543428_113,binary_animator_4,00:00:35,COMPLETED,CPU,2026-02-09T11:11:32,2026-02-09T11:12:07
9543428_114,binary_animator_4,00:02:15,COMPLETED,CPU,2026-02-09T11:12:02,2026-02-09T11:14:17
9543428_115,binary_animator_4,00:02:25,COMPLETED,CPU,2026-02-09T11:12:02,2026-02-09T11:14:27
9543428_116,binary_animator_4,00:02:45,COMPLETED,CPU,2026-02-09T11:12:02,2026-02-09T11:14:47
9543428_117,binary_animator_4,00:02:15,COMPLETED,CPU,2026-02-09T11:12:02,2026-02-09T11:14:17
9543428_118,binary_animator_4,00:00:37,COMPLETED,CPU,2026-02-09T11:12:02,2026-02-09T11:12:39
9543562_0,binary_analyzer_2,00:15:51,COMPLETED,CPU,2026-02-09T11:20:10,2026-02-09T11:36:01
9543562_1,binary_analyzer_2,00:15:51,COMPLETED,CPU,2026-02-09T11:20:10,2026-02-09T11:36:01
9543562_2,binary_analyzer_2,00:16:26,COMPLETED,CPU,2026-02-09T11:20:10,2026-02-09T11:36:36
9543562_3,binary_analyzer_2,00:17:46,COMPLETED,CPU,2026-02-09T11:20:10,2026-02-09T11:37:56
9543562_4,binary_analyzer_2,00:18:33,COMPLETED,CPU,2026-02-09T11:20:10,2026-02-09T11:38:43
9543570_0,binary_analyzer_2,00:15:48,COMPLETED,CPU,2026-02-09T11:55:42,2026-02-09T12:11:30
9543570_1,binary_analyzer_2,00:15:53,COMPLETED,CPU,2026-02-09T11:55:42,2026-02-09T12:11:35
9543570_2,binary_analyzer_2,00:16:31,COMPLETED,CPU,2026-02-09T11:55:42,2026-02-09T12:12:13
9543570_3,binary_analyzer_2,00:18:00,COMPLETED,CPU,2026-02-09T11:55:42,2026-02-09T12:13:42
9543570_4,binary_analyzer_2,00:18:56,COMPLETED,CPU,2026-02-09T11:55:42,2026-02-09T12:14:38
9543583_0,binary_analyzer_2,00:15:23,COMPLETED,CPU,2026-02-09T12:23:37,2026-02-09T12:39:00
9543583_1,binary_analyzer_2,00:15:39,COMPLETED,CPU,2026-02-09T12:23:37,2026-02-09T12:39:16
9543583_2,binary_analyzer_2,00:16:22,COMPLETED,CPU,2026-02-09T12:23:37,2026-02-09T12:39:59
9543583_3,binary_analyzer_2,00:17:54,COMPLETED,CPU,2026-02-09T12:23:37,2026-02-09T12:41:31
9543583_4,binary_analyzer_2,00:18:34,COMPLETED,CPU,2026-02-09T12:23:37,2026-02-09T12:42:11
9563810_0,binary_analyzer_3,00:17:39,COMPLETED,CPU,2026-02-13T15:43:56,2026-02-13T16:01:35
9563810_1,binary_analyzer_3,00:15:43,COMPLETED,CPU,2026-02-13T15:43:57,2026-02-13T15:59:40
9563810_2,binary_analyzer_3,00:15:49,COMPLETED,CPU,2026-02-13T15:43:57,2026-02-13T15:59:46
9563810_3,binary_analyzer_3,00:17:15,COMPLETED,CPU,2026-02-13T15:43:57,2026-02-13T16:01:12
9563810_4,binary_analyzer_3,00:18:00,COMPLETED,CPU,2026-02-13T15:43:57,2026-02-13T16:01:57
9582250_0,single_lens_array_2,00:00:39,FAILED,CPU,2026-02-16T12:46:41,2026-02-16T12:47:20
9582250_1,single_lens_array_2,00:00:39,FAILED,CPU,2026-02-16T12:46:41,2026-02-16T12:47:20
9582253_0,single_lens_array_2,00:00:13,FAILED,CPU,2026-02-16T12:50:04,2026-02-16T12:50:17
9582253_1,single_lens_array_2,00:00:13,FAILED,CPU,2026-02-16T12:50:04,2026-02-16T12:50:17
9582272_0,single_lens_array_2,12:21:07,COMPLETED,CPU,2026-02-16T12:57:29,2026-02-17T01:18:36
9582272_1,single_lens_array_2,08:32:29,COMPLETED,CPU,2026-02-16T12:57:29,2026-02-16T21:29:58
9582274_0,binary_lens_array_2,21:35:31,COMPLETED,CPU,2026-02-16T13:00:11,2026-02-17T10:35:42
9582274_1,binary_lens_array_2,15:06:11,COMPLETED,CPU,2026-02-16T13:00:11,2026-02-17T04:06:22
9582274_2,binary_lens_array_2,20:20:20,COMPLETED,CPU,2026-02-16T13:00:11,2026-02-17T09:20:31
9582274_3,binary_lens_array_2,11:18:41,COMPLETED,CPU,2026-02-16T13:00:11,2026-02-17T00:18:52
9582274_4,binary_lens_array_2,16:02:45,COMPLETED,CPU,2026-02-16T13:00:11,2026-02-17T05:02:56
9582274_5,binary_lens_array_2,11:13:54,COMPLETED,CPU,2026-02-16T13:00:11,2026-02-17T00:14:05
9582274_6,binary_lens_array_2,16:27:46,COMPLETED,CPU,2026-02-16T13:00:11,2026-02-17T05:27:57
9582274_7,binary_lens_array_2,11:02:48,COMPLETED,CPU,2026-02-16T13:00:11,2026-02-17T00:02:59
9582274_8,binary_lens_array_2,16:21:19,COMPLETED,CPU,2026-02-16T13:00:11,2026-02-17T05:21:30
9582274_9,binary_lens_array_2,11:05:39,COMPLETED,CPU,2026-02-16T13:00:11,2026-02-17T00:05:50
9582274_10,binary_lens_array_2,16:20:10,COMPLETED,CPU,2026-02-16T13:00:11,2026-02-17T05:20:21
9582274_11,binary_lens_array_2,10:46:52,COMPLETED,CPU,2026-02-16T13:00:11,2026-02-16T23:47:03
9582274_12,binary_lens_array_2,15:57:51,COMPLETED,CPU,2026-02-16T13:00:11,2026-02-17T04:58:02
9582274_13,binary_lens_array_2,11:15:36,COMPLETED,CPU,2026-02-16T13:00:11,2026-02-17T00:15:47
9582274_14,binary_lens_array_2,16:17:10,COMPLETED,CPU,2026-02-16T13:00:11,2026-02-17T05:17:21
9582274_15,binary_lens_array_2,11:25:40,COMPLETED,CPU,2026-02-16T13:00:11,2026-02-17T00:25:51
9582274_16,binary_lens_array_2,16:28:04,COMPLETED,CPU,2026-02-16T13:00:11,2026-02-17T05:28:15
9582274_17,binary_lens_array_2,11:10:52,COMPLETED,CPU,2026-02-16T13:00:11,2026-02-17T00:11:03
9582274_18,binary_lens_array_2,16:12:37,COMPLETED,CPU,2026-02-16T13:00:11,2026-02-17T05:12:48
9582274_19,binary_lens_array_2,11:01:48,COMPLETED,CPU,2026-02-16T13:00:11,2026-02-17T00:01:59
9582274_20,binary_lens_array_2,14:38:12,COMPLETED,CPU,2026-02-16T13:00:11,2026-02-17T03:38:23
9582274_21,binary_lens_array_2,12:47:38,COMPLETED,CPU,2026-02-16T13:00:11,2026-02-17T01:47:49
9582274_22,binary_lens_array_2,17:34:30,COMPLETED,CPU,2026-02-16T13:00:11,2026-02-17T06:34:41
9582274_23,binary_lens_array_2,12:46:29,COMPLETED,CPU,2026-02-16T13:00:12,2026-02-17T01:46:41
9582274_24,binary_lens_array_2,17:43:58,COMPLETED,CPU,2026-02-16T13:00:12,2026-02-17T06:44:10
9582274_25,binary_lens_array_2,14:04:46,COMPLETED,CPU,2026-02-16T13:00:53,2026-02-17T03:05:39
9582274_26,binary_lens_array_2,19:22:06,COMPLETED,CPU,2026-02-16T13:00:53,2026-02-17T08:22:59
9582274_27,binary_lens_array_2,14:06:29,COMPLETED,CPU,2026-02-16T13:00:53,2026-02-17T03:07:22
9582274_28,binary_lens_array_2,12:47:30,COMPLETED,CPU,2026-02-16T21:30:21,2026-02-17T10:17:51
9582274_29,binary_lens_array_2,10:16:24,COMPLETED,CPU,2026-02-16T23:47:41,2026-02-17T10:04:05
9582274_30,binary_lens_array_2,14:50:03,COMPLETED,CPU,2026-02-17T00:02:17,2026-02-17T14:52:20
9582274_31,binary_lens_array_2,08:38:39,COMPLETED,CPU,2026-02-17T00:03:25,2026-02-17T08:42:04
9582274_32,binary_lens_array_2,11:56:54,COMPLETED,CPU,2026-02-17T00:06:17,2026-02-17T12:03:11
9582274_33,binary_lens_array_2,08:38:04,COMPLETED,CPU,2026-02-17T00:11:27,2026-02-17T08:49:31
9589439_0,binary_analyzer_4,00:04:10,COMPLETED,CPU,2026-02-18T14:53:07,2026-02-18T14:57:17
9589439_1,binary_analyzer_4,00:04:11,COMPLETED,CPU,2026-02-18T14:53:07,2026-02-18T14:57:18
9589439_2,binary_analyzer_4,00:04:45,COMPLETED,CPU,2026-02-18T14:53:07,2026-02-18T14:57:52
9589439_3,binary_analyzer_4,00:04:55,COMPLETED,CPU,2026-02-18T14:53:07,2026-02-18T14:58:02
9589439_4,binary_analyzer_4,00:05:20,COMPLETED,CPU,2026-02-18T14:53:07,2026-02-18T14:58:27
9612297_0,binary_lens_array_4,22:49:44,COMPLETED,CPU,2026-02-23T17:58:34,2026-02-24T16:48:18
9612297_1,binary_lens_array_4,22:25:02,COMPLETED,CPU,2026-02-23T17:58:34,2026-02-24T16:23:36
9612297_2,binary_lens_array_4,22:20:59,COMPLETED,CPU,2026-02-23T17:58:34,2026-02-24T16:19:33
9612297_3,binary_lens_array_4,22:24:35,COMPLETED,CPU,2026-02-23T17:58:34,2026-02-24T16:23:09
9612297_4,binary_lens_array_4,22:21:04,COMPLETED,CPU,2026-02-23T17:58:34,2026-02-24T16:19:38
9612297_5,binary_lens_array_4,22:22:31,COMPLETED,CPU,2026-02-23T17:58:34,2026-02-24T16:21:05
9612297_6,binary_lens_array_4,22:22:15,COMPLETED,CPU,2026-02-23T17:58:34,2026-02-24T16:20:49
9612297_7,binary_lens_array_4,22:21:40,COMPLETED,CPU,2026-02-23T17:58:34,2026-02-24T16:20:14
9612297_8,binary_lens_array_4,1-20:00:08,TIMEOUT,CPU,2026-02-23T17:58:34,2026-02-25T13:58:42
9612297_9,binary_lens_array_4,1-20:00:09,TIMEOUT,CPU,2026-02-23T17:58:34,2026-02-25T13:58:43
9612297_10,binary_lens_array_4,1-20:00:09,TIMEOUT,CPU,2026-02-23T17:58:34,2026-02-25T13:58:43
9612297_11,binary_lens_array_4,1-20:00:09,TIMEOUT,CPU,2026-02-23T17:58:34,2026-02-25T13:58:43
9612297_12,binary_lens_array_4,1-20:00:09,TIMEOUT,CPU,2026-02-23T17:58:34,2026-02-25T13:58:43
9612297_13,binary_lens_array_4,1-20:00:09,TIMEOUT,CPU,2026-02-23T17:58:34,2026-02-25T13:58:43
9612297_14,binary_lens_array_4,1-20:00:09,TIMEOUT,CPU,2026-02-23T17:58:34,2026-02-25T13:58:43
9612297_15,binary_lens_array_4,1-20:00:09,TIMEOUT,CPU,2026-02-23T17:58:34,2026-02-25T13:58:43
9612297_16,binary_lens_array_4,1-20:00:09,TIMEOUT,CPU,2026-02-23T17:58:34,2026-02-25T13:58:43
9612297_17,binary_lens_array_4,1-20:00:09,TIMEOUT,CPU,2026-02-23T17:58:34,2026-02-25T13:58:43
9612297_18,binary_lens_array_4,1-20:00:09,TIMEOUT,CPU,2026-02-23T17:58:34,2026-02-25T13:58:43
9612297_19,binary_lens_array_4,18:00:28,COMPLETED,CPU,2026-02-23T17:58:34,2026-02-24T11:59:02
9612297_20,binary_lens_array_4,1-01:15:55,COMPLETED,CPU,2026-02-23T17:58:34,2026-02-24T19:14:29
9612297_21,binary_lens_array_4,1-01:13:12,COMPLETED,CPU,2026-02-23T17:58:34,2026-02-24T19:11:46
9612297_22,binary_lens_array_4,1-08:27:22,COMPLETED,CPU,2026-02-23T17:58:34,2026-02-25T02:25:56
9612297_23,binary_lens_array_4,1-08:27:18,COMPLETED,CPU,2026-02-23T17:58:34,2026-02-25T02:25:52
9612297_24,binary_lens_array_4,1-08:27:25,COMPLETED,CPU,2026-02-23T17:58:34,2026-02-25T02:25:59
9612297_25,binary_lens_array_4,1-10:11:59,COMPLETED,CPU,2026-02-23T17:59:05,2026-02-25T04:11:04
9612297_26,binary_lens_array_4,1-10:13:00,COMPLETED,CPU,2026-02-23T17:59:05,2026-02-25T04:12:05
9612297_27,binary_lens_array_4,1-10:18:25,COMPLETED,CPU,2026-02-23T17:59:05,2026-02-25T04:17:30
9612297_28,binary_lens_array_4,1-10:10:13,COMPLETED,CPU,2026-02-23T17:59:05,2026-02-25T04:09:18
9612297_29,binary_lens_array_4,22:02:08,COMPLETED,CPU,2026-02-23T17:59:05,2026-02-24T16:01:13
9612297_30,binary_lens_array_4,15:43:14,COMPLETED,CPU,2026-02-24T11:59:16,2026-02-25T03:42:30
9612297_31,binary_lens_array_4,19:57:12,COMPLETED,CPU,2026-02-24T16:01:37,2026-02-25T11:58:49
9612297_32,binary_lens_array_4,22:30:15,COMPLETED,CPU,2026-02-24T16:19:53,2026-02-25T14:50:08
9612297_33,binary_lens_array_4,22:35:09,COMPLETED,CPU,2026-02-24T16:19:53,2026-02-25T14:55:02
9612297_34,binary_lens_array_4,22:43:08,COMPLETED,CPU,2026-02-24T16:20:26,2026-02-25T15:03:34
9612297_35,binary_lens_array_4,22:27:50,COMPLETED,CPU,2026-02-24T16:20:59,2026-02-25T14:48:49
9612297_36,binary_lens_array_4,22:29:50,COMPLETED,CPU,2026-02-24T16:21:32,2026-02-25T14:51:22
9612297_37,binary_lens_array_4,22:31:07,COMPLETED,CPU,2026-02-24T16:23:12,2026-02-25T14:54:19
9612297_38,binary_lens_array_4,22:31:40,COMPLETED,CPU,2026-02-24T16:23:45,2026-02-25T14:55:25
9612297_39,binary_lens_array_4,22:47:58,COMPLETED,CPU,2026-02-24T16:48:43,2026-02-25T15:36:41
9612297_40,binary_lens_array_4,16:26:34,COMPLETED,CPU,2026-02-24T19:11:50,2026-02-25T11:38:24
9612297_41,binary_lens_array_4,21:32:58,COMPLETED,CPU,2026-02-24T19:14:38,2026-02-25T16:47:36
9612297_42,binary_lens_array_4,16:38:06,COMPLETED,CPU,2026-02-25T02:26:24,2026-02-25T19:04:30
9612297_43,binary_lens_array_4,1-00:03:53,COMPLETED,CPU,2026-02-25T02:26:24,2026-02-26T02:30:17
9612297_44,binary_lens_array_4,1-00:04:40,COMPLETED,CPU,2026-02-25T02:26:24,2026-02-26T02:31:04
9612297_45,binary_lens_array_4,1-00:00:35,COMPLETED,CPU,2026-02-25T03:42:42,2026-02-26T03:43:17
9612297_46,binary_lens_array_4,1-06:50:07,COMPLETED,CPU,2026-02-25T04:09:23,2026-02-26T10:59:30
9612297_47,binary_lens_array_4,1-09:58:22,COMPLETED,CPU,2026-02-25T04:11:06,2026-02-26T14:09:28
9612297_48,binary_lens_array_4,1-12:20:32,COMPLETED,CPU,2026-02-25T04:12:14,2026-02-26T16:32:46
9612297_49,binary_lens_array_4,1-08:40:39,COMPLETED,CPU,2026-02-25T04:17:52,2026-02-26T12:58:31
9612297_50,binary_lens_array_4,16:29:21,COMPLETED,CPU,2026-02-25T11:38:58,2026-02-26T04:08:19
9612297_51,binary_lens_array_4,18:23:51,COMPLETED,CPU,2026-02-25T11:59:06,2026-02-26T06:22:57
9612297_52,binary_lens_array_4,18:23:32,COMPLETED,CPU,2026-02-25T13:59:10,2026-02-26T08:22:42
9612297_53,binary_lens_array_4,20:34:27,COMPLETED,CPU,2026-02-25T13:59:10,2026-02-26T10:33:37
9612297_54,binary_lens_array_4,23:39:36,COMPLETED,CPU,2026-02-25T13:59:10,2026-02-26T13:38:46
9612297_55,binary_lens_array_4,1-01:42:08,COMPLETED,CPU,2026-02-25T13:59:10,2026-02-26T15:41:18
9612297_56,binary_lens_array_4,1-16:23:39,COMPLETED,CPU,2026-02-25T13:59:10,2026-02-27T06:22:49
9612297_57,binary_lens_array_4,1-15:12:43,COMPLETED,CPU,2026-02-25T13:59:10,2026-02-27T05:11:53
9612297_58,binary_lens_array_4,1-14:08:38,COMPLETED,CPU,2026-02-25T13:59:10,2026-02-27T04:07:48
9612297_59,binary_lens_array_4,1-14:00:23,COMPLETED,CPU,2026-02-25T13:59:10,2026-02-27T03:59:33
9612297_60,binary_lens_array_4,1-13:53:41,COMPLETED,CPU,2026-02-25T13:59:10,2026-02-27T03:52:51
9612297_61,binary_lens_array_4,1-13:52:48,COMPLETED,CPU,2026-02-25T13:59:10,2026-02-27T03:51:58
9612297_62,binary_lens_array_4,1-14:01:07,COMPLETED,CPU,2026-02-25T13:59:10,2026-02-27T04:00:17
9612297_63,binary_lens_array_4,23:30:21,COMPLETED,CPU,2026-02-25T14:49:15,2026-02-26T14:19:36
9612297_64,binary_lens_array_4,23:34:25,COMPLETED,CPU,2026-02-25T14:50:26,2026-02-26T14:24:51
9612297_65,binary_lens_array_4,23:43:27,COMPLETED,CPU,2026-02-25T14:51:36,2026-02-26T14:35:03
9612297_66,binary_lens_array_4,23:54:52,COMPLETED,CPU,2026-02-25T14:54:34,2026-02-26T14:49:26
9612297_67,binary_lens_array_4,1-00:29:45,COMPLETED,CPU,2026-02-25T14:55:09,2026-02-26T15:24:54
9612297_68,binary_lens_array_4,1-02:44:33,COMPLETED,CPU,2026-02-25T14:55:44,2026-02-26T17:40:17
9612297_69,binary_lens_array_4,1-03:58:42,COMPLETED,CPU,2026-02-25T15:04:01,2026-02-26T19:02:43
9612297_70,binary_lens_array_4,23:46:19,COMPLETED,CPU,2026-02-25T15:36:44,2026-02-26T15:23:03
9612297_71,binary_lens_array_4,23:47:00,COMPLETED,CPU,2026-02-25T16:47:44,2026-02-26T16:34:44
9612297_72,binary_lens_array_4,1-00:04:59,COMPLETED,CPU,2026-02-25T19:04:51,2026-02-26T19:09:50
9612297_73,binary_lens_array_4,1-00:45:51,COMPLETED,CPU,2026-02-26T02:30:50,2026-02-27T03:16:41
9612297_74,binary_lens_array_4,18:46:27,COMPLETED,CPU,2026-02-26T02:31:25,2026-02-26T21:17:52
9612297_75,binary_lens_array_4,1-06:04:18,COMPLETED,CPU,2026-02-26T03:43:34,2026-02-27T09:47:52
9612297_76,binary_lens_array_4,19:49:25,COMPLETED,CPU,2026-02-26T04:08:49,2026-02-26T23:58:14
9612297_77,binary_lens_array_4,18:06:14,COMPLETED,CPU,2026-02-26T06:23:24,2026-02-27T00:29:38
9612297_78,binary_lens_array_4,18:21:45,COMPLETED,CPU,2026-02-26T08:22:51,2026-02-27T02:44:36
9612297_79,binary_lens_array_4,18:20:40,COMPLETED,CPU,2026-02-26T10:33:42,2026-02-27T04:54:22
9612297_80,binary_lens_array_4,17:48:29,COMPLETED,CPU,2026-02-26T10:59:37,2026-02-27T04:48:06
9612297_81,binary_lens_array_4,18:08:37,COMPLETED,CPU,2026-02-26T12:58:45,2026-02-27T07:07:22
9612297_82,binary_lens_array_4,18:30:05,COMPLETED,CPU,2026-02-26T13:39:09,2026-02-27T08:09:14
9612297_83,binary_lens_array_4,18:06:10,COMPLETED,CPU,2026-02-26T14:09:57,2026-02-27T08:16:07
9612297_84,binary_lens_array_4,1-01:26:15,COMPLETED,CPU,2026-02-26T14:20:01,2026-02-27T15:46:16
9612297_85,binary_lens_array_4,1-01:26:33,COMPLETED,CPU,2026-02-26T14:25:18,2026-02-27T15:51:51
9612297_86,binary_lens_array_4,1-01:24:07,COMPLETED,CPU,2026-02-26T14:35:22,2026-02-27T15:59:29
9612297_87,binary_lens_array_4,1-01:33:05,COMPLETED,CPU,2026-02-26T14:49:47,2026-02-27T16:22:52
9612297_88,binary_lens_array_4,1-01:32:45,COMPLETED,CPU,2026-02-26T15:23:26,2026-02-27T16:56:11
9612297_89,binary_lens_array_4,1-01:29:54,COMPLETED,CPU,2026-02-26T15:25:01,2026-02-27T16:54:55
9612297_90,binary_lens_array_4,18:35:13,COMPLETED,CPU,2026-02-26T15:41:24,2026-02-27T10:16:37
9612297_91,binary_lens_array_4,17:53:49,COMPLETED,CPU,2026-02-26T16:33:07,2026-02-27T10:26:56
9612297_92,binary_lens_array_4,1-01:26:17,COMPLETED,CPU,2026-02-26T16:35:14,2026-02-27T18:01:31
9612297_93,binary_lens_array_4,1-01:18:12,COMPLETED,CPU,2026-02-26T17:40:37,2026-02-27T18:58:49
9612297_94,binary_lens_array_4,1-01:03:13,COMPLETED,CPU,2026-02-26T19:02:49,2026-02-27T20:06:02
9612297_95,binary_lens_array_4,1-01:06:46,COMPLETED,CPU,2026-02-26T19:10:11,2026-02-27T20:16:57
9612297_96,binary_lens_array_4,17:47:06,COMPLETED,CPU,2026-02-26T21:18:09,2026-02-27T15:05:15
9612297_97,binary_lens_array_4,19:22:13,COMPLETED,CPU,2026-02-26T23:58:26,2026-02-27T19:20:39
9612297_98,binary_lens_array_4,17:16:01,COMPLETED,CPU,2026-02-27T00:30:08,2026-02-27T17:46:09
9612297_99,binary_lens_array_4,18:31:01,COMPLETED,CPU,2026-02-27T02:45:05,2026-02-27T21:16:06
9612297_100,binary_lens_array_4,1-00:07:31,COMPLETED,CPU,2026-02-27T03:17:00,2026-02-28T03:24:31
9612297_101,binary_lens_array_4,23:20:34,COMPLETED,CPU,2026-02-27T03:52:19,2026-02-28T03:12:53
9612297_102,binary_lens_array_4,23:22:30,COMPLETED,CPU,2026-02-27T03:52:53,2026-02-28T03:15:23
9612297_103,binary_lens_array_4,23:21:16,COMPLETED,CPU,2026-02-27T04:00:01,2026-02-28T03:21:17
9612297_104,binary_lens_array_4,23:26:26,COMPLETED,CPU,2026-02-27T04:00:36,2026-02-28T03:27:02
9612297_105,binary_lens_array_4,23:23:28,COMPLETED,CPU,2026-02-27T04:07:52,2026-02-28T03:31:20
9612297_106,binary_lens_array_4,17:59:33,COMPLETED,CPU,2026-02-27T04:48:10,2026-02-27T22:47:43
9612297_107,binary_lens_array_4,18:27:21,COMPLETED,CPU,2026-02-27T04:54:52,2026-02-27T23:22:13
9612297_108,binary_lens_array_4,23:12:33,COMPLETED,CPU,2026-02-27T05:12:20,2026-02-28T04:24:53
9612297_109,binary_lens_array_4,23:26:15,COMPLETED,CPU,2026-02-27T06:23:08,2026-02-28T05:49:23
9612297_110,binary_lens_array_4,17:54:53,COMPLETED,CPU,2026-02-27T07:07:27,2026-02-28T01:02:20
9612297_111,binary_lens_array_4,18:26:19,COMPLETED,CPU,2026-02-27T08:09:39,2026-02-28T02:35:58
9612297_112,binary_lens_array_4,17:54:18,COMPLETED,CPU,2026-02-27T08:16:25,2026-02-28T02:10:43
9612297_113,binary_lens_array_4,1-05:09:18,COMPLETED,CPU,2026-02-27T09:48:09,2026-02-28T14:57:27
9612297_114,binary_lens_array_4,18:19:11,COMPLETED,CPU,2026-02-27T10:17:04,2026-02-28T04:36:15
9612297_115,binary_lens_array_4,17:46:04,COMPLETED,CPU,2026-02-27T10:27:19,2026-02-28T04:13:23
9612297_116,binary_lens_array_4,18:00:54,COMPLETED,CPU,2026-02-27T15:05:27,2026-02-28T09:06:21
9612297_117,binary_lens_array_4,19:40:55,COMPLETED,CPU,2026-02-27T15:46:29,2026-02-28T11:27:24
9612297_118,binary_lens_array_4,19:41:28,COMPLETED,CPU,2026-02-27T15:52:07,2026-02-28T11:33:35
9612329,single_lens_array_4,18:28:12,COMPLETED,CPU,2026-02-27T15:59:46,2026-02-28T10:27:58
9838246_0,binary_lens_array_4,00:00:25,COMPLETED,CPU,2026-03-02T12:19:29,2026-03-02T12:19:54
9838246_1,binary_lens_array_4,00:02:23,CANCELLED by 80217962,CPU,2026-03-02T12:19:29,2026-03-02T12:21:52
9838246_2,binary_lens_array_4,00:02:23,CANCELLED by 80217962,CPU,2026-03-02T12:19:29,2026-03-02T12:21:52
9838246_3,binary_lens_array_4,00:02:23,CANCELLED by 80217962,CPU,2026-03-02T12:19:29,2026-03-02T12:21:52
9838246_4,binary_lens_array_4,00:02:23,CANCELLED by 80217962,CPU,2026-03-02T12:19:29,2026-03-02T12:21:52
9838246_5,binary_lens_array_4,00:02:23,CANCELLED by 80217962,CPU,2026-03-02T12:19:29,2026-03-02T12:21:52
9838246_6,binary_lens_array_4,00:02:23,CANCELLED by 80217962,CPU,2026-03-02T12:19:29,2026-03-02T12:21:52
9838246_7,binary_lens_array_4,00:02:23,CANCELLED by 80217962,CPU,2026-03-02T12:19:29,2026-03-02T12:21:52
9838246_8,binary_lens_array_4,00:02:23,CANCELLED by 80217962,CPU,2026-03-02T12:19:29,2026-03-02T12:21:52
9838246_9,binary_lens_array_4,00:02:23,CANCELLED by 80217962,CPU,2026-03-02T12:19:29,2026-03-02T12:21:52
9838246_10,binary_lens_array_4,00:02:23,CANCELLED by 80217962,CPU,2026-03-02T12:19:29,2026-03-02T12:21:52
9838260_0,binary_lens_array_4,00:00:14,COMPLETED,CPU,2026-03-02T12:23:09,2026-03-02T12:23:23
9838260_1,binary_lens_array_4,04:32:21,CANCELLED by 80217962,CPU,2026-03-02T12:23:09,2026-03-02T16:55:30
9838260_2,binary_lens_array_4,04:32:21,CANCELLED by 80217962,CPU,2026-03-02T12:23:09,2026-03-02T16:55:30
9838260_3,binary_lens_array_4,04:32:21,CANCELLED by 80217962,CPU,2026-03-02T12:23:09,2026-03-02T16:55:30
9838260_4,binary_lens_array_4,04:32:21,CANCELLED by 80217962,CPU,2026-03-02T12:23:09,2026-03-02T16:55:30
9838260_5,binary_lens_array_4,04:32:21,CANCELLED by 80217962,CPU,2026-03-02T12:23:09,2026-03-02T16:55:30
9838260_6,binary_lens_array_4,04:32:21,CANCELLED by 80217962,CPU,2026-03-02T12:23:09,2026-03-02T16:55:30
9838260_7,binary_lens_array_4,04:32:21,CANCELLED by 80217962,CPU,2026-03-02T12:23:09,2026-03-02T16:55:30
9838260_8,binary_lens_array_4,04:32:21,CANCELLED by 80217962,CPU,2026-03-02T12:23:09,2026-03-02T16:55:30
9838260_9,binary_lens_array_4,04:32:21,CANCELLED by 80217962,CPU,2026-03-02T12:23:09,2026-03-02T16:55:30
9838260_10,binary_lens_array_4,04:32:21,CANCELLED by 80217962,CPU,2026-03-02T12:23:09,2026-03-02T16:55:30
9838260_11,binary_lens_array_4,04:32:21,CANCELLED by 80217962,CPU,2026-03-02T12:23:09,2026-03-02T16:55:30
9838260_12,binary_lens_array_4,00:00:37,COMPLETED,CPU,2026-03-02T12:23:09,2026-03-02T12:23:46
9838260_13,binary_lens_array_4,00:00:37,COMPLETED,CPU,2026-03-02T12:23:09,2026-03-02T12:23:46
9846464_0,binary_lens_array_4,00:00:27,COMPLETED,CPU,2026-03-02T17:00:19,2026-03-02T17:00:46
9846464_1,binary_lens_array_4,13:26:25,COMPLETED,CPU,2026-03-02T17:00:19,2026-03-03T06:26:44
9846464_2,binary_lens_array_4,13:39:59,COMPLETED,CPU,2026-03-02T17:00:19,2026-03-03T06:40:18
9846464_3,binary_lens_array_4,19:34:34,COMPLETED,CPU,2026-03-02T17:00:19,2026-03-03T12:34:53
9846464_4,binary_lens_array_4,19:34:41,COMPLETED,CPU,2026-03-02T17:00:19,2026-03-03T12:35:00
9846464_5,binary_lens_array_4,1-03:26:19,COMPLETED,CPU,2026-03-02T17:00:19,2026-03-03T20:26:38
9846464_6,binary_lens_array_4,1-03:24:53,COMPLETED,CPU,2026-03-02T17:00:19,2026-03-03T20:25:12
9846464_7,binary_lens_array_4,1-03:22:47,COMPLETED,CPU,2026-03-02T17:00:19,2026-03-03T20:23:06
9846464_8,binary_lens_array_4,1-03:26:29,COMPLETED,CPU,2026-03-02T17:00:19,2026-03-03T20:26:48
9846464_9,binary_lens_array_4,1-03:09:07,COMPLETED,CPU,2026-03-02T17:00:19,2026-03-03T20:09:26
9846464_10,binary_lens_array_4,10:29:06,COMPLETED,CPU,2026-03-02T17:00:19,2026-03-03T03:29:25
9846464_11,binary_lens_array_4,10:40:44,COMPLETED,CPU,2026-03-02T17:00:19,2026-03-03T03:41:03
9846464_12,binary_lens_array_4,00:00:37,COMPLETED,CPU,2026-03-02T17:00:19,2026-03-02T17:00:56
9846464_13,binary_lens_array_4,00:00:35,COMPLETED,CPU,2026-03-02T17:00:19,2026-03-02T17:00:54
9849140,interactive,01:00:19,TIMEOUT,GPU,2026-03-02T17:44:04,2026-03-02T18:44:23
9999650_0,binary_analyzer_4,00:03:40,CANCELLED by 80217962,CPU,2026-03-04T11:34:38,2026-03-04T11:38:18
9999650_1,binary_analyzer_4,00:03:40,CANCELLED by 80217962,CPU,2026-03-04T11:34:38,2026-03-04T11:38:18
9999650_2,binary_analyzer_4,00:03:40,CANCELLED by 80217962,CPU,2026-03-04T11:34:38,2026-03-04T11:38:18
9999650_3,binary_analyzer_4,00:03:40,CANCELLED by 80217962,CPU,2026-03-04T11:34:38,2026-03-04T11:38:18
9999650_4,binary_analyzer_4,00:03:40,CANCELLED by 80217962,CPU,2026-03-04T11:34:38,2026-03-04T11:38:18
9999658_0,binary_analyzer_4,00:07:42,COMPLETED,CPU,2026-03-04T11:40:23,2026-03-04T11:48:05
9999658_1,binary_analyzer_4,00:07:41,COMPLETED,CPU,2026-03-04T11:40:23,2026-03-04T11:48:04
9999658_2,binary_analyzer_4,00:08:25,COMPLETED,CPU,2026-03-04T11:40:23,2026-03-04T11:48:48
9999658_3,binary_analyzer_4,00:07:36,COMPLETED,CPU,2026-03-04T11:40:23,2026-03-04T11:47:59
9999658_4,binary_analyzer_4,00:13:37,COMPLETED,CPU,2026-03-04T11:40:23,2026-03-04T11:54:00
9999683,gpu_test,00:00:15,COMPLETED,GPU,2026-03-04T12:02:22,2026-03-04T12:02:37
9999684,interactive,00:02:13,COMPLETED,GPU,2026-03-04T12:03:28,2026-03-04T12:05:41
9999685,gpu_test,00:00:12,COMPLETED,GPU,2026-03-04T12:05:44,2026-03-04T12:05:56
9999690,triple_single_5,00:00:31,FAILED,GPU,2026-03-04T12:17:23,2026-03-04T12:17:54
9999845,triple_single_5,00:00:25,FAILED,GPU,2026-03-04T12:20:42,2026-03-04T12:21:07
9999881,interactive,00:05:41,COMPLETED,GPU,2026-03-04T12:25:27,2026-03-04T12:31:08
9999882,triple_single_5,01:28:36,COMPLETED,GPU,2026-03-04T12:31:50,2026-03-04T14:00:26
9999884_0,binary_analyzer_4,00:24:16,COMPLETED,CPU,2026-03-04T12:44:03,2026-03-04T13:08:19
9999884_1,binary_analyzer_4,00:24:16,COMPLETED,CPU,2026-03-04T12:44:03,2026-03-04T13:08:19
9999884_2,binary_analyzer_4,00:26:18,COMPLETED,CPU,2026-03-04T12:44:03,2026-03-04T13:10:21
9999884_3,binary_analyzer_4,00:26:16,COMPLETED,CPU,2026-03-04T12:44:03,2026-03-04T13:10:19
9999884_4,binary_analyzer_4,00:47:04,COMPLETED,CPU,2026-03-04T12:44:03,2026-03-04T13:31:07
9999913,triple_single_5,00:00:27,CANCELLED by 80217962,GPU,2026-03-04T13:30:29,2026-03-04T13:30:56
9999915,triple_single_5,00:00:44,FAILED,GPU,2026-03-04T13:32:10,2026-03-04T13:32:54
9999920,triple_single_5,00:00:38,FAILED,GPU,2026-03-04T13:59:52,2026-03-04T14:00:30
10081909,triple_single_5,00:00:39,FAILED,GPU,2026-03-05T14:08:37,2026-03-05T14:09:16
10082055,triple_single_5,00:00:22,FAILED,GPU,2026-03-05T14:12:25,2026-03-05T14:12:47
10082105,triple_single_5,00:00:21,FAILED,GPU,2026-03-05T14:13:41,2026-03-05T14:14:02
10082167,triple_single_5,00:01:09,CANCELLED by 80217962,GPU,2026-03-05T14:16:51,2026-03-05T14:18:00
10082231,triple_single_5,00:00:24,FAILED,GPU,2026-03-05T14:18:43,2026-03-05T14:19:07
10082290,triple_single_5,00:01:45,CANCELLED by 80217962,GPU,2026-03-05T14:20:39,2026-03-05T14:22:24
10082364,triple_single_5,00:01:28,CANCELLED by 80217962,GPU,2026-03-05T14:23:12,2026-03-05T14:24:40
10082564,triple_single_5,01:58:15,COMPLETED,GPU,2026-03-05T14:30:56,2026-03-05T16:29:11
10084208,triple_single_5,01:14:05,FAILED,GPU,2026-03-05T15:33:46,2026-03-05T16:47:51
10174208,triple_cpu_gpu_checker,00:00:44,FAILED,GPU,2026-03-11T13:02:33,2026-03-11T13:03:17
10174219,triple_cpu_gpu_checker,00:01:06,FAILED,GPU,2026-03-11T13:08:44,2026-03-11T13:09:50
10174274,triple_cpu_gpu_checker,00:00:31,FAILED,GPU,2026-03-11T13:29:21,2026-03-11T13:29:52
10174285,triple_cpu_gpu_checker,00:00:25,FAILED,GPU,2026-03-11T13:33:28,2026-03-11T13:33:53
10174608,triple_cpu_gpu_checker,00:00:44,FAILED,GPU,2026-03-11T14:10:19,2026-03-11T14:11:03
10174637,triple_cpu_gpu_checker,00:01:27,FAILED,GPU,2026-03-11T14:20:02,2026-03-11T14:21:29
10174641,triple_cpu_gpu_checker,00:01:25,FAILED,GPU,2026-03-11T14:29:39,2026-03-11T14:31:04
10174645,triple_cpu_gpu_checker,00:01:22,FAILED,GPU,2026-03-11T14:40:24,2026-03-11T14:41:46
10174649,triple_cpu_gpu_checker,00:10:11,TIMEOUT,GPU,2026-03-11T14:47:58,2026-03-11T14:58:09
10249949,triple_cpu_gpu_checker,00:01:35,COMPLETED,GPU,2026-03-13T16:02:56,2026-03-13T16:04:31
10251556,triple_cpu_gpu_checker,00:01:41,COMPLETED,GPU,2026-03-13T16:24:37,2026-03-13T16:26:18
10252120,triple_cpu_gpu_checker,00:01:37,COMPLETED,GPU,2026-03-13T16:32:46,2026-03-13T16:34:23
10252162,gpu_benchmark,00:15:04,COMPLETED,GPU,2026-03-13T16:38:59,2026-03-13T16:54:03
10252174,triple_single_5,00:03:03,CANCELLED by 80217962,GPU,2026-03-13T16:54:28,2026-03-13T16:57:31
10252252,triple_binoffset_series.sh,00:00:20,FAILED,CPU,2026-03-13T16:59:19,2026-03-13T16:59:39
10252282_0,triple_lens_parallel,01:43:37,COMPLETED,GPU,2026-03-13T17:02:11,2026-03-13T18:45:48
10252282_1,triple_lens_parallel,00:00:24,COMPLETED,GPU,2026-03-13T18:45:58,2026-03-13T18:46:22
10252282_2,triple_lens_parallel,00:00:17,COMPLETED,GPU,2026-03-13T18:46:34,2026-03-13T18:46:51
10252282_3,triple_lens_parallel,00:58:58,CANCELLED by 80217962,GPU,2026-03-13T18:47:10,2026-03-13T19:46:08
10252282_4,triple_lens_parallel,01:43:37,COMPLETED,GPU,2026-03-13T19:46:42,2026-03-13T21:30:19
10252282_5,triple_lens_parallel,01:40:59,CANCELLED by 80217962,GPU,2026-03-13T21:25:09,2026-03-13T23:06:08
10252282_6,triple_lens_parallel,01:35:48,CANCELLED by 80217962,GPU,2026-03-13T21:30:20,2026-03-13T23:06:08
10252282_[7-124],triple_lens_parallel,00:00:00,CANCELLED by 80217962,GPU,None,2026-03-13T23:06:08
10253199,triple_gpu,00:04:48,CANCELLED by 80217962,GPU,2026-03-13T23:13:29,2026-03-13T23:18:17
10253200_0,triple_cpu,00:01:45,COMPLETED,CPU,2026-03-13T23:13:55,2026-03-13T23:15:40
10253200_1,triple_cpu,00:01:26,COMPLETED,CPU,2026-03-13T23:13:55,2026-03-13T23:15:21
10253200_2,triple_cpu,00:02:07,COMPLETED,CPU,2026-03-13T23:13:55,2026-03-13T23:16:02
10253200_3,triple_cpu,00:03:22,CANCELLED by 80217962,CPU,2026-03-13T23:13:55,2026-03-13T23:17:17
10253200_4,triple_cpu,00:01:36,COMPLETED,CPU,2026-03-13T23:13:55,2026-03-13T23:15:31
10253200_5,triple_cpu,00:03:22,CANCELLED by 80217962,CPU,2026-03-13T23:13:55,2026-03-13T23:17:17
10253200_6,triple_cpu,00:03:22,CANCELLED by 80217962,CPU,2026-03-13T23:13:55,2026-03-13T23:17:17
10253200_7,triple_cpu,00:03:22,CANCELLED by 80217962,CPU,2026-03-13T23:13:55,2026-03-13T23:17:17
10253200_8,triple_cpu,00:03:22,CANCELLED by 80217962,CPU,2026-03-13T23:13:55,2026-03-13T23:17:17
10253200_9,triple_cpu,00:03:22,CANCELLED by 80217962,CPU,2026-03-13T23:13:55,2026-03-13T23:17:17
10253200_10,triple_cpu,00:03:22,CANCELLED by 80217962,CPU,2026-03-13T23:13:55,2026-03-13T23:17:17
10253200_11,triple_cpu,00:03:22,CANCELLED by 80217962,CPU,2026-03-13T23:13:55,2026-03-13T23:17:17
10253200_12,triple_cpu,00:03:22,CANCELLED by 80217962,CPU,2026-03-13T23:13:55,2026-03-13T23:17:17
10253200_13,triple_cpu,00:03:22,CANCELLED by 80217962,CPU,2026-03-13T23:13:55,2026-03-13T23:17:17
10253200_14,triple_cpu,00:03:22,CANCELLED by 80217962,CPU,2026-03-13T23:13:55,2026-03-13T23:17:17
10253200_15,triple_cpu,00:03:22,CANCELLED by 80217962,CPU,2026-03-13T23:13:55,2026-03-13T23:17:17
10253200_16,triple_cpu,00:03:22,CANCELLED by 80217962,CPU,2026-03-13T23:13:55,2026-03-13T23:17:17
10253200_17,triple_cpu,00:03:22,CANCELLED by 80217962,CPU,2026-03-13T23:13:55,2026-03-13T23:17:17
10253200_18,triple_cpu,00:03:22,CANCELLED by 80217962,CPU,2026-03-13T23:13:55,2026-03-13T23:17:17
10253200_19,triple_cpu,00:03:22,CANCELLED by 80217962,CPU,2026-03-13T23:13:55,2026-03-13T23:17:17
10253200_20,triple_cpu,00:03:22,CANCELLED by 80217962,CPU,2026-03-13T23:13:55,2026-03-13T23:17:17
10253200_21,triple_cpu,00:03:22,CANCELLED by 80217962,CPU,2026-03-13T23:13:55,2026-03-13T23:17:17
10253200_22,triple_cpu,00:03:22,CANCELLED by 80217962,CPU,2026-03-13T23:13:55,2026-03-13T23:17:17
10253200_23,triple_cpu,00:03:22,CANCELLED by 80217962,CPU,2026-03-13T23:13:55,2026-03-13T23:17:17
10253200_24,triple_cpu,00:03:22,CANCELLED by 80217962,CPU,2026-03-13T23:13:55,2026-03-13T23:17:17
10253200_25,triple_cpu,00:02:48,CANCELLED by 80217962,CPU,2026-03-13T23:14:29,2026-03-13T23:17:17
10253200_26,triple_cpu,00:02:48,CANCELLED by 80217962,CPU,2026-03-13T23:14:29,2026-03-13T23:17:17
10253200_27,triple_cpu,00:02:48,CANCELLED by 80217962,CPU,2026-03-13T23:14:29,2026-03-13T23:17:17
10253200_28,triple_cpu,00:02:48,CANCELLED by 80217962,CPU,2026-03-13T23:14:29,2026-03-13T23:17:17
10253200_29,triple_cpu,00:01:42,CANCELLED by 80217962,CPU,2026-03-13T23:15:35,2026-03-13T23:17:17
10253200_30,triple_cpu,00:01:42,CANCELLED by 80217962,CPU,2026-03-13T23:15:35,2026-03-13T23:17:17
10253200_31,triple_cpu,00:01:08,CANCELLED by 80217962,CPU,2026-03-13T23:16:09,2026-03-13T23:17:17
10253200_32,triple_cpu,00:01:08,CANCELLED by 80217962,CPU,2026-03-13T23:16:09,2026-03-13T23:17:17
10253200_[33-124],triple_cpu,00:00:00,CANCELLED by 80217962,CPU,None,2026-03-13T23:17:17
10253251,triple_gpu,2-00:00:19,TIMEOUT,GPU,2026-03-13T23:19:51,2026-03-15T23:20:10
10253252_0,triple_cpu,00:00:14,COMPLETED,CPU,2026-03-13T23:20:01,2026-03-13T23:20:15
10253252_1,triple_cpu,00:01:23,COMPLETED,CPU,2026-03-13T23:20:01,2026-03-13T23:21:24
10253252_2,triple_cpu,00:00:55,COMPLETED,CPU,2026-03-13T23:20:01,2026-03-13T23:20:56
10253252_3,triple_cpu,12:23:29,COMPLETED,CPU,2026-03-13T23:20:01,2026-03-14T11:43:30
10253252_4,triple_cpu,00:01:08,COMPLETED,CPU,2026-03-13T23:20:01,2026-03-13T23:21:09
10253252_5,triple_cpu,12:24:54,COMPLETED,CPU,2026-03-13T23:20:01,2026-03-14T11:44:55
10253252_6,triple_cpu,12:18:16,COMPLETED,CPU,2026-03-13T23:20:01,2026-03-14T11:38:17
10253252_7,triple_cpu,12:24:24,COMPLETED,CPU,2026-03-13T23:20:01,2026-03-14T11:44:25
10253252_8,triple_cpu,12:24:28,COMPLETED,CPU,2026-03-13T23:20:01,2026-03-14T11:44:29
10253252_9,triple_cpu,1-01:00:17,TIMEOUT,CPU,2026-03-13T23:20:01,2026-03-15T00:20:18
10253252_10,triple_cpu,1-01:00:17,TIMEOUT,CPU,2026-03-13T23:20:01,2026-03-15T00:20:18
10253252_11,triple_cpu,1-01:00:17,TIMEOUT,CPU,2026-03-13T23:20:01,2026-03-15T00:20:18
10253252_12,triple_cpu,1-01:00:17,TIMEOUT,CPU,2026-03-13T23:20:01,2026-03-15T00:20:18
10253252_13,triple_cpu,1-01:00:17,TIMEOUT,CPU,2026-03-13T23:20:01,2026-03-15T00:20:18
10253252_14,triple_cpu,1-01:00:17,TIMEOUT,CPU,2026-03-13T23:20:01,2026-03-15T00:20:18
10253252_15,triple_cpu,1-01:00:17,TIMEOUT,CPU,2026-03-13T23:20:01,2026-03-15T00:20:18
10253252_16,triple_cpu,1-01:00:17,TIMEOUT,CPU,2026-03-13T23:20:01,2026-03-15T00:20:18
10253252_17,triple_cpu,1-01:00:17,TIMEOUT,CPU,2026-03-13T23:20:01,2026-03-15T00:20:18
10253252_18,triple_cpu,15:59:15,COMPLETED,CPU,2026-03-13T23:20:01,2026-03-14T15:19:16
10253252_19,triple_cpu,15:58:51,COMPLETED,CPU,2026-03-13T23:20:01,2026-03-14T15:18:52
10253252_20,triple_cpu,15:55:34,COMPLETED,CPU,2026-03-13T23:20:01,2026-03-14T15:15:35
10253252_21,triple_cpu,15:58:42,COMPLETED,CPU,2026-03-13T23:20:01,2026-03-14T15:18:43
10253252_22,triple_cpu,15:58:47,COMPLETED,CPU,2026-03-13T23:20:01,2026-03-14T15:18:48
10253252_23,triple_cpu,15:58:44,COMPLETED,CPU,2026-03-13T23:20:01,2026-03-14T15:18:45
10253252_24,triple_cpu,15:58:56,COMPLETED,CPU,2026-03-13T23:20:01,2026-03-14T15:18:57
10253252_25,triple_cpu,08:37:30,COMPLETED,CPU,2026-03-13T23:20:34,2026-03-14T07:58:04
10253252_26,triple_cpu,20:46:52,COMPLETED,CPU,2026-03-13T23:20:34,2026-03-14T20:07:26
10253252_27,triple_cpu,20:46:34,COMPLETED,CPU,2026-03-13T23:20:34,2026-03-14T20:07:08
10253252_28,triple_cpu,20:46:21,COMPLETED,CPU,2026-03-13T23:20:34,2026-03-14T20:06:55
10253252_29,triple_cpu,17:17:41,COMPLETED,CPU,2026-03-13T23:20:34,2026-03-14T16:38:15
10253252_30,triple_cpu,12:27:25,COMPLETED,CPU,2026-03-13T23:21:08,2026-03-14T11:48:33
10253252_31,triple_cpu,12:27:22,COMPLETED,CPU,2026-03-13T23:21:41,2026-03-14T11:49:03
10253252_32,triple_cpu,12:27:23,COMPLETED,CPU,2026-03-13T23:21:41,2026-03-14T11:49:04
10253252_33,triple_cpu,08:54:07,COMPLETED,CPU,2026-03-14T07:58:06,2026-03-14T16:52:13
10253252_34,triple_cpu,14:47:12,COMPLETED,CPU,2026-03-14T11:38:46,2026-03-15T02:25:58
10253252_35,triple_cpu,14:48:48,COMPLETED,CPU,2026-03-14T11:43:38,2026-03-15T02:32:26
10253252_36,triple_cpu,14:51:25,COMPLETED,CPU,2026-03-14T11:44:47,2026-03-15T02:36:12
10253252_37,triple_cpu,14:48:52,COMPLETED,CPU,2026-03-14T11:44:47,2026-03-15T02:33:39
10253252_38,triple_cpu,14:46:10,COMPLETED,CPU,2026-03-14T11:45:23,2026-03-15T02:31:33
10253252_39,triple_cpu,14:48:26,COMPLETED,CPU,2026-03-14T11:48:49,2026-03-15T02:37:15
10253252_40,triple_cpu,14:49:16,COMPLETED,CPU,2026-03-14T11:49:23,2026-03-15T02:38:39
10253252_41,triple_cpu,14:49:12,COMPLETED,CPU,2026-03-14T11:49:23,2026-03-15T02:38:35
10253252_42,triple_cpu,09:31:15,COMPLETED,CPU,2026-03-14T15:16:09,2026-03-15T00:47:24
10253252_43,triple_cpu,14:57:46,COMPLETED,CPU,2026-03-14T15:19:04,2026-03-15T06:16:50
10253252_44,triple_cpu,15:05:34,COMPLETED,CPU,2026-03-14T15:19:04,2026-03-15T06:24:38
10253252_45,triple_cpu,14:57:56,COMPLETED,CPU,2026-03-14T15:19:04,2026-03-15T06:17:00
10253252_46,triple_cpu,14:57:40,COMPLETED,CPU,2026-03-14T15:19:04,2026-03-15T06:16:44
10253252_47,triple_cpu,12:39:31,COMPLETED,CPU,2026-03-14T15:19:04,2026-03-15T03:58:35
10253252_48,triple_cpu,09:07:31,COMPLETED,CPU,2026-03-14T15:19:39,2026-03-15T00:27:10
10253252_49,triple_cpu,09:30:01,COMPLETED,CPU,2026-03-14T16:38:48,2026-03-15T02:08:49
10253252_50,triple_cpu,09:30:02,COMPLETED,CPU,2026-03-14T16:52:28,2026-03-15T02:22:30
10253252_51,triple_cpu,17:15:48,COMPLETED,CPU,2026-03-14T20:06:59,2026-03-15T13:22:47
10253252_52,triple_cpu,17:15:59,COMPLETED,CPU,2026-03-14T20:07:30,2026-03-15T13:23:29
10253252_53,triple_cpu,17:14:34,COMPLETED,CPU,2026-03-14T20:07:30,2026-03-15T13:22:04
10253252_54,triple_cpu,09:56:50,COMPLETED,CPU,2026-03-15T00:20:19,2026-03-15T10:17:09
10253252_55,triple_cpu,09:56:50,COMPLETED,CPU,2026-03-15T00:20:19,2026-03-15T10:17:09
10253252_56,triple_cpu,18:37:44,COMPLETED,CPU,2026-03-15T00:20:19,2026-03-15T18:58:03
10253252_57,triple_cpu,18:37:44,COMPLETED,CPU,2026-03-15T00:20:19,2026-03-15T18:58:03
10253252_58,triple_cpu,18:37:53,COMPLETED,CPU,2026-03-15T00:20:19,2026-03-15T18:58:12
10253252_59,triple_cpu,18:37:46,COMPLETED,CPU,2026-03-15T00:20:19,2026-03-15T18:58:05
10253252_60,triple_cpu,18:37:48,COMPLETED,CPU,2026-03-15T00:20:19,2026-03-15T18:58:07
10253252_61,triple_cpu,18:37:37,COMPLETED,CPU,2026-03-15T00:20:19,2026-03-15T18:57:56
10253252_62,triple_cpu,18:37:46,COMPLETED,CPU,2026-03-15T00:20:19,2026-03-15T18:58:05
10253252_63,triple_cpu,18:37:39,COMPLETED,CPU,2026-03-15T00:27:21,2026-03-15T19:05:00
10253252_64,triple_cpu,18:39:03,COMPLETED,CPU,2026-03-15T00:47:33,2026-03-15T19:26:36
10253252_65,triple_cpu,18:42:36,COMPLETED,CPU,2026-03-15T02:08:50,2026-03-15T20:51:26
10253252_66,triple_cpu,09:56:55,COMPLETED,CPU,2026-03-15T02:22:33,2026-03-15T12:19:28
10253252_67,triple_cpu,09:56:58,COMPLETED,CPU,2026-03-15T02:26:24,2026-03-15T12:23:22
10253252_68,triple_cpu,18:42:33,COMPLETED,CPU,2026-03-15T02:31:54,2026-03-15T21:14:27
10253252_69,triple_cpu,18:42:29,COMPLETED,CPU,2026-03-15T02:32:58,2026-03-15T21:15:27
10253252_70,triple_cpu,18:42:28,COMPLETED,CPU,2026-03-15T02:34:04,2026-03-15T21:16:32
10253252_71,triple_cpu,13:44:22,COMPLETED,CPU,2026-03-15T02:36:16,2026-03-15T16:20:38
10253252_72,triple_cpu,13:47:11,COMPLETED,CPU,2026-03-15T02:37:21,2026-03-15T16:24:32
10253252_73,triple_cpu,13:54:13,COMPLETED,CPU,2026-03-15T02:38:58,2026-03-15T16:33:11
10253252_74,triple_cpu,13:47:40,COMPLETED,CPU,2026-03-15T02:38:58,2026-03-15T16:26:38
10253252_75,triple_cpu,13:42:33,COMPLETED,CPU,2026-03-15T03:58:46,2026-03-15T17:41:19
10253252_76,triple_cpu,18:15:27,COMPLETED,CPU,2026-03-15T06:16:56,2026-03-16T00:32:23
10253252_77,triple_cpu,18:15:09,COMPLETED,CPU,2026-03-15T06:16:56,2026-03-16T00:32:05
10253252_78,triple_cpu,18:15:40,COMPLETED,CPU,2026-03-15T06:17:28,2026-03-16T00:33:08
10253252_79,triple_cpu,18:14:48,COMPLETED,CPU,2026-03-15T06:24:43,2026-03-16T00:39:31
10253252_80,triple_cpu,09:52:40,COMPLETED,CPU,2026-03-15T10:17:34,2026-03-15T20:10:14
10253252_81,triple_cpu,09:53:12,COMPLETED,CPU,2026-03-15T10:17:34,2026-03-15T20:10:46
10253252_82,triple_cpu,09:49:23,COMPLETED,CPU,2026-03-15T12:19:41,2026-03-15T22:09:04
10253252_83,triple_cpu,09:48:50,COMPLETED,CPU,2026-03-15T12:23:25,2026-03-15T22:12:15
10253252_84,triple_cpu,16:58:25,COMPLETED,CPU,2026-03-15T13:22:28,2026-03-16T06:20:53
10253252_85,triple_cpu,16:58:49,COMPLETED,CPU,2026-03-15T13:23:04,2026-03-16T06:21:53
10253252_86,triple_cpu,16:58:37,COMPLETED,CPU,2026-03-15T13:23:40,2026-03-16T06:22:17
10253252_87,triple_cpu,09:37:15,COMPLETED,CPU,2026-03-15T16:21:09,2026-03-16T01:58:24
10253252_88,triple_cpu,09:35:46,COMPLETED,CPU,2026-03-15T16:25:01,2026-03-16T02:00:47
10253252_89,triple_cpu,13:39:57,COMPLETED,CPU,2026-03-15T16:27:00,2026-03-16T06:06:57
10253252_90,triple_cpu,13:41:42,COMPLETED,CPU,2026-03-15T16:33:32,2026-03-16T06:15:14
10253252_91,triple_cpu,08:41:29,COMPLETED,CPU,2026-03-15T17:41:21,2026-03-16T02:22:50
10253252_92,triple_cpu,15:40:06,COMPLETED,CPU,2026-03-15T18:58:29,2026-03-16T10:38:35
10253252_93,triple_cpu,15:40:22,COMPLETED,CPU,2026-03-15T18:58:29,2026-03-16T10:38:51
10253252_94,triple_cpu,15:41:24,COMPLETED,CPU,2026-03-15T18:58:29,2026-03-16T10:39:53
10253252_95,triple_cpu,15:40:35,COMPLETED,CPU,2026-03-15T18:58:29,2026-03-16T10:39:04
10253252_96,triple_cpu,15:41:31,COMPLETED,CPU,2026-03-15T18:58:29,2026-03-16T10:40:00
10253252_97,triple_cpu,15:39:40,COMPLETED,CPU,2026-03-15T18:58:29,2026-03-16T10:38:09
10253252_98,triple_cpu,15:40:38,COMPLETED,CPU,2026-03-15T18:58:29,2026-03-16T10:39:07
10253252_99,triple_cpu,15:37:49,COMPLETED,CPU,2026-03-15T19:05:12,2026-03-16T10:43:01
10253252_100,triple_cpu,15:26:12,COMPLETED,CPU,2026-03-15T19:26:49,2026-03-16T10:53:01
10253252_101,triple_cpu,00:00:19,COMPLETED,CPU,2026-03-15T20:10:37,2026-03-15T20:10:56
10253252_102,triple_cpu,00:00:22,COMPLETED,CPU,2026-03-15T20:11:14,2026-03-15T20:11:36
10253252_103,triple_cpu,00:00:17,COMPLETED,CPU,2026-03-15T20:11:14,2026-03-15T20:11:31
10253252_104,triple_cpu,00:00:16,COMPLETED,CPU,2026-03-15T20:11:52,2026-03-15T20:12:08
10253252_105,triple_cpu,00:00:14,COMPLETED,CPU,2026-03-15T20:11:52,2026-03-15T20:12:06
10253252_106,triple_cpu,00:00:12,COMPLETED,CPU,2026-03-15T20:12:28,2026-03-15T20:12:40
10253252_107,triple_cpu,00:00:17,COMPLETED,CPU,2026-03-15T20:12:28,2026-03-15T20:12:45
10253252_108,triple_cpu,00:00:15,COMPLETED,CPU,2026-03-15T20:13:05,2026-03-15T20:13:20
10253252_109,triple_cpu,00:00:20,COMPLETED,CPU,2026-03-15T20:13:05,2026-03-15T20:13:25
10253252_110,triple_cpu,00:00:17,COMPLETED,CPU,2026-03-15T20:13:41,2026-03-15T20:13:58
10253252_111,triple_cpu,00:00:22,COMPLETED,CPU,2026-03-15T20:13:41,2026-03-15T20:14:03
10253252_112,triple_cpu,00:00:15,COMPLETED,CPU,2026-03-15T20:14:17,2026-03-15T20:14:32
10253252_113,triple_cpu,00:00:15,COMPLETED,CPU,2026-03-15T20:14:17,2026-03-15T20:14:32
10253252_114,triple_cpu,00:00:18,COMPLETED,CPU,2026-03-15T20:14:53,2026-03-15T20:15:11
10253252_115,triple_cpu,00:00:12,COMPLETED,CPU,2026-03-15T20:14:53,2026-03-15T20:15:05
10253252_116,triple_cpu,00:00:15,COMPLETED,CPU,2026-03-15T20:15:28,2026-03-15T20:15:43
10253252_117,triple_cpu,00:00:15,COMPLETED,CPU,2026-03-15T20:15:28,2026-03-15T20:15:43
10253252_118,triple_cpu,00:00:17,COMPLETED,CPU,2026-03-15T20:16:04,2026-03-15T20:16:21
10253252_119,triple_cpu,00:00:12,COMPLETED,CPU,2026-03-15T20:16:04,2026-03-15T20:16:16
10253252_120,triple_cpu,00:00:14,COMPLETED,CPU,2026-03-15T20:16:41,2026-03-15T20:16:55
10253252_121,triple_cpu,00:00:17,COMPLETED,CPU,2026-03-15T20:16:41,2026-03-15T20:16:58
10253252_122,triple_cpu,00:00:12,COMPLETED,CPU,2026-03-15T20:17:17,2026-03-15T20:17:29
10253252_123,triple_cpu,00:00:16,COMPLETED,CPU,2026-03-15T20:17:17,2026-03-15T20:17:33
10253252_124,triple_cpu,00:00:14,COMPLETED,CPU,2026-03-15T20:17:53,2026-03-15T20:18:07
10271020_0,triple_cpu,00:02:03,COMPLETED,CPU,2026-03-16T13:16:45,2026-03-16T13:18:48
10271020_1,triple_cpu,00:01:36,COMPLETED,CPU,2026-03-16T13:16:45,2026-03-16T13:18:21
10271020_2,triple_cpu,00:01:40,COMPLETED,CPU,2026-03-16T13:16:45,2026-03-16T13:18:25
10271020_3,triple_cpu,00:01:40,COMPLETED,CPU,2026-03-16T13:16:45,2026-03-16T13:18:25
10271020_4,triple_cpu,00:01:36,COMPLETED,CPU,2026-03-16T13:16:45,2026-03-16T13:18:21
10271020_5,triple_cpu,00:02:02,COMPLETED,CPU,2026-03-16T13:16:45,2026-03-16T13:18:47
10271020_6,triple_cpu,00:01:32,COMPLETED,CPU,2026-03-16T13:16:45,2026-03-16T13:18:17
10271020_7,triple_cpu,00:01:59,COMPLETED,CPU,2026-03-16T13:16:45,2026-03-16T13:18:44
10271020_8,triple_cpu,00:02:02,COMPLETED,CPU,2026-03-16T13:16:45,2026-03-16T13:18:47
10271020_9,triple_cpu,08:45:50,COMPLETED,CPU,2026-03-16T13:16:45,2026-03-16T22:02:35
10271020_10,triple_cpu,08:45:57,COMPLETED,CPU,2026-03-16T13:16:45,2026-03-16T22:02:42
10271020_11,triple_cpu,14:29:56,COMPLETED,CPU,2026-03-16T13:16:45,2026-03-17T03:46:41
10271020_12,triple_cpu,14:30:02,COMPLETED,CPU,2026-03-16T13:16:45,2026-03-17T03:46:47
10271020_13,triple_cpu,14:30:55,COMPLETED,CPU,2026-03-16T13:16:45,2026-03-17T03:47:40
10271020_14,triple_cpu,14:36:35,COMPLETED,CPU,2026-03-16T13:16:45,2026-03-17T03:53:20
10271020_15,triple_cpu,14:28:50,COMPLETED,CPU,2026-03-16T13:16:45,2026-03-17T03:45:35
10271020_16,triple_cpu,14:28:50,COMPLETED,CPU,2026-03-16T13:16:45,2026-03-17T03:45:35
10271020_17,triple_cpu,08:54:23,COMPLETED,CPU,2026-03-16T13:16:45,2026-03-16T22:11:08
10271020_18,triple_cpu,00:02:14,COMPLETED,CPU,2026-03-16T13:16:45,2026-03-16T13:18:59
10271020_19,triple_cpu,00:02:20,COMPLETED,CPU,2026-03-16T13:16:45,2026-03-16T13:19:05
10271020_20,triple_cpu,00:02:01,COMPLETED,CPU,2026-03-16T13:16:45,2026-03-16T13:18:46
10271020_21,triple_cpu,00:02:26,COMPLETED,CPU,2026-03-16T13:16:45,2026-03-16T13:19:11
10271020_22,triple_cpu,00:00:25,COMPLETED,CPU,2026-03-16T13:16:45,2026-03-16T13:17:10
10271020_23,triple_cpu,00:00:22,COMPLETED,CPU,2026-03-16T13:16:45,2026-03-16T13:17:07
10271020_24,triple_cpu,00:00:54,COMPLETED,CPU,2026-03-16T13:16:45,2026-03-16T13:17:39
10271020_25,triple_cpu,00:00:54,COMPLETED,CPU,2026-03-16T13:16:45,2026-03-16T13:17:39
10271020_26,triple_cpu,00:00:53,COMPLETED,CPU,2026-03-16T13:16:45,2026-03-16T13:17:38
10271020_27,triple_cpu,00:00:53,COMPLETED,CPU,2026-03-16T13:16:45,2026-03-16T13:17:38
10271020_28,triple_cpu,00:01:05,COMPLETED,CPU,2026-03-16T13:16:45,2026-03-16T13:17:50
10271020_29,triple_cpu,00:01:01,COMPLETED,CPU,2026-03-16T13:16:45,2026-03-16T13:17:46
10271020_30,triple_cpu,00:00:15,COMPLETED,CPU,2026-03-16T13:17:28,2026-03-16T13:17:43
10271020_31,triple_cpu,00:00:18,COMPLETED,CPU,2026-03-16T13:17:28,2026-03-16T13:17:46
10271020_32,triple_cpu,00:00:15,COMPLETED,CPU,2026-03-16T13:17:45,2026-03-16T13:18:00
10271020_33,triple_cpu,00:01:09,COMPLETED,CPU,2026-03-16T13:17:45,2026-03-16T13:18:54
10271020_34,triple_cpu,00:00:59,COMPLETED,CPU,2026-03-16T13:17:45,2026-03-16T13:18:44
10271020_35,triple_cpu,00:01:04,COMPLETED,CPU,2026-03-16T13:17:45,2026-03-16T13:18:49
10271020_36,triple_cpu,00:00:59,COMPLETED,CPU,2026-03-16T13:17:45,2026-03-16T13:18:44
10271020_37,triple_cpu,00:00:14,COMPLETED,CPU,2026-03-16T13:17:59,2026-03-16T13:18:13
10271020_38,triple_cpu,00:00:50,COMPLETED,CPU,2026-03-16T13:17:59,2026-03-16T13:18:49
10271020_39,triple_cpu,00:00:50,COMPLETED,CPU,2026-03-16T13:17:59,2026-03-16T13:18:49
10271020_40,triple_cpu,00:01:01,COMPLETED,CPU,2026-03-16T13:18:29,2026-03-16T13:19:30
10271020_41,triple_cpu,00:00:43,COMPLETED,CPU,2026-03-16T13:18:29,2026-03-16T13:19:12
10271020_42,triple_cpu,00:01:05,COMPLETED,CPU,2026-03-16T13:18:29,2026-03-16T13:19:34
10271020_43,triple_cpu,00:00:56,COMPLETED,CPU,2026-03-16T13:18:29,2026-03-16T13:19:25
10271020_44,triple_cpu,00:00:45,COMPLETED,CPU,2026-03-16T13:18:29,2026-03-16T13:19:14
10271020_45,triple_cpu,00:00:16,COMPLETED,CPU,2026-03-16T13:18:29,2026-03-16T13:18:45
10271020_46,triple_cpu,00:00:20,COMPLETED,CPU,2026-03-16T13:18:29,2026-03-16T13:18:49
10271020_47,triple_cpu,00:00:29,COMPLETED,CPU,2026-03-16T13:18:45,2026-03-16T13:19:14
10271020_48,triple_cpu,00:00:22,COMPLETED,CPU,2026-03-16T13:18:45,2026-03-16T13:19:07
10271020_49,triple_cpu,00:00:21,COMPLETED,CPU,2026-03-16T13:18:45,2026-03-16T13:19:06
10271020_50,triple_cpu,00:00:21,COMPLETED,CPU,2026-03-16T13:19:00,2026-03-16T13:19:21
10271020_51,triple_cpu,00:00:20,COMPLETED,CPU,2026-03-16T13:19:00,2026-03-16T13:19:20
10271020_52,triple_cpu,00:00:34,COMPLETED,CPU,2026-03-16T13:19:00,2026-03-16T13:19:34
10271020_53,triple_cpu,00:00:24,COMPLETED,CPU,2026-03-16T13:19:00,2026-03-16T13:19:24
10271020_54,triple_cpu,00:00:27,COMPLETED,CPU,2026-03-16T13:19:00,2026-03-16T13:19:27
10271020_55,triple_cpu,00:00:15,COMPLETED,CPU,2026-03-16T13:19:00,2026-03-16T13:19:15
10271020_56,triple_cpu,00:00:19,COMPLETED,CPU,2026-03-16T13:19:00,2026-03-16T13:19:19
10271020_57,triple_cpu,00:00:37,COMPLETED,CPU,2026-03-16T13:19:00,2026-03-16T13:19:37
10271020_58,triple_cpu,00:00:41,COMPLETED,CPU,2026-03-16T13:19:00,2026-03-16T13:19:41
10271020_59,triple_cpu,00:00:37,COMPLETED,CPU,2026-03-16T13:19:00,2026-03-16T13:19:37
10271020_60,triple_cpu,00:00:37,COMPLETED,CPU,2026-03-16T13:19:00,2026-03-16T13:19:37
10271020_61,triple_cpu,00:00:56,COMPLETED,CPU,2026-03-16T13:19:31,2026-03-16T13:20:27
10271020_62,triple_cpu,00:00:59,COMPLETED,CPU,2026-03-16T13:19:31,2026-03-16T13:20:30
10271020_63,triple_cpu,00:00:41,COMPLETED,CPU,2026-03-16T13:19:31,2026-03-16T13:20:12
10271020_64,triple_cpu,00:00:38,COMPLETED,CPU,2026-03-16T13:19:31,2026-03-16T13:20:09
10271020_65,triple_cpu,00:00:41,COMPLETED,CPU,2026-03-16T13:19:31,2026-03-16T13:20:12
10271020_66,triple_cpu,00:00:54,COMPLETED,CPU,2026-03-16T13:19:31,2026-03-16T13:20:25
10271020_67,triple_cpu,00:00:50,COMPLETED,CPU,2026-03-16T13:19:31,2026-03-16T13:20:21
10271020_68,triple_cpu,00:00:34,COMPLETED,CPU,2026-03-16T13:19:31,2026-03-16T13:20:05
10271020_69,triple_cpu,00:00:34,COMPLETED,CPU,2026-03-16T13:19:31,2026-03-16T13:20:05
10271020_70,triple_cpu,00:00:40,COMPLETED,CPU,2026-03-16T13:19:31,2026-03-16T13:20:11
10271020_71,triple_cpu,00:00:33,COMPLETED,CPU,2026-03-16T13:19:31,2026-03-16T13:20:04
10271020_72,triple_cpu,00:00:19,COMPLETED,CPU,2026-03-16T13:19:31,2026-03-16T13:19:50
10271020_73,triple_cpu,00:00:15,COMPLETED,CPU,2026-03-16T13:19:31,2026-03-16T13:19:46
10271020_74,triple_cpu,00:00:23,COMPLETED,CPU,2026-03-16T13:19:31,2026-03-16T13:19:54
10271020_75,triple_cpu,00:00:18,COMPLETED,CPU,2026-03-16T13:19:31,2026-03-16T13:19:49
10271020_76,triple_cpu,00:00:40,COMPLETED,CPU,2026-03-16T13:19:45,2026-03-16T13:20:25
10271020_77,triple_cpu,00:00:45,COMPLETED,CPU,2026-03-16T13:19:45,2026-03-16T13:20:30
10271020_78,triple_cpu,00:00:53,COMPLETED,CPU,2026-03-16T13:19:45,2026-03-16T13:20:38
10271020_79,triple_cpu,00:00:53,COMPLETED,CPU,2026-03-16T13:19:45,2026-03-16T13:20:38
10271020_80,triple_cpu,00:00:57,COMPLETED,CPU,2026-03-16T13:19:45,2026-03-16T13:20:42
10271020_81,triple_cpu,00:01:03,COMPLETED,CPU,2026-03-16T13:19:45,2026-03-16T13:20:48
10271020_82,triple_cpu,00:00:15,COMPLETED,CPU,2026-03-16T13:20:02,2026-03-16T13:20:17
10271020_83,triple_cpu,00:00:19,COMPLETED,CPU,2026-03-16T13:20:02,2026-03-16T13:20:21
10271020_84,triple_cpu,00:00:36,COMPLETED,CPU,2026-03-16T13:20:02,2026-03-16T13:20:38
10271020_85,triple_cpu,00:00:40,COMPLETED,CPU,2026-03-16T13:20:02,2026-03-16T13:20:42
10271020_86,triple_cpu,00:01:20,COMPLETED,CPU,2026-03-16T13:20:33,2026-03-16T13:21:53
10271020_87,triple_cpu,00:01:27,COMPLETED,CPU,2026-03-16T13:20:33,2026-03-16T13:22:00
10271020_88,triple_cpu,00:01:26,COMPLETED,CPU,2026-03-16T13:20:33,2026-03-16T13:21:59
10271020_89,triple_cpu,00:01:19,COMPLETED,CPU,2026-03-16T13:20:33,2026-03-16T13:21:52
10271020_90,triple_cpu,00:01:19,COMPLETED,CPU,2026-03-16T13:20:33,2026-03-16T13:21:52
10271020_91,triple_cpu,00:01:15,COMPLETED,CPU,2026-03-16T13:20:33,2026-03-16T13:21:48
10271020_92,triple_cpu,00:01:27,COMPLETED,CPU,2026-03-16T13:20:33,2026-03-16T13:22:00
10271020_93,triple_cpu,00:01:15,COMPLETED,CPU,2026-03-16T13:20:33,2026-03-16T13:21:48
10271020_94,triple_cpu,00:00:31,COMPLETED,CPU,2026-03-16T13:20:33,2026-03-16T13:21:04
10271020_95,triple_cpu,00:00:29,COMPLETED,CPU,2026-03-16T13:20:33,2026-03-16T13:21:02
10271020_96,triple_cpu,00:00:30,COMPLETED,CPU,2026-03-16T13:20:33,2026-03-16T13:21:03
10271020_97,triple_cpu,00:00:35,COMPLETED,CPU,2026-03-16T13:20:33,2026-03-16T13:21:08
10271020_98,triple_cpu,00:00:30,COMPLETED,CPU,2026-03-16T13:20:33,2026-03-16T13:21:03
10271020_99,triple_cpu,00:00:15,COMPLETED,CPU,2026-03-16T13:20:33,2026-03-16T13:20:48
10271020_100,triple_cpu,00:00:21,COMPLETED,CPU,2026-03-16T13:20:33,2026-03-16T13:20:54
10271020_101,triple_cpu,00:00:43,COMPLETED,CPU,2026-03-16T13:20:45,2026-03-16T13:21:28
10271020_102,triple_cpu,00:00:33,COMPLETED,CPU,2026-03-16T13:20:45,2026-03-16T13:21:18
10271020_103,triple_cpu,00:00:30,COMPLETED,CPU,2026-03-16T13:20:45,2026-03-16T13:21:15
10271020_104,triple_cpu,00:00:43,COMPLETED,CPU,2026-03-16T13:20:45,2026-03-16T13:21:28
10271020_105,triple_cpu,00:00:33,COMPLETED,CPU,2026-03-16T13:20:45,2026-03-16T13:21:18
10271020_106,triple_cpu,00:00:25,COMPLETED,CPU,2026-03-16T13:21:04,2026-03-16T13:21:29
10271020_107,triple_cpu,00:00:28,COMPLETED,CPU,2026-03-16T13:21:04,2026-03-16T13:21:32
10271020_108,triple_cpu,00:00:34,COMPLETED,CPU,2026-03-16T13:21:04,2026-03-16T13:21:38
10271020_109,triple_cpu,00:00:19,COMPLETED,CPU,2026-03-16T13:21:04,2026-03-16T13:21:23
10271020_110,triple_cpu,00:00:15,COMPLETED,CPU,2026-03-16T13:21:04,2026-03-16T13:21:19
10271020_111,triple_cpu,00:00:18,COMPLETED,CPU,2026-03-16T13:21:04,2026-03-16T13:21:22
10271020_112,triple_cpu,00:00:19,COMPLETED,CPU,2026-03-16T13:21:35,2026-03-16T13:21:54
10271020_113,triple_cpu,00:00:37,COMPLETED,CPU,2026-03-16T13:21:35,2026-03-16T13:22:12
10271020_114,triple_cpu,00:00:19,COMPLETED,CPU,2026-03-16T13:21:35,2026-03-16T13:21:54
10271020_115,triple_cpu,00:00:25,COMPLETED,CPU,2026-03-16T13:21:35,2026-03-16T13:22:00
10271020_116,triple_cpu,00:00:20,COMPLETED,CPU,2026-03-16T13:21:35,2026-03-16T13:21:55
10271020_117,triple_cpu,00:00:15,COMPLETED,CPU,2026-03-16T13:21:35,2026-03-16T13:21:50
10271020_118,triple_cpu,00:00:44,COMPLETED,CPU,2026-03-16T13:21:35,2026-03-16T13:22:19
10271020_119,triple_cpu,00:00:40,COMPLETED,CPU,2026-03-16T13:21:35,2026-03-16T13:22:15
10271020_120,triple_cpu,00:00:54,COMPLETED,CPU,2026-03-16T13:21:35,2026-03-16T13:22:29
10271020_121,triple_cpu,00:00:35,COMPLETED,CPU,2026-03-16T13:21:35,2026-03-16T13:22:10
10271020_122,triple_cpu,00:00:43,COMPLETED,CPU,2026-03-16T13:21:35,2026-03-16T13:22:18
10271020_123,triple_cpu,00:00:48,COMPLETED,CPU,2026-03-16T13:21:35,2026-03-16T13:22:23
10271020_124,triple_cpu,00:00:19,COMPLETED,CPU,2026-03-16T13:21:45,2026-03-16T13:22:04
10279908_0,triple_analyzer_5,00:20:50,COMPLETED,CPU,2026-03-17T12:55:52,2026-03-17T13:16:42
10279908_1,triple_analyzer_5,00:20:49,COMPLETED,CPU,2026-03-17T12:55:53,2026-03-17T13:16:42
10279908_2,triple_analyzer_5,00:23:04,COMPLETED,CPU,2026-03-17T12:55:53,2026-03-17T13:18:57
10279908_3,triple_analyzer_5,00:21:59,COMPLETED,CPU,2026-03-17T12:55:53,2026-03-17T13:17:52
10279908_4,triple_analyzer_5,00:38:18,COMPLETED,CPU,2026-03-17T12:55:53,2026-03-17T13:34:11
