s1,s2,q2,alpha,source_radius,LD_coeff,1.0e-08,1.2e-08,1.5e-08,1.7e-08,2.1e-08,2.5e-08,3.1e-08,3.7e-08,4.4e-08,5.3e-08,6.4e-08,7.7e-08,9.3e-08,1.1e-07,1.4e-07,1.6e-07,2.0e-07,2.4e-07,2.8e-07,3.4e-07,4.1e-07,5.0e-07,6.0e-07,7.2e-07,8.7e-07,1.0e-06,1.3e-06,1.5e-06,1.8e-06,2.2e-06,2.7e-06,3.2e-06,3.9e-06,4.6e-06,5.6e-06,6.7e-06,8.1e-06,9.8e-06,1.2e-05,1.4e-05,1.7e-05,2.1e-05,2.5e-05,3.0e-05,3.6e-05,4.3e-05,5.2e-05,6.3e-05,7.6e-05,9.1e-05,1.1e-04,1.3e-04,1.6e-04,1.9e-04,2.3e-04,2.8e-04,3.4e-04,4.0e-04,4.9e-04,5.9e-04,7.1e-04,8.5e-04,1.0e-03,1.2e-03,1.5e-03,1.8e-03,2.2e-03,2.6e-03,3.1e-03,3.8e-03,4.5e-03,5.5e-03,6.6e-03,7.9e-03,9.5e-03,1.1e-02,1.4e-02,1.7e-02,2.0e-02,2.4e-02,2.9e-02,3.5e-02,4.2e-02,5.1e-02,6.1e-02,7.4e-02,8.9e-02,1.1e-01,1.3e-01,1.6e-01,1.9e-01,2.3e-01,2.7e-01,3.3e-01,3.9e-01,4.8e-01,5.7e-01,6.9e-01,8.3e-01,1.0e+00
1.2,0.2,0.0001,0.0,0.0005,0.5,0.99998676,0.9999838,0.99998132,0.99997652,0.99997236,0.99996624,0.99995964,0.99995088,0.9999416,0.9999306,0.99991608,0.9998988,0.99988064,0.99985844,0.99982728,0.99979368,0.99975056,0.99969796,0.9996358,0.99955888,0.99947496,0.99936936,0.99924456,0.9990918,0.99890556,0.99867988,0.99841748,0.9980928,0.99770876,0.99724692,0.996697,0.99602844,0.99522492,0.9942698,0.99310304,0.99166884,0.98995656,0.9878568,0.98531404,0.98221568,0.9784698,0.97390192,0.96816336,0.96090636,0.95177316,0.9399398,0.92394936,0.90215392,0.87351672,0.84076248,0.80006856,0.74159988,0.64650996,0.5459566,0.4444066,0.2348554,0.09736916,0.04741628,0.02608128,0.01549456,0.0096868,0.00628564,0.00418348,0.00286448,0.00202776,0.00146268,0.00107528,0.00078372,0.000604,0.00047476,0.0003848,0.00030644,0.00023708,0.00017136,0.00011552,8.512e-05,6.712e-05,5.252e-05,4.148e-05,3.1e-05,2.32e-05,1.672e-05,1.196e-05,7.36e-06,3.52e-06,8.8e-07,8e-08,0.0,0.0,0.0,0.0,0.0,0.0,0.0,0.0,0.0,0.0,0.0,0.0,0.0
1.2,0.2,0.0001,45.0,0.0005,0.5,0.9999874,0.99998524,0.99998212,0.99997816,0.99997408,0.99996892,0.99996248,0.9999538,0.99994572,0.99993352,0.99992096,0.99990324,0.99988416,0.9998606,0.99983256,0.99979852,0.99975872,0.99970788,0.99964752,0.99957608,0.99948972,0.99938756,0.99926032,0.9991064,0.99892048,0.99870168,0.99844052,0.99812148,0.99773388,0.9972702,0.9967178,0.99604864,0.99525108,0.99427452,0.99310172,0.99169344,0.98996852,0.98788404,0.98534796,0.98228628,0.97856296,0.97396544,0.96828808,0.96117116,0.95211116,0.94018164,0.9241444,0.90112628,0.86589304,0.81317436,0.76825568,0.727735,0.67339616,0.58546604,0.40607092,0.26441868,0.117113,0.0658284,0.04233796,0.02939796,0.0211842,0.01527452,0.01118696,0.00801508,0.00530436,0.00385608,0.00293004,0.00227964,0.00178756,0.00141524,0.00113444,0.00092464,0.000767,0.0006462,0.0005426,0.00045724,0.00037928,0.00030848,0.0002512,0.00019724,0.00014776,0.00010752,7.168e-05,4.212e-05,2.432e-05,1.316e-05,6e-06,3.08e-06,1.6e-06,3.2e-07,0.0,0.0,0.0,0.0,0.0,0.0,0.0,0.0,0.0,0.0
1.2,0.2,0.0001,90.0,0.0005,0.5,0.99998652,0.99998316,0.99997936,0.99997592,0.99997096,0.99996476,0.9999584,0.999951,0.99994148,0.99992896,0.9999156,0.99989976,0.9998794,0.9998544,0.99982444,0.99978616,0.99974456,0.9996892,0.99962636,0.99955204,0.99946212,0.99934828,0.99921632,0.99905744,0.99886516,0.99862696,0.99834952,0.9980116,0.99760896,0.99711584,0.99652936,0.99581892,0.994963,0.99392552,0.99268532,0.9911888,0.98938008,0.98718396,0.98450548,0.98128728,0.97737112,0.97255804,0.96660408,0.959169,0.94974044,0.93758976,0.92135532,0.89936216,0.87065756,0.83681604,0.79473208,0.73496204,0.64139348,0.55310592,0.462772,0.26110628,0.12493684,0.0693656,0.04436408,0.03077684,0.02227368,0.01631732,0.01157504,0.00795312,0.0053848,0.00393832,0.00298788,0.00231536,0.00181956,0.00144964,0.0011684,0.00095708,0.00079456,0.00066272,0.00055912,0.0004732,0.00039544,0.00032776,0.0002668,0.00020652,0.00015644,0.00011568,7.696e-05,4.612e-05,2.648e-05,1.448e-05,7e-06,3.28e-06,1.76e-06,4.8e-07,0.0,0.0,0.0,0.0,0.0,0.0,0.0,0.0,0.0,0.0
1.2,0.2,0.0001,135.0,0.0005,0.5,0.9999882,0.99998548,0.9999826,0.9999784,0.99997408,0.9999684,0.99996196,0.99995516,0.99994584,0.99993444,0.999922,0.99990516,0.99988564,0.99986292,0.99983548,0.99980092,0.99976172,0.99971212,0.99965592,0.99958636,0.9995048,0.99940288,0.9992824,0.99912556,0.99894524,0.99873148,0.99847004,0.99815592,0.9977708,0.99731056,0.99675748,0.99609264,0.99529332,0.99431696,0.9931508,0.99174012,0.99004656,0.98798864,0.9854864,0.9824458,0.97873164,0.97421796,0.96857512,0.96155236,0.95259296,0.94082332,0.92483728,0.90213576,0.86750348,0.81467424,0.77054576,0.73947924,0.68865356,0.59151904,0.41063164,0.2724132,0.11249592,0.05957676,0.03598504,0.02286092,0.01445048,0.00956332,0.00661072,0.00467868,0.0033908,0.0025248,0.00191128,0.00147076,0.00115408,0.00092372,0.00075228,0.0006204,0.000514,0.00043132,0.00035348,0.00028944,0.00023276,0.00018072,0.0001294,8.98e-05,5.804e-05,3.664e-05,2.228e-05,1.42e-05,8.12e-06,3.24e-06,1.8e-06,9.2e-07,2e-07,0.0,0.0,0.0,0.0,0.0,0.0,0.0,0.0,0.0,0.0,0.0
1.2,0.2,0.0001,180.0,0.0005,0.5,0.99998704,0.99998488,0.9999828,0.99997896,0.99997448,0.99996864,0.99996304,0.99995616,0.99994596,0.99993348,0.99992044,0.99990448,0.9998852,0.99986352,0.99983628,0.99980432,0.99976412,0.99972244,0.99966484,0.99959612,0.99951152,0.99941584,0.99930016,0.99916236,0.99900144,0.9987936,0.99854128,0.99824164,0.99787268,0.997447,0.99691912,0.99629064,0.99552344,0.99460872,0.99350848,0.9921652,0.9905378,0.98852892,0.9860928,0.9831674,0.97962484,0.97534424,0.97004848,0.9633914,0.95508296,0.94420136,0.9292236,0.9079102,0.87755876,0.84080344,0.79769884,0.73752452,0.64093732,0.53901968,0.43606868,0.23170048,0.10297588,0.05066256,0.02807792,0.01673852,0.0104268,0.00672188,0.00441804,0.00292684,0.00206364,0.0015166,0.0011324,0.0008512,0.0006388,0.00046132,0.00032876,0.00023236,0.00016144,0.00012048,9.176e-05,6.896e-05,5.308e-05,3.972e-05,3.032e-05,2.26e-05,1.532e-05,9.68e-06,5.84e-06,2.52e-06,8e-07,4.8e-07,8e-08,0.0,0.0,0.0,0.0,0.0,0.0,0.0,0.0,0.0,0.0,0.0,0.0,0.0
1.2,0.2,0.0003,0.0,0.0005,0.5,0.99998196,0.99997764,0.99997372,0.9999694,0.99996204,0.99995612,0.99994668,0.99993748,0.99992356,0.99990664,0.99988736,0.99986308,0.99983252,0.99979976,0.99975824,0.99970712,0.99965,0.999573,0.99949184,0.99939428,0.99926844,0.99911692,0.9989338,0.998716,0.99844764,0.99812884,0.99773848,0.99729024,0.99674396,0.99607648,0.99527176,0.99429908,0.99313316,0.99170356,0.99000064,0.98791456,0.98541472,0.98245668,0.97884888,0.97442208,0.96898028,0.96237576,0.954587,0.94532004,0.9339176,0.92014624,0.90294692,0.88125044,0.85552264,0.82623224,0.79404604,0.75882688,0.71788372,0.66578904,0.61157232,0.54995824,0.45391876,0.32568348,0.21816024,0.1330166,0.08453144,0.05469672,0.03602228,0.0239646,0.01610244,0.01088816,0.00742428,0.0051134,0.0035908,0.00257008,0.00187564,0.00137916,0.00101608,0.00075948,0.00058936,0.00046828,0.00037624,0.00029644,0.0002288,0.00016168,0.00011076,8.312e-05,6.528e-05,5.144e-05,3.968e-05,2.992e-05,2.164e-05,1.48e-05,1.036e-05,5.44e-06,1.68e-06,0.0,0.0,0.0,0.0,0.0,0.0,0.0,0.0,0.0
1.2,0.2,0.0003,45.0,0.0005,0.5,0.99998816,0.99998556,0.99998268,0.99997892,0.99997424,0.99996804,0.99996208,0.9999536,0.9999434,0.99993212,0.99991804,0.99990212,0.9998838,0.9998602,0.99983208,0.99979656,0.99975344,0.99970476,0.99964028,0.99956856,0.99948244,0.99937552,0.99924844,0.9990932,0.99890908,0.99868488,0.99841764,0.9980908,0.99769828,0.99723348,0.99666904,0.99598752,0.99517508,0.99419284,0.9930166,0.99158432,0.98985116,0.9877652,0.98524912,0.98217396,0.97842144,0.9738474,0.96822732,0.96132704,0.9532022,0.94406348,0.93382296,0.92177288,0.90758224,0.88985476,0.86364208,0.82015856,0.7669274,0.70278532,0.6096652,0.5102494,0.4332138,0.36088776,0.239753,0.15473788,0.10547144,0.07478896,0.05464904,0.04090104,0.03117644,0.02400936,0.01848168,0.01389988,0.01000364,0.00680672,0.0048486,0.00365384,0.0028278,0.0022148,0.00174304,0.00138152,0.00111408,0.00090944,0.00075436,0.00063664,0.00053408,0.0004508,0.0003714,0.000303,0.00024352,0.00019068,0.00014056,0.0001002,6.408e-05,3.7e-05,1.808e-05,5.64e-06,1.76e-06,1.6e-07,0.0,0.0,0.0,0.0,0.0,0.0
1.2,0.2,0.0003,90.0,0.0005,0.5,0.99998192,0.99997764,0.9999724,0.99996728,0.99996056,0.99995332,0.99994396,0.99993232,0.9999178,0.9999012,0.99987996,0.99985692,0.99982708,0.99979328,0.99975172,0.99970208,0.99964184,0.99956736,0.99947892,0.99937464,0.99924964,0.99909788,0.99890856,0.99868672,0.99842184,0.99809348,0.99769824,0.99722188,0.9966522,0.99596936,0.99514116,0.99414792,0.9929532,0.99150272,0.98976376,0.98767536,0.98516116,0.98211684,0.97847116,0.9740258,0.96866484,0.9621866,0.95423048,0.94483152,0.9336036,0.91940712,0.90220436,0.88099704,0.8551532,0.82614272,0.79475024,0.76092484,0.72310804,0.6765478,0.62638768,0.57197524,0.4804502,0.3555684,0.25433216,0.16510272,0.11175072,0.07868396,0.05717304,0.04259784,0.03235348,0.02487276,0.0192262,0.01471944,0.01070228,0.00702708,0.00499768,0.00374716,0.00288564,0.00224784,0.00177256,0.00141752,0.00114648,0.0009378,0.00077676,0.00065344,0.0005548,0.00046844,0.00039168,0.00032236,0.00025788,0.00020056,0.00014788,0.00010648,6.924e-05,3.912e-05,1.992e-05,7.6e-06,2.8e-06,6e-07,0.0,0.0,0.0,0.0,0.0,0.0
1.2,0.2,0.0003,135.0,0.0005,0.5,0.9999936,0.99999172,0.99998992,0.99998716,0.9999838,0.99998108,0.99997728,0.99997276,0.99996748,0.9999616,0.99995444,0.99994488,0.99993344,0.999919,0.9999014,0.99988104,0.99985612,0.99982684,0.99979256,0.99974892,0.99969704,0.99963412,0.99955984,0.99947204,0.99936304,0.99922776,0.99906872,0.99888056,0.99864964,0.99836904,0.99803828,0.99763892,0.99715288,0.9965612,0.99585796,0.9949968,0.99395432,0.99269972,0.99116668,0.98930392,0.98698496,0.98411304,0.980551,0.976193,0.97080984,0.96377672,0.95462676,0.94250484,0.92646388,0.90630516,0.8765202,0.8298734,0.77488824,0.70870412,0.61246432,0.5147256,0.4410218,0.37415332,0.242351,0.150474,0.09939936,0.06830868,0.04825572,0.03468732,0.02499124,0.01745488,0.0119124,0.00825268,0.0058902,0.0043016,0.00320264,0.00242196,0.00184964,0.0014322,0.00112912,0.000904,0.00073648,0.0006098,0.00050568,0.00042276,0.00034796,0.00028356,0.00022476,0.0001736,0.00012328,8.26e-05,4.896e-05,2.912e-05,1.688e-05,9.48e-06,4.68e-06,1.2e-06,1.6e-07,8e-08,0.0,0.0,0.0,0.0,0.0,0.0
1.2,0.2,0.0003,180.0,0.0005,0.5,0.99997904,0.99997496,0.99997112,0.99996672,0.99995904,0.99995112,0.99994136,0.99993,0.99991608,0.9998976,0.99987672,0.99985,0.9998224,0.99978688,0.99974312,0.99969104,0.99962976,0.99955672,0.99946752,0.99935584,0.99922312,0.99905888,0.99887452,0.9986424,0.99836104,0.9980222,0.997614,0.9971212,0.99654036,0.99582728,0.99496724,0.99395388,0.99269736,0.99119756,0.989402,0.98724476,0.98468944,0.98164076,0.9780442,0.97375668,0.96855336,0.96200452,0.95389484,0.94422012,0.93235232,0.9181296,0.90073044,0.87881432,0.851955,0.82171472,0.78801632,0.750416,0.7056362,0.65148888,0.60221972,0.53949132,0.44255204,0.31908596,0.22330612,0.13886928,0.0876962,0.05688464,0.03752832,0.02511796,0.016987,0.0116072,0.0079944,0.00552444,0.003806,0.00269036,0.0019462,0.00144756,0.00108756,0.00081888,0.00061264,0.00044192,0.00031912,0.00022496,0.00015612,0.00011624,8.856e-05,6.648e-05,5.048e-05,3.884e-05,2.88e-05,2.208e-05,1.46e-05,8.96e-06,5.44e-06,2.24e-06,4.8e-07,1.6e-07,0.0,0.0,0.0,0.0,0.0,0.0,0.0,0.0
1.2,0.5,0.0001,0.0,0.0005,0.5,0.9999968,0.99999624,0.99999536,0.99999408,0.99999288,0.999992,0.99998984,0.99998752,0.99998464,0.99998156,0.99997684,0.99997236,0.99996628,0.99995924,0.9999518,0.99994148,0.9999298,0.99991692,0.99990028,0.99987676,0.999849,0.99981508,0.99977732,0.99973124,0.9996756,0.99960752,0.99952656,0.99942832,0.99931628,0.9991776,0.99900368,0.99879384,0.99854768,0.99823212,0.99785992,0.99742144,0.99690208,0.99626912,0.99552296,0.99462048,0.9935194,0.99217164,0.99058,0.988631,0.98628108,0.9833976,0.98000204,0.97582616,0.97066044,0.96423124,0.95603596,0.94557884,0.93136324,0.9092876,0.69480684,0.36030572,0.27408684,0.22714236,0.18257584,0.12601116,0.08390448,0.05655464,0.038012,0.02611552,0.01808752,0.0123932,0.00844656,0.00582416,0.00411056,0.00297208,0.00218044,0.00167192,0.0013292,0.00107036,0.00086028,0.00068696,0.00053772,0.00042272,0.00034564,0.0002806,0.00022424,0.00017224,0.00012216,8.068e-05,5.792e-05,4.368e-05,3.224e-05,2.336e-05,1.6e-05,1.08e-05,6.32e-06,1.76e-06,0.0,0.0,0.0,0.0,0.0,0.0,0.0,0.0
1.2,0.5,0.0001,45.0,0.0005,0.5,0.9999958,0.99999492,0.99999376,0.99999224,0.99999108,0.99998924,0.99998748,0.99998468,0.99998204,0.99997816,0.99997364,0.99996852,0.99996096,0.99995292,0.99994288,0.9999308,0.99991572,0.99989808,0.99987756,0.99985304,0.99982128,0.99978576,0.99974216,0.99969108,0.99963024,0.9995542,0.99946292,0.99935276,0.99921932,0.99905816,0.9988692,0.99863848,0.99836304,0.99802488,0.99761728,0.99712532,0.99653912,0.9958384,0.99497772,0.99394176,0.99269736,0.99119352,0.98937172,0.98718256,0.98454216,0.98132188,0.97742,0.97271644,0.96687524,0.95973532,0.95074256,0.93916824,0.92343984,0.89912232,0.72788052,0.44531124,0.37632564,0.32733624,0.25521564,0.17142204,0.119683,0.08607824,0.0633608,0.04756872,0.03628812,0.02799,0.02172156,0.0168328,0.01272716,0.00878608,0.0060174,0.004421,0.0033806,0.00261944,0.00205436,0.00162684,0.00130056,0.00105512,0.00087012,0.00072696,0.00061048,0.00051076,0.00042812,0.00035068,0.00028268,0.00022516,0.00017596,0.00012728,8.88e-05,5.488e-05,2.836e-05,1.14e-05,3.8e-06,1.36e-06,0.0,0.0,0.0,0.0,0.0,0.0
1.2,0.5,0.0001,90.0,0.0005,0.5,0.99999484,0.9999938,0.99999248,0.99999052,0.99998888,0.99998696,0.99998448,0.99998112,0.99997736,0.99997336,0.99996772,0.9999602,0.99995284,0.99994272,0.99993052,0.99991676,0.99989956,0.99988036,0.9998544,0.9998256,0.99979052,0.99974888,0.99969852,0.99963796,0.99956632,0.9994754,0.99936916,0.99924004,0.9990842,0.99889376,0.99866544,0.99839936,0.99806808,0.99766532,0.99719436,0.9966176,0.99591852,0.9950828,0.99405772,0.99284516,0.99138332,0.98962388,0.98751356,0.98493992,0.98180892,0.9779972,0.97328452,0.96761596,0.96060464,0.9516568,0.94004,0.92422156,0.90011832,0.84973756,0.67780784,0.40653348,0.3021908,0.25130796,0.20864604,0.16322328,0.114649,0.08132396,0.05866496,0.04289408,0.03163196,0.02334816,0.01684012,0.01129696,0.00795144,0.00579304,0.00432736,0.00326824,0.00248984,0.00192068,0.00148924,0.00117312,0.00093872,0.00075844,0.00062084,0.00050936,0.00041916,0.00034284,0.00027456,0.00021868,0.00016664,0.00012144,8.048e-05,4.536e-05,2.66e-05,1.424e-05,7.68e-06,2.76e-06,4e-07,0.0,0.0,0.0,0.0,0.0,0.0,0.0
1.2,0.5,0.0001,135.0,0.0005,0.5,0.9999948,0.99999368,0.99999228,0.99999068,0.99998888,0.99998688,0.99998468,0.999982,0.99997908,0.99997512,0.99997028,0.99996496,0.99995812,0.9999494,0.99993896,0.99992556,0.99990972,0.99989076,0.99986952,0.99984344,0.99981256,0.99977304,0.99972776,0.99967344,0.99960764,0.99953088,0.99943532,0.99931836,0.9991802,0.99901364,0.99880948,0.9985714,0.99828028,0.99793208,0.9975164,0.99700828,0.99639536,0.99565456,0.99476308,0.99368592,0.99238216,0.99080776,0.98891432,0.9866762,0.9839298,0.98056404,0.97652076,0.97161188,0.96557544,0.95810496,0.94873932,0.9368406,0.92034088,0.88998552,0.66364272,0.40981704,0.3483236,0.30360172,0.23432292,0.15252588,0.10237096,0.06987408,0.04762604,0.03202876,0.02192112,0.01524748,0.01072156,0.00760432,0.0054358,0.00392248,0.00286228,0.00211324,0.00157796,0.00119756,0.000914,0.00070456,0.00055532,0.00043712,0.00035028,0.00027828,0.00021752,0.00016408,0.0001166,7.584e-05,5.056e-05,3.356e-05,2.156e-05,1.44e-05,8e-06,3.12e-06,1.08e-06,3.2e-07,1.2e-07,0.0,0.0,0.0,0.0,0.0,0.0,0.0
1.2,0.5,0.0001,180.0,0.0005,0.5,0.99999608,0.99999552,0.99999472,0.99999384,0.99999216,0.99999024,0.99998848,0.99998552,0.9999828,0.99997968,0.99997464,0.99996976,0.99996384,0.999957,0.99994676,0.9999338,0.99991908,0.9999034,0.99988508,0.9998606,0.99983068,0.99979716,0.99975352,0.9997036,0.99964332,0.99957128,0.99948688,0.99937872,0.99924792,0.99909296,0.99890568,0.99868736,0.99840424,0.99807132,0.9976744,0.9971814,0.9965884,0.9958716,0.99502264,0.99397884,0.99275968,0.99126512,0.98945528,0.98727412,0.98464756,0.98153936,0.9776304,0.9729198,0.96727268,0.95990792,0.95046556,0.93798116,0.9199564,0.88299304,0.6529408,0.3222266,0.25464992,0.21448412,0.1776954,0.1338138,0.09007708,0.0604722,0.04085296,0.0278036,0.0189084,0.0131196,0.00925696,0.00658712,0.00473632,0.00344568,0.00251308,0.00181624,0.00128076,0.00090924,0.0006442,0.00046796,0.00033872,0.00024656,0.00018308,0.00013496,0.00010032,7.284e-05,5.116e-05,3.632e-05,2.476e-05,1.72e-05,1.16e-05,7.32e-06,4.68e-06,2.68e-06,6.8e-07,0.0,0.0,0.0,0.0,0.0,0.0,0.0,0.0,0.0
1.2,0.5,0.0003,0.0,0.0005,0.5,0.99999808,0.99999792,0.99999704,0.99999632,0.99999528,0.99999384,0.9999932,0.99999168,0.99999024,0.99998736,0.99998512,0.99998112,0.999978,0.99997384,0.99996952,0.99996344,0.99995632,0.999948,0.99993712,0.9999248,0.99990856,0.99989176,0.9998716,0.99984304,0.99980856,0.99976848,0.99971704,0.99965688,0.99958912,0.99950728,0.9994092,0.99928784,0.99913864,0.9989632,0.99875104,0.9985082,0.99819088,0.99779688,0.99733728,0.99677992,0.996118,0.99530888,0.99434736,0.99318424,0.99179656,0.99010348,0.98805252,0.98561652,0.98260248,0.97891244,0.97439132,0.96889196,0.96186516,0.95292316,0.93247552,0.79753708,0.66436808,0.46373004,0.35799532,0.31483404,0.28154544,0.25063124,0.21909652,0.18014764,0.14516972,0.11659244,0.08442664,0.05571808,0.03768424,0.02588444,0.01786576,0.01201576,0.00813436,0.00566576,0.00401836,0.00290132,0.00214688,0.00165736,0.0013174,0.00105776,0.00084572,0.0006768,0.00052548,0.00041448,0.00034148,0.0002808,0.00022692,0.00017648,0.00012384,7.952e-05,5.58e-05,4.228e-05,2.84e-05,1.968e-05,1.152e-05,3.52e-06,0.0,0.0,0.0,0.0
1.2,0.5,0.0003,45.0,0.0005,0.5,0.9999976,0.99999708,0.99999644,0.999996,0.99999508,0.99999392,0.99999308,0.9999912,0.99998968,0.99998756,0.99998468,0.99998184,0.99997808,0.99997396,0.99996904,0.99996372,0.99995608,0.999947,0.99993608,0.99992176,0.99990588,0.9998856,0.9998616,0.99983328,0.99979896,0.99975816,0.99970812,0.9996488,0.9995762,0.99949076,0.99939024,0.99926264,0.99910992,0.99892512,0.99870864,0.99844348,0.99812568,0.99774188,0.99727648,0.99672068,0.99605212,0.99524328,0.99426484,0.99308868,0.99167588,0.98995812,0.98787548,0.98535496,0.9823204,0.9785456,0.9739108,0.96810856,0.9607162,0.95092348,0.93265308,0.85804892,0.68245248,0.53264368,0.463859,0.42876988,0.3981506,0.36651056,0.32283772,0.26348312,0.21519252,0.16959752,0.1162004,0.08309272,0.06116048,0.04598408,0.03514216,0.02717216,0.0211388,0.01638452,0.0123566,0.0083074,0.0058072,0.00429704,0.00329656,0.0025594,0.00201136,0.00159976,0.0012876,0.00104996,0.00087092,0.00072916,0.00060668,0.0005074,0.00041992,0.00034428,0.00028208,0.00022432,0.00017288,0.00012092,7.704e-05,4.336e-05,2.64e-05,1.52e-05,6.08e-06,1.8e-06
1.2,0.5,0.0003,90.0,0.0005,0.5,0.99999624,0.99999556,0.99999456,0.99999316,0.99999196,0.99999024,0.99998848,0.99998608,0.99998288,0.9999794,0.99997572,0.9999706,0.99996464,0.9999576,0.99995,0.99993976,0.99992752,0.99991308,0.99989312,0.99987136,0.99984384,0.99981268,0.99977512,0.99972964,0.9996732,0.99960688,0.9995266,0.99942552,0.99930844,0.99916584,0.99899356,0.99878352,0.99853392,0.9982282,0.9978598,0.99741836,0.99689232,0.99625356,0.99549392,0.99457172,0.99347348,0.99215688,0.99055084,0.98860208,0.98626548,0.9834012,0.9798822,0.97560368,0.97031896,0.96372684,0.95519944,0.94399684,0.92813216,0.90342148,0.85277536,0.76879288,0.6773026,0.52510404,0.4039078,0.35257872,0.31474032,0.28133888,0.2495324,0.21698304,0.17906848,0.14296092,0.11005148,0.07798072,0.05622072,0.04117564,0.03044972,0.02252504,0.01618492,0.01085268,0.0076646,0.00561992,0.00420816,0.00318684,0.00243444,0.00188104,0.00146308,0.00115688,0.00092632,0.00074776,0.00061256,0.00050316,0.00041248,0.00033692,0.00027432,0.00021404,0.00016312,0.00011508,7.2e-05,4e-05,2.22e-05,1.332e-05,7.04e-06,3.68e-06,1.64e-06,0.0
1.2,0.5,0.0003,135.0,0.0005,0.5,0.999998,0.99999768,0.99999688,0.99999612,0.99999536,0.99999416,0.99999308,0.99999128,0.99998984,0.99998732,0.99998396,0.99998064,0.99997712,0.99997272,0.99996732,0.9999608,0.9999524,0.99994388,0.9999324,0.99991876,0.99989972,0.9998796,0.999855,0.99982496,0.99978924,0.99974716,0.99969632,0.99963712,0.99956496,0.99947748,0.99937308,0.99924752,0.99909448,0.998906,0.99867844,0.99841032,0.99808068,0.99768072,0.99720964,0.99663944,0.99595296,0.9951112,0.99411012,0.99289416,0.9914152,0.9896296,0.98747636,0.984845,0.9816338,0.97766788,0.97271784,0.96633116,0.9576996,0.94426332,0.9143022,0.78602048,0.63985976,0.49453516,0.43254508,0.4011304,0.37336944,0.34391796,0.30305752,0.2446982,0.19729792,0.15207172,0.0994532,0.0672544,0.04556888,0.03066356,0.02107288,0.01469168,0.01035708,0.00735692,0.00526876,0.00380784,0.0027752,0.00205016,0.00153432,0.00116404,0.00089556,0.00068824,0.00053912,0.0004266,0.00033812,0.00026696,0.00020576,0.00015388,0.00010368,6.664e-05,4.376e-05,2.716e-05,1.876e-05,1.244e-05,8.2e-06,4.56e-06,2e-06,5.2e-07,1.6e-07,4e-08
1.2,0.5,0.0003,180.0,0.0005,0.5,0.999998,0.99999744,0.99999656,0.99999552,0.99999488,0.99999384,0.99999256,0.99999104,0.99998832,0.99998576,0.99998328,0.9999788,0.99997424,0.99996856,0.99996312,0.99995496,0.99994464,0.99993496,0.99992008,0.99990344,0.99988432,0.99986152,0.99983112,0.99979512,0.99975312,0.99970456,0.99964304,0.99957064,0.99948232,0.99937856,0.99925312,0.99909776,0.99890824,0.99869504,0.99842648,0.99810136,0.99771632,0.99723848,0.99667016,0.995974,0.99514928,0.9941506,0.99295236,0.99151012,0.98975424,0.98764768,0.98507036,0.98190244,0.97802696,0.97315716,0.96709912,0.95914016,0.94813,0.93080852,0.89180732,0.75054848,0.62261924,0.40910512,0.33235812,0.29721128,0.26847268,0.24178944,0.21503712,0.18720784,0.15452344,0.12103512,0.08553432,0.05747852,0.03879816,0.0264152,0.0180322,0.012535,0.00886332,0.00633028,0.00455844,0.00331996,0.00242056,0.0017324,0.00123084,0.00087684,0.00062236,0.00045036,0.00032652,0.00023796,0.00017724,0.00013168,9.732e-05,7.22e-05,5.184e-05,3.692e-05,2.584e-05,1.812e-05,1.252e-05,8.44e-06,5.84e-06,3.28e-06,9.2e-07,0.0,0.0,0.0
1.2,0.8,0.0001,0.0,0.0005,0.5,0.9999836,0.99997976,0.99997648,0.99997152,0.99996696,0.99996064,0.99995208,0.99993888,0.99992632,0.99991048,0.99989256,0.999868,0.99984288,0.99980752,0.99976952,0.99972408,0.99966872,0.99960088,0.99952064,0.99942,0.9993012,0.99916392,0.9989956,0.99879936,0.99855448,0.99826344,0.99789392,0.99745752,0.9969324,0.99631264,0.99555688,0.99463936,0.99352288,0.99216216,0.99053,0.98856,0.98614556,0.98323496,0.97966316,0.97536388,0.97011648,0.96383692,0.9563174,0.94716732,0.935779,0.92176544,0.90414236,0.88222524,0.85648508,0.8246004,0.78401208,0.74250908,0.70413944,0.66367192,0.62370984,0.58192032,0.53036052,0.47370684,0.4103158,0.34965344,0.30071992,0.25918496,0.2216484,0.18387892,0.14744564,0.11504184,0.07499424,0.05902792,0.05226572,0.04726524,0.04304696,0.03911208,0.03517928,0.0309964,0.02611648,0.02007576,0.00948264,0.00374784,0.00260308,0.00194476,0.00150192,0.00120016,0.00097172,0.00079392,0.00066084,0.0005554,0.00045608,0.00037404,0.00027736,0.00021816,0.00017644,0.00013376,9.096e-05,5.296e-05,2.032e-05,4.32e-06,4.8e-07,0.0,0.0,0.0
1.2,0.8,0.0001,45.0,0.0005,0.5,0.99999124,0.99998948,0.99998784,0.99998532,0.99998232,0.99997884,0.99997428,0.99996876,0.99996228,0.99995348,0.99994316,0.9999306,0.99991528,0.99989672,0.99987436,0.99984864,0.99981656,0.99977864,0.99973388,0.99968076,0.99961656,0.9995354,0.99944336,0.99932636,0.99918716,0.99901724,0.9988178,0.9985804,0.99828932,0.9979392,0.99751732,0.99701112,0.9964114,0.99566348,0.99477588,0.99370324,0.99240012,0.99084888,0.98897928,0.98673488,0.9840548,0.98080068,0.9769222,0.97229448,0.96674932,0.9601574,0.95215776,0.94229748,0.93037352,0.91590484,0.89817964,0.87455396,0.83698012,0.77839868,0.69875112,0.61555548,0.550806,0.48379308,0.44462272,0.41365168,0.38553416,0.35586956,0.3241972,0.2895812,0.24860592,0.2044938,0.1580406,0.11159992,0.09091072,0.07885764,0.0689028,0.06014316,0.05163844,0.04437804,0.03803516,0.03179772,0.02474524,0.01396132,0.00739504,0.0038134,0.00231992,0.00172088,0.00129712,0.00099928,0.000776,0.000607,0.00047136,0.00036704,0.00028264,0.0002106,0.00015424,0.00010392,6.276e-05,3.484e-05,1.832e-05,9.2e-06,5.2e-06,2.4e-06,1.4e-06,5.2e-07
1.2,0.8,0.0001,90.0,0.0005,0.5,0.99998232,0.99997828,0.99997328,0.99996792,0.99996084,0.9999522,0.99994172,0.99992936,0.99991424,0.99989728,0.99987508,0.99984904,0.99981788,0.99978196,0.99973808,0.99968392,0.99961996,0.9995412,0.9994434,0.9993302,0.99919692,0.99903152,0.99883184,0.99859688,0.99830668,0.9979554,0.99753208,0.9970342,0.99642568,0.99570428,0.99482432,0.99377472,0.9925052,0.99096648,0.98912924,0.98690928,0.98425388,0.98100768,0.97707864,0.97231052,0.96656468,0.95964408,0.95133676,0.94110264,0.92845232,0.913331,0.89538332,0.87368568,0.847151,0.8135246,0.77086976,0.72797632,0.6881796,0.66678544,0.64974496,0.63054456,0.59168704,0.52162872,0.44893808,0.38366408,0.33161644,0.28810604,0.25016784,0.21615268,0.18427804,0.15260408,0.11557296,0.07999832,0.0641674,0.05322796,0.04510404,0.0386882,0.03328792,0.0285178,0.02405424,0.01955756,0.01443428,0.00629112,0.00380952,0.00259276,0.00181684,0.00130088,0.00094256,0.00068512,0.00050452,0.00036552,0.00025892,0.00017944,0.00011384,6.908e-05,3.764e-05,1.808e-05,8.88e-06,5.32e-06,2.84e-06,1.56e-06,7.2e-07,1.6e-07,0.0,0.0
1.2,0.8,0.0001,135.0,0.0005,0.5,0.99998744,0.99998508,0.9999822,0.99997832,0.99997464,0.99996924,0.9999634,0.99995552,0.99994564,0.99993452,0.99992132,0.99990512,0.99988504,0.99986204,0.99983516,0.99980244,0.99976236,0.99971244,0.99965136,0.99958116,0.99949672,0.999392,0.9992702,0.9991176,0.99893648,0.99872296,0.998462,0.99814624,0.99776812,0.99731028,0.99676676,0.99609964,0.99529576,0.99433124,0.99316292,0.99174772,0.99004588,0.9879924,0.98548876,0.9824198,0.97869188,0.97414216,0.96859064,0.96193028,0.95391696,0.94441292,0.93307612,0.91950692,0.90316496,0.88359452,0.85977848,0.83059452,0.79435204,0.74490332,0.66686396,0.58835724,0.53010984,0.48185604,0.44021952,0.40500848,0.37379896,0.34161696,0.30778072,0.27272832,0.2323574,0.18828592,0.14256536,0.09804468,0.07915908,0.06870972,0.06041208,0.05348268,0.0473764,0.04169208,0.03609368,0.03019408,0.02328748,0.01256604,0.00632268,0.00293372,0.00158184,0.00108128,0.00074,0.00050244,0.00034064,0.00022916,0.00015324,0.00010064,6.412e-05,4.104e-05,2.732e-05,2.08e-05,1.66e-05,1.32e-05,1.048e-05,6.56e-06,2.08e-06,0.0,0.0,0.0
1.2,0.8,0.0001,180.0,0.0005,0.5,0.99998176,0.9999772,0.99997344,0.99996896,0.99996176,0.99995488,0.99994592,0.99993368,0.99992184,0.9999052,0.99988392,0.9998612,0.99983208,0.999796,0.99975024,0.9996984,0.99963472,0.99955816,0.99946648,0.99936008,0.9992324,0.99907664,0.99888896,0.99865752,0.9983856,0.99805488,0.99765264,0.99716792,0.99658248,0.9958858,0.99504412,0.99403564,0.9928054,0.991317,0.9895186,0.9873578,0.9847848,0.981684,0.97801244,0.9736182,0.96833188,0.96184528,0.95379164,0.94380948,0.93199096,0.91773112,0.90076132,0.8807108,0.85577192,0.82448672,0.78562012,0.7474902,0.71029604,0.67024004,0.63291288,0.58900096,0.53728116,0.4801382,0.4157576,0.3559024,0.307936,0.2677406,0.2328064,0.20138388,0.17204864,0.14309892,0.11031416,0.0742578,0.06082764,0.05116904,0.0436854,0.03756656,0.03246092,0.02781788,0.02316224,0.01458356,0.0057922,0.00388684,0.00274396,0.00196292,0.0013886,0.00097536,0.00067628,0.0004764,0.0003522,0.00026236,0.0001934,0.00014104,0.00010268,7.312e-05,5.328e-05,3.892e-05,2.86e-05,1.856e-05,1.364e-05,7.64e-06,2.68e-06,0.0,0.0,0.0
1.2,0.8,0.0003,0.0,0.0005,0.5,0.99999108,0.99998916,0.99998684,0.99998464,0.99998088,0.9999774,0.99997332,0.99996844,0.99996124,0.99995364,0.99994292,0.9999328,0.9999176,0.9999014,0.99988164,0.99985692,0.99982808,0.99979456,0.99975104,0.99970444,0.9996438,0.99957012,0.99947792,0.99937232,0.99923888,0.99908592,0.99890068,0.9986832,0.99841728,0.99809208,0.99770668,0.99724556,0.99669524,0.99603064,0.99524832,0.99430924,0.99318828,0.99182236,0.99014124,0.98808528,0.98558832,0.98262284,0.97901548,0.9746552,0.96927264,0.9624518,0.9538352,0.94302724,0.93013204,0.9150678,0.89772016,0.87773012,0.854552,0.82770808,0.79557976,0.7588688,0.72615708,0.68611932,0.64393236,0.59996796,0.55366296,0.5043024,0.45097916,0.39607996,0.34810316,0.30611556,0.26857812,0.23382716,0.19982928,0.16430204,0.1331462,0.10292028,0.0681858,0.05876052,0.05288032,0.04821408,0.04410036,0.04013984,0.03606104,0.03159104,0.02619356,0.01876696,0.00645276,0.0035296,0.00256648,0.00196888,0.0015486,0.00125384,0.001029,0.00085548,0.00071264,0.00059412,0.00047304,0.00038888,0.00030736,0.00024448,0.00018704,0.00012784,8.312e-05,4.504e-05
1.2,0.8,0.0003,45.0,0.0005,0.5,0.99999348,0.99999268,0.9999916,0.9999898,0.99998792,0.99998584,0.99998276,0.99997928,0.99997496,0.99996988,0.99996304,0.99995576,0.99994788,0.9999368,0.99992412,0.99990888,0.99989128,0.99986804,0.99984056,0.99980532,0.99976484,0.9997158,0.99966044,0.99959144,0.99950532,0.99940776,0.99928356,0.99913624,0.99895972,0.99875032,0.9985014,0.99818952,0.99782268,0.99738588,0.99686716,0.99623304,0.9954788,0.9945752,0.99351312,0.9922322,0.99066796,0.98873976,0.9863898,0.9835154,0.98003816,0.97592216,0.97075796,0.96434212,0.95629996,0.94592884,0.9319802,0.91480276,0.89637304,0.87447676,0.84654916,0.80915084,0.76054428,0.71336112,0.66631688,0.61901992,0.5607262,0.51526232,0.4799264,0.4487008,0.420767,0.39315612,0.36548092,0.33646688,0.30517464,0.27068236,0.22900832,0.18810416,0.13774664,0.10618252,0.0904806,0.07931464,0.06979432,0.06114796,0.0526404,0.04530528,0.03860208,0.03162404,0.02279868,0.01107144,0.00554616,0.00303048,0.00222248,0.00166588,0.0012724,0.000979,0.00075904,0.00059392,0.0004686,0.00037032,0.00027904,0.00019936,0.00012408,7.768e-05,5.46e-05,3.652e-05
1.2,0.8,0.0003,90.0,0.0005,0.5,0.99999072,0.99998872,0.99998588,0.99998324,0.99998036,0.999977,0.99997256,0.99996696,0.99996048,0.99995228,0.99994268,0.99992996,0.9999162,0.99989844,0.99987796,0.99985308,0.99982316,0.99978616,0.99974396,0.99969196,0.9996272,0.99955084,0.99945508,0.99934384,0.99920796,0.99904352,0.99884496,0.99860576,0.99832904,0.99799192,0.99758156,0.997094,0.99649808,0.99577948,0.9949102,0.99385636,0.99259704,0.991082,0.9892482,0.98703076,0.98437296,0.9812092,0.97737956,0.97271092,0.9670238,0.96014436,0.95176908,0.94111544,0.92803776,0.91340104,0.898713,0.88272384,0.86490188,0.8453414,0.82363048,0.79861628,0.770493,0.74159848,0.71221712,0.67434912,0.61715004,0.55799992,0.49687684,0.43658548,0.38475648,0.33972888,0.29997296,0.26420436,0.2316142,0.20111612,0.17148328,0.14053152,0.098547,0.07683164,0.06284288,0.05287584,0.04527348,0.03909792,0.03376872,0.02891876,0.02420712,0.01919468,0.01266084,0.00531912,0.00348304,0.00239688,0.001689,0.0012104,0.00088024,0.00064556,0.00047052,0.00034624,0.00024064,0.00015988,9.68e-05,6.26e-05,3.84e-05,2.392e-05,1.34e-05,6.36e-06
1.2,0.8,0.0003,135.0,0.0005,0.5,0.99999396,0.9999926,0.99999112,0.99998948,0.99998728,0.99998408,0.99998064,0.99997624,0.99997076,0.9999646,0.99995668,0.99994752,0.99993732,0.9999238,0.99990912,0.9998912,0.9998692,0.99984156,0.99980996,0.9997732,0.999727,0.99967096,0.99960308,0.9995228,0.99942304,0.99930588,0.99916524,0.99899892,0.9987944,0.99854764,0.99824576,0.99788288,0.99745172,0.996926,0.99629532,0.99554016,0.99463884,0.99353784,0.99224016,0.99065672,0.98879508,0.98659716,0.98396672,0.9807662,0.97678176,0.97197952,0.96626088,0.9593862,0.95083484,0.94052208,0.92817256,0.91306304,0.8943394,0.87090376,0.84087288,0.80052688,0.750796,0.70287224,0.6525962,0.60432824,0.55956908,0.51763036,0.479287,0.444319,0.41283772,0.38283384,0.35269864,0.32135224,0.28871168,0.2542182,0.21243708,0.1720316,0.1226452,0.09295596,0.07894276,0.06933168,0.06145176,0.05469176,0.04855632,0.0426658,0.03663816,0.02994676,0.02114528,0.00973084,0.0044744,0.00214876,0.00145548,0.00099036,0.00067724,0.0004564,0.0003072,0.00020716,0.00013836,9.052e-05,6.052e-05,4.164e-05,2.564e-05,1.448e-05,1.1e-05,7.92e-06
1.2,0.8,0.0003,180.0,0.0005,0.5,0.99999264,0.99999072,0.99998816,0.99998624,0.99998256,0.9999792,0.99997584,0.99997016,0.9999648,0.99995808,0.99995024,0.99994016,0.99992768,0.999912,0.9998944,0.9998732,0.99984552,0.99981316,0.99977696,0.99972896,0.99967492,0.99960228,0.999517,0.99942516,0.99930684,0.99916556,0.99899908,0.998802,0.99855956,0.99826268,0.99790064,0.99747244,0.99697928,0.99636624,0.9956314,0.99476012,0.99370396,0.99244528,0.99090676,0.98903748,0.98676584,0.98406032,0.98081996,0.97682296,0.9720394,0.96611988,0.9587514,0.94940292,0.9372974,0.92287604,0.90602244,0.88676544,0.8646548,0.83934048,0.80983516,0.77582424,0.7427652,0.70053708,0.65748244,0.6125756,0.56504324,0.51435424,0.45962612,0.40430824,0.35647548,0.31483324,0.2780958,0.24518428,0.21513076,0.18706612,0.15992636,0.1318466,0.0933184,0.07130752,0.05965216,0.05088416,0.04386696,0.03806696,0.03305732,0.02830388,0.02326364,0.00972032,0.00541668,0.00373344,0.00265636,0.00189216,0.00131072,0.0008996,0.00061444,0.00043528,0.00031656,0.00023508,0.00017472,0.00013248,9.896e-05,7.388e-05,5.512e-05,4.316e-05,3.356e-05,2.344e-05
1.2,1/0.8,0.0001,0.0,0.0005,0.5,0.99997936,0.99997496,0.9999704,0.9999656,0.99995864,0.9999508,0.99994016,0.99992904,0.999916,0.9999004,0.99987984,0.99985524,0.99982812,0.99979272,0.99975056,0.99969804,0.99963624,0.99956184,0.99947192,0.99936832,0.9992412,0.99908404,0.99889048,0.99866252,0.99839868,0.99806944,0.99767848,0.99720596,0.99663016,0.99595072,0.99510196,0.99409952,0.99290488,0.99145388,0.98971476,0.9876332,0.98514944,0.98216916,0.97860464,0.97427356,0.96911188,0.96285896,0.95537928,0.94650812,0.93604996,0.92363716,0.9092848,0.89238788,0.87269888,0.84977716,0.823184,0.7920938,0.75520256,0.7194294,0.67382856,0.61449456,0.52854412,0.42856972,0.34660624,0.28785872,0.24164124,0.20199984,0.16330596,0.11695388,0.0963554,0.08113984,0.06719948,0.0530232,0.04202908,0.0337966,0.02730296,0.0221284,0.01799312,0.01467792,0.01197912,0.00968124,0.00772908,0.00634712,0.00522824,0.0042302,0.00320244,0.00185264,0.00123804,0.00095424,0.000759,0.00061792,0.0005126,0.00041288,0.00032768,0.00023668,0.000182,0.00013704,9.56e-05,5.736e-05,2.52e-05,4.56e-06,3.2e-07,0.0,0.0,0.0
1.2,1/0.8,0.0001,45.0,0.0005,0.5,0.99999244,0.99999104,0.99998964,0.99998772,0.99998464,0.99998132,0.9999766,0.99997176,0.99996584,0.99995972,0.99995152,0.99994164,0.99992968,0.99991544,0.99989812,0.99987796,0.99985496,0.99982528,0.99978884,0.99974412,0.99968836,0.99962584,0.99954912,0.99945812,0.9993486,0.99921228,0.99905216,0.99886236,0.99863216,0.99835872,0.9980202,0.99761648,0.99712828,0.99654144,0.9958452,0.99500428,0.99400944,0.99283136,0.99144604,0.98978492,0.98776708,0.98527764,0.98218052,0.97836996,0.9738602,0.96828656,0.96112752,0.95187916,0.93992048,0.92275528,0.89621396,0.8620184,0.81768924,0.7474596,0.67337292,0.59900624,0.53852452,0.4925842,0.4445362,0.39358492,0.3500014,0.31171148,0.27550492,0.23818488,0.18811664,0.14316572,0.11998376,0.10297872,0.08919836,0.0776708,0.06771136,0.05875196,0.05007748,0.04195776,0.03475668,0.02767308,0.0190058,0.00924624,0.00497656,0.00311816,0.00227996,0.00170264,0.00129164,0.00099492,0.0007752,0.00060752,0.00047208,0.00036716,0.00028336,0.00021156,0.00015468,0.00010548,6.408e-05,3.54e-05,1.836e-05,9.56e-06,5.28e-06,2.32e-06,1.2e-06,3.2e-07
1.2,1/0.8,0.0001,90.0,0.0005,0.5,0.99998268,0.99997808,0.99997352,0.99996672,0.99996068,0.99995224,0.99994212,0.99993052,0.99991724,0.99990156,0.99988072,0.9998572,0.9998268,0.99979144,0.99974864,0.99969836,0.99963948,0.9995642,0.99947048,0.99936068,0.99923288,0.99907388,0.99888428,0.99865692,0.99838192,0.99805108,0.99765184,0.99716992,0.9965846,0.99587956,0.99502932,0.99401216,0.99277272,0.99128084,0.98946944,0.98728396,0.98463872,0.98145072,0.97764856,0.97311768,0.96766216,0.96108936,0.95319196,0.94381912,0.93259092,0.91910492,0.90339684,0.88491252,0.8629444,0.83756252,0.81032096,0.78854048,0.76894228,0.74864776,0.72488656,0.6809732,0.5776956,0.46950544,0.3834796,0.32243604,0.27564116,0.23722904,0.20360244,0.17182528,0.13382428,0.10678416,0.09136092,0.07681788,0.0628666,0.05228132,0.04412052,0.03753644,0.03193292,0.02694984,0.02227204,0.01750824,0.01159148,0.00558976,0.00369636,0.00255636,0.00180868,0.00129844,0.00094484,0.00068772,0.00050572,0.00036616,0.00026168,0.00018044,0.00011476,7e-05,3.804e-05,1.844e-05,8.8e-06,5.24e-06,2.8e-06,1.52e-06,6.8e-07,1.6e-07,0.0,0.0
1.2,1/0.8,0.0001,135.0,0.0005,0.5,0.9999894,0.99998664,0.9999844,0.99998092,0.9999772,0.9999722,0.99996648,0.9999594,0.99995124,0.99994084,0.99992996,0.99991576,0.99989904,0.99987884,0.99985364,0.99982268,0.999785,0.99974004,0.99968672,0.99962356,0.99954756,0.99945652,0.999346,0.99921308,0.99905332,0.99885544,0.99862248,0.99834444,0.99800448,0.99759616,0.99709892,0.99650164,0.99579236,0.99491648,0.9938722,0.99260088,0.99107408,0.98921816,0.98701564,0.98434184,0.98109644,0.97720416,0.97256928,0.96693976,0.96013552,0.9518148,0.94179936,0.92963208,0.91459204,0.89595304,0.87222072,0.8413948,0.797697,0.72798636,0.6577646,0.59835568,0.54343924,0.49133524,0.43568172,0.38012844,0.33539268,0.29633572,0.25951572,0.22167796,0.17103908,0.12653392,0.10436392,0.08869932,0.07632728,0.06628872,0.05790548,0.05071148,0.044278,0.03824416,0.03226204,0.0258792,0.01783508,0.00817876,0.00402576,0.00229296,0.0015642,0.0010744,0.0007382,0.00050304,0.00034084,0.00022924,0.00015384,0.00010184,6.44e-05,3.968e-05,2.704e-05,2.064e-05,1.672e-05,1.332e-05,1.064e-05,6.84e-06,2.32e-06,0.0,0.0,0.0
1.2,1/0.8,0.0001,180.0,0.0005,0.5,0.99998192,0.99997816,0.99997336,0.99996808,0.99996112,0.99995304,0.99994296,0.99993192,0.99991888,0.99990456,0.99988368,0.99985896,0.9998308,0.99979688,0.99976008,0.99971088,0.99965792,0.99958772,0.99950716,0.99940424,0.99927408,0.99911944,0.99894492,0.99873228,0.99848364,0.99816808,0.997802,0.9973558,0.99681072,0.9961608,0.99536704,0.99440476,0.99327296,0.9919034,0.990244,0.98824988,0.98583252,0.98293448,0.97948784,0.9753186,0.97032276,0.96429296,0.9569968,0.94842324,0.93827072,0.92617772,0.91210272,0.89566504,0.87625188,0.85365148,0.82764036,0.7970668,0.760359,0.72733416,0.67981816,0.6203496,0.53197288,0.43267572,0.3520898,0.29536352,0.2519488,0.21652916,0.18550376,0.15610944,0.1214048,0.0948574,0.0801168,0.065978,0.0550954,0.04657172,0.03971228,0.03400784,0.02920272,0.02497632,0.02092556,0.01693884,0.01223332,0.00578984,0.00371988,0.00250988,0.00170396,0.00116876,0.00080252,0.00057,0.0004122,0.0002982,0.00021624,0.00015476,0.00011232,8.028e-05,5.72e-05,4.172e-05,3.032e-05,1.96e-05,1.44e-05,8e-06,2.84e-06,0.0,0.0,0.0
1.2,1/0.8,0.0003,0.0,0.0005,0.5,0.99999552,0.99999384,0.99999224,0.99999048,0.99998872,0.99998568,0.99998264,0.99997928,0.9999756,0.99997024,0.99996464,0.99995752,0.9999484,0.99993864,0.99992712,0.99991104,0.99989248,0.99986824,0.9998428,0.99980944,0.99976816,0.99972224,0.99966312,0.99959488,0.9995128,0.99941688,0.99929432,0.99915236,0.99898076,0.99877464,0.99852664,0.99821668,0.99785148,0.99740732,0.99687288,0.99622852,0.9954578,0.99451672,0.99340436,0.99206288,0.99042612,0.98844872,0.986012,0.98313076,0.97973336,0.97555696,0.97054176,0.9644376,0.95717608,0.9483276,0.93733988,0.92400092,0.90963684,0.89462492,0.87318372,0.84501152,0.81126808,0.76983572,0.71885612,0.65318596,0.57485256,0.49686908,0.4278368,0.3706512,0.3221592,0.28004668,0.24227088,0.20703788,0.17181236,0.1248148,0.09689148,0.08108704,0.06745008,0.0527334,0.04157576,0.03322512,0.02668028,0.02151224,0.01740516,0.01411788,0.01145544,0.0090536,0.00738208,0.00612656,0.00508992,0.00419124,0.00333276,0.00229324,0.00138024,0.0010496,0.00084192,0.00068308,0.00054916,0.00044648,0.00036064,0.00027984,0.00019392,0.00013692,9.16e-05,5.384e-05
1.2,1/0.8,0.0003,45.0,0.0005,0.5,0.9999914,0.9999898,0.99998768,0.99998564,0.99998312,0.99997888,0.9999746,0.99996904,0.99996292,0.99995444,0.9999456,0.99993512,0.99992096,0.99990504,0.99988608,0.99986208,0.99983424,0.99980084,0.99976004,0.99971272,0.99965648,0.999585,0.9995002,0.99939524,0.99927056,0.99912292,0.9989412,0.99872752,0.99845864,0.99814752,0.997771,0.99730772,0.99675004,0.99607996,0.9952846,0.994317,0.9931504,0.99174044,0.99006032,0.98803864,0.98559364,0.98260524,0.97900236,0.97465308,0.96941068,0.9628824,0.9543374,0.94387272,0.931556,0.9172626,0.90013788,0.87953596,0.85336376,0.8217222,0.78931692,0.75647276,0.72237852,0.68285044,0.63716456,0.60027444,0.56669612,0.53406192,0.49695472,0.45619064,0.41722144,0.38165528,0.34784148,0.31470164,0.28118484,0.24554096,0.20240076,0.14640816,0.11962888,0.10167788,0.08739236,0.07559704,0.06553196,0.05653176,0.0479556,0.0400796,0.03321596,0.02661868,0.01893544,0.00949536,0.00520212,0.00311116,0.00228452,0.00171296,0.00130412,0.00100492,0.00077848,0.00060692,0.00047892,0.00037864,0.00028392,0.00020344,0.00012648,7.892e-05,5.668e-05,3.716e-05
1.2,1/0.8,0.0003,90.0,0.0005,0.5,0.99999788,0.9999974,0.9999966,0.99999604,0.99999524,0.99999448,0.9999932,0.99999188,0.99999032,0.99998816,0.99998592,0.9999836,0.99998,0.99997544,0.99997056,0.9999642,0.99995648,0.99994856,0.99993728,0.99992656,0.99991308,0.999896,0.99987584,0.99984872,0.99981736,0.9997778,0.99973388,0.99967948,0.99961436,0.99953596,0.9994416,0.99932788,0.9991924,0.99902864,0.99882788,0.998586,0.99828808,0.99793536,0.99751524,0.99700992,0.99638944,0.99565424,0.99475792,0.99364704,0.992298,0.99059568,0.98831016,0.9850818,0.98059448,0.97484424,0.96765736,0.958822,0.94809076,0.9351558,0.91935332,0.90018516,0.877035,0.84565064,0.78670656,0.70865608,0.622825,0.53885084,0.46545892,0.40516464,0.35458012,0.31124172,0.27321428,0.23906164,0.20744976,0.17669096,0.14296268,0.10713444,0.0909678,0.0761622,0.06179044,0.05098492,0.04274348,0.03616076,0.03061488,0.02575312,0.02125932,0.01680096,0.0116094,0.00554768,0.0036514,0.0025194,0.00177844,0.00127416,0.00092452,0.00067668,0.00049368,0.00036216,0.00025184,0.00016812,0.00010212,6.632e-05,4.136e-05,2.644e-05,1.524e-05,6.32e-06
1.2,1/0.8,0.0003,135.0,0.0005,0.5,0.99999212,0.99999072,0.99998884,0.99998696,0.9999844,0.99998148,0.99997812,0.99997432,0.99996844,0.99996148,0.99995328,0.99994436,0.99993272,0.9999184,0.9999008,0.99988088,0.99985616,0.99982536,0.9997854,0.99974092,0.9996892,0.99962464,0.99954872,0.99945536,0.99934792,0.99921688,0.99906136,0.99886028,0.99862472,0.99834632,0.99800424,0.99760236,0.99710472,0.9965266,0.99580992,0.99493708,0.99389556,0.9926374,0.99113576,0.98932928,0.9871334,0.98451356,0.9813468,0.97752176,0.97294536,0.9674084,0.96061864,0.95227136,0.94208944,0.92949972,0.91390596,0.89398696,0.8679744,0.83702428,0.80486628,0.77131664,0.73633572,0.69990896,0.66202544,0.62294736,0.58248496,0.543307,0.49961872,0.45171704,0.4091292,0.37062308,0.3348412,0.30035816,0.2659012,0.22922124,0.18538736,0.12998448,0.104241,0.08759288,0.07469892,0.06438476,0.05588148,0.04868232,0.04233752,0.03647028,0.03075528,0.02479384,0.01766276,0.00841268,0.00424248,0.00226156,0.00153676,0.00104936,0.0007186,0.00048632,0.0003262,0.00022212,0.00014928,9.8e-05,6.636e-05,4.624e-05,2.848e-05,1.496e-05,1.096e-05,7.84e-06
1.2,1/0.8,0.0003,180.0,0.0005,0.5,0.99999424,0.99999336,0.99999152,0.99999024,0.99998824,0.99998512,0.999982,0.99997864,0.99997424,0.99996864,0.99996296,0.99995488,0.99994696,0.99993712,0.99992328,0.99990976,0.99989224,0.99986864,0.99984208,0.99980864,0.99976968,0.99972464,0.99966636,0.99960228,0.99952428,0.99942636,0.9993038,0.99916364,0.99899492,0.99878636,0.99854528,0.99825196,0.99789364,0.99744952,0.99692196,0.9962768,0.99550088,0.99456212,0.99343672,0.99206632,0.99044004,0.9885176,0.98620412,0.98337456,0.97995944,0.97582576,0.97094584,0.9649054,0.95774616,0.948821,0.93779628,0.92498932,0.91227132,0.8977426,0.87500492,0.847379,0.81417908,0.77347924,0.72238616,0.65404252,0.57595668,0.4980922,0.42973476,0.37348476,0.326311,0.2860222,0.25074748,0.21916404,0.1898742,0.1613678,0.13005408,0.09566384,0.080583,0.0656018,0.05421096,0.04540588,0.03841336,0.03267124,0.0280138,0.02385968,0.02000044,0.01627184,0.012019,0.00581472,0.0037128,0.00248396,0.00166632,0.00112756,0.00076708,0.00054356,0.00038664,0.00028096,0.000206,0.00015208,0.0001136,8.504e-05,6.188e-05,4.764e-05,3.704e-05,2.632e-05
1.2,1/0.5,0.0001,0.0,0.0005,0.5,0.99999036,0.999989,0.99998708,0.99998468,0.9999818,0.99997932,0.99997564,0.99997044,0.999964,0.99995712,0.9999492,0.99993912,0.99992784,0.99991376,0.99989456,0.99987356,0.99984872,0.99982,0.99978048,0.99973852,0.99968924,0.99962628,0.9995518,0.99946408,0.99935676,0.99922636,0.99906516,0.99887704,0.99864904,0.99836908,0.99803432,0.99763836,0.99714964,0.99655256,0.9958524,0.9950124,0.99398952,0.99275616,0.99127004,0.98943408,0.98724652,0.98460848,0.98141508,0.97750584,0.97270084,0.96688808,0.9596896,0.95074092,0.9391462,0.92426656,0.90231248,0.85409308,0.61093228,0.38110764,0.29875236,0.25373052,0.21568436,0.1830164,0.15396164,0.12751448,0.10120464,0.07029824,0.04112488,0.02610776,0.0164072,0.01091316,0.00748692,0.00524492,0.00374624,0.00272724,0.00201836,0.00155812,0.00124944,0.00101312,0.00080432,0.00063796,0.00049632,0.0004054,0.00032896,0.0002664,0.00021092,0.00015508,0.00010664,7.38e-05,5.416e-05,4.24e-05,3.152e-05,2.28e-05,1.552e-05,1.056e-05,6.24e-06,1.52e-06,0.0,0.0,0.0,0.0,0.0,0.0,0.0,0.0
1.2,1/0.5,0.0001,45.0,0.0005,0.5,0.99999372,0.99999252,0.99999088,0.99998896,0.99998668,0.99998352,0.99998016,0.99997528,0.99996984,0.99996328,0.99995532,0.99994584,0.99993596,0.99992296,0.9999064,0.9998872,0.99986264,0.9998358,0.99980328,0.99976372,0.99971584,0.99965888,0.99959124,0.99950476,0.99940728,0.99928808,0.99914612,0.99897356,0.99876,0.99850856,0.99820552,0.99784132,0.99739836,0.99686528,0.99622656,0.99545024,0.99452212,0.99340084,0.99206436,0.99041684,0.98842944,0.98602072,0.9830982,0.97957392,0.9752842,0.96999112,0.96349112,0.95535776,0.94488804,0.93076008,0.91168832,0.87796152,0.7607172,0.47000508,0.37681768,0.3312386,0.29293228,0.25827016,0.22527908,0.19200676,0.15086648,0.09891312,0.06927728,0.05067348,0.03823588,0.02949976,0.02311704,0.01821516,0.01427736,0.01085724,0.00721048,0.0049304,0.0035696,0.0027296,0.00213144,0.00168608,0.00134028,0.00108728,0.00089328,0.00074416,0.00062616,0.00052364,0.00043624,0.00035916,0.00029024,0.00023,0.00018124,0.00013036,9.208e-05,5.844e-05,3.048e-05,1.224e-05,4.32e-06,1.6e-06,0.0,0.0,0.0,0.0,0.0,0.0
1.2,1/0.5,0.0001,90.0,0.0005,0.5,0.9999908,0.99998872,0.99998652,0.99998412,0.99998096,0.99997724,0.99997304,0.99996692,0.99996,0.99995044,0.99993952,0.9999258,0.99990928,0.999891,0.99986996,0.99984332,0.99981108,0.99976936,0.99972084,0.99966568,0.9995968,0.99951536,0.99942028,0.99930592,0.99916992,0.9989954,0.99879624,0.99855312,0.9982544,0.99790044,0.99747008,0.9969636,0.99635012,0.995612,0.99473132,0.99363984,0.99234672,0.99078112,0.988884,0.98656932,0.98376976,0.98033424,0.97615072,0.97106056,0.96489448,0.95739048,0.9479766,0.935973,0.92019716,0.8983394,0.86290168,0.775495,0.57615496,0.43810072,0.33866132,0.28626944,0.2452734,0.20978048,0.17844104,0.1501162,0.1227856,0.09314344,0.06432356,0.04566868,0.033186,0.02441496,0.0178474,0.01213544,0.00829004,0.00592856,0.00438604,0.00330668,0.00251884,0.00194008,0.0015024,0.00118396,0.0009464,0.0007634,0.00062532,0.000513,0.00042244,0.00034588,0.00027644,0.00022044,0.00016828,0.00012264,8.192e-05,4.672e-05,2.696e-05,1.464e-05,7.84e-06,2.76e-06,3.2e-07,0.0,0.0,0.0,0.0,0.0,0.0,0.0
1.2,1/0.5,0.0001,135.0,0.0005,0.5,0.99999264,0.99999056,0.99998896,0.99998716,0.99998484,0.99998116,0.9999772,0.99997256,0.99996696,0.99996016,0.99995124,0.9999416,0.9999296,0.99991524,0.99989804,0.99987804,0.9998506,0.99982016,0.99978456,0.999738,0.999684,0.99962104,0.99954504,0.99945432,0.99934692,0.9992196,0.99906144,0.99887604,0.99864228,0.99836872,0.99803436,0.99763048,0.99715044,0.99657392,0.99587568,0.99502656,0.9940142,0.9928042,0.99134232,0.98957132,0.98745324,0.98488144,0.98177324,0.97800068,0.97346676,0.96788836,0.96105376,0.95256704,0.94187488,0.92776136,0.90825756,0.86384472,0.68872464,0.411418,0.34232468,0.30153396,0.26662872,0.23463724,0.20382112,0.17250072,0.1336898,0.08267504,0.05349,0.0347592,0.02310948,0.01577464,0.01093464,0.00769628,0.0054784,0.0039378,0.00286712,0.00211524,0.00157824,0.00119612,0.000917,0.00070484,0.00055556,0.00043824,0.0003498,0.00027856,0.00021856,0.00016472,0.00011824,7.704e-05,5.148e-05,3.38e-05,2.164e-05,1.444e-05,8e-06,3.12e-06,1.08e-06,3.2e-07,1.2e-07,0.0,0.0,0.0,0.0,0.0,0.0,0.0
1.2,1/0.5,0.0001,180.0,0.0005,0.5,0.9999912,0.99998912,0.9999868,0.99998448,0.99998136,0.99997824,0.99997448,0.99997064,0.99996456,0.99995696,0.9999468,0.99993488,0.99992208,0.99990704,0.9998888,0.99986656,0.9998392,0.9998048,0.99976528,0.99971416,0.99965564,0.99958104,0.99949296,0.99939072,0.99927152,0.99912492,0.9989406,0.99872552,0.9984574,0.99814452,0.99777236,0.99730792,0.99676316,0.99610524,0.99532128,0.99437276,0.9932378,0.99187724,0.990205,0.98820428,0.98577536,0.98282628,0.979211,0.97477172,0.9693626,0.96278944,0.95461884,0.9441274,0.93062568,0.9122128,0.88198384,0.8044948,0.56050244,0.33684404,0.27147908,0.2329678,0.20067976,0.17244888,0.14660136,0.12261904,0.09925676,0.074445,0.04833144,0.0314154,0.02088952,0.01420904,0.00985876,0.0069422,0.00493964,0.003566,0.0025874,0.00186848,0.00131676,0.0009344,0.00066372,0.0004818,0.00034828,0.00025096,0.00018488,0.00013632,0.00010132,7.328e-05,5.144e-05,3.652e-05,2.464e-05,1.724e-05,1.168e-05,7.32e-06,4.76e-06,2.6e-06,6.8e-07,0.0,0.0,0.0,0.0,0.0,0.0,0.0,0.0,0.0
1.2,1/0.5,0.0003,0.0,0.0005,0.5,0.999982,0.99997888,0.99997416,0.9999688,0.9999632,0.99995552,0.9999464,0.9999368,0.99992324,0.99990756,0.99988636,0.99986188,0.9998358,0.99980048,0.99976144,0.99970936,0.99965088,0.99958224,0.99948816,0.99938276,0.99925932,0.99910116,0.99892364,0.9987036,0.99843008,0.998122,0.99773476,0.99726944,0.99671944,0.99604464,0.9952396,0.99425972,0.99309404,0.99170108,0.99007692,0.98812956,0.98581856,0.98300932,0.9795012,0.9750448,0.96934092,0.96189588,0.95163072,0.93679272,0.9136676,0.87816228,0.83462784,0.79135524,0.74709956,0.70028412,0.65035564,0.5973044,0.50977916,0.44672272,0.40908324,0.38042668,0.3554764,0.33223372,0.3097908,0.28757052,0.26502576,0.24186444,0.21731368,0.18414512,0.14892136,0.11727252,0.084104,0.05261092,0.0348862,0.02272376,0.01516808,0.01037608,0.0072126,0.005097,0.00365176,0.0026652,0.00198632,0.00155144,0.00124116,0.00099936,0.00079288,0.00062404,0.00048848,0.0003984,0.00032684,0.00026712,0.0002124,0.00016168,0.00010976,7.208e-05,5.476e-05,4.124e-05,2.768e-05,1.92e-05,1.088e-05,3.28e-06,0.0,0.0,0.0,0.0
1.2,1/0.5,0.0003,45.0,0.0005,0.5,0.99999108,0.999989,0.99998664,0.99998388,0.99998068,0.99997624,0.99997096,0.9999656,0.99995856,0.99994812,0.99993668,0.99992348,0.99990852,0.99989032,0.99986796,0.99984256,0.99980944,0.99977228,0.99972744,0.99967008,0.99960136,0.99952092,0.99942056,0.9993038,0.9991636,0.99899556,0.99878752,0.99854028,0.99823768,0.99787592,0.99743736,0.99690556,0.99626884,0.99549996,0.99457,0.99343696,0.99203676,0.99032148,0.98818192,0.985504,0.98205792,0.97748468,0.97122276,0.96257628,0.9511662,0.93804976,0.92387776,0.90778484,0.88874136,0.8634178,0.80576728,0.71244376,0.61219624,0.55380616,0.51574732,0.4909364,0.47002704,0.4498114,0.42893908,0.40649828,0.3814698,0.35083036,0.30025888,0.25440188,0.21223996,0.16259416,0.11403212,0.08266008,0.0614322,0.0466164,0.035991,0.02817116,0.02225372,0.01762576,0.01382508,0.01041512,0.0069324,0.00476448,0.00347448,0.00266704,0.00208864,0.00165424,0.00132532,0.0010794,0.00089156,0.00074488,0.00062364,0.00051972,0.00042912,0.00035308,0.00028764,0.00022804,0.00017692,0.00012452,7.932e-05,4.62e-05,2.712e-05,1.596e-05,6.96e-06,2.12e-06
1.2,1/0.5,0.0003,90.0,0.0005,0.5,0.9999674,0.99996072,0.9999536,0.99994456,0.99993232,0.99991808,0.99990004,0.9998794,0.99985632,0.99982792,0.99979228,0.99974976,0.99969824,0.99963544,0.99956076,0.99946952,0.99935912,0.99922688,0.99907052,0.9988804,0.99864504,0.99836572,0.99803172,0.99762712,0.99713712,0.99656,0.99587388,0.9950272,0.99400188,0.99277836,0.99128776,0.9895098,0.98736316,0.98475816,0.98163216,0.97778068,0.97311792,0.96739308,0.96033216,0.95147064,0.93999716,0.92484456,0.90524584,0.88096052,0.8520718,0.82058032,0.79063484,0.76129624,0.73097348,0.69904096,0.66432892,0.624603,0.57911584,0.53356832,0.4890658,0.44236212,0.40664516,0.37689072,0.3492728,0.3224686,0.29583344,0.26879556,0.24046804,0.20937184,0.17347272,0.1408374,0.10866032,0.07753184,0.05623352,0.04141836,0.03086016,0.02303444,0.01687556,0.01166652,0.00797452,0.00572392,0.00425464,0.00321744,0.00246052,0.00189664,0.00147708,0.0011656,0.00093332,0.00075476,0.00061576,0.00050652,0.0004156,0.00033896,0.00027656,0.00021544,0.00016432,0.00011656,7.32e-05,4.08e-05,2.272e-05,1.344e-05,7.16e-06,4.12e-06,1.56e-06,0.0
1.2,1/0.5,0.0003,135.0,0.0005,0.5,0.99998556,0.99998288,0.99997944,0.99997536,0.9999702,0.99996388,0.99995612,0.99994676,0.99993684,0.99992332,0.99990808,0.99988876,0.99986544,0.99983884,0.99980356,0.99976068,0.99971328,0.99965308,0.99958348,0.99949872,0.999397,0.99927316,0.999123,0.99894516,0.99872712,0.99846428,0.99815524,0.99777736,0.9973256,0.9967692,0.99611328,0.99532236,0.99437132,0.99322484,0.99184292,0.99015016,0.9880736,0.98551192,0.982334,0.97829204,0.97308448,0.96631264,0.95742324,0.94592688,0.93124624,0.91254536,0.8890622,0.8619698,0.82993072,0.787601,0.72708264,0.64052224,0.54677372,0.50514,0.48035284,0.46054332,0.44215036,0.4236082,0.4040472,0.38266544,0.35854988,0.32823128,0.27819772,0.23357568,0.19274344,0.14513296,0.09730244,0.06652664,0.04544764,0.03125516,0.02127336,0.014745,0.01034292,0.00734688,0.0052634,0.003804,0.00277808,0.00204932,0.00153428,0.00116444,0.00089436,0.00068932,0.0005394,0.00042688,0.00033816,0.00026744,0.0002062,0.00015488,0.00010492,6.768e-05,4.396e-05,2.728e-05,1.88e-05,1.244e-05,8.16e-06,4.56e-06,1.96e-06,5.2e-07,1.6e-07,4e-08
1.2,1/0.5,0.0003,180.0,0.0005,0.5,0.99997312,0.99996704,0.99995976,0.99995096,0.99993944,0.99992696,0.99991032,0.99989368,0.99987352,0.99984504,0.99981508,0.99978068,0.99973632,0.9996814,0.99961708,0.9995362,0.99944652,0.99933044,0.9991874,0.99901628,0.99881324,0.99856868,0.99827728,0.99792804,0.99750116,0.99697988,0.99637156,0.99563656,0.99474244,0.99368048,0.99238572,0.99081616,0.9889378,0.98669464,0.98397052,0.98064328,0.97653204,0.97154048,0.96537364,0.95772956,0.94803044,0.93544092,0.91877372,0.89604776,0.86576012,0.83008488,0.79288052,0.7538996,0.71217316,0.66617092,0.61986852,0.56156228,0.4680838,0.41671288,0.38571788,0.3614628,0.33951748,0.31835588,0.29748452,0.27617776,0.254326,0.23123752,0.20543788,0.17302972,0.14237572,0.11505412,0.0883916,0.06008748,0.04040996,0.02736732,0.01874084,0.01305344,0.0092074,0.00656908,0.0047084,0.0034128,0.002482,0.00177512,0.00126272,0.0009012,0.00064136,0.00046448,0.00033524,0.00024212,0.00017932,0.00013296,9.864e-05,7.26e-05,5.18e-05,3.692e-05,2.576e-05,1.828e-05,1.256e-05,8.52e-06,5.92e-06,3.28e-06,9.2e-07,0.0,0.0,0.0
1.2,1/0.2,0.0001,0.0,0.0005,0.5,0.99998192,0.99997952,0.99997488,0.99996984,0.99996536,0.99995892,0.99994972,0.99994056,0.9999308,0.99991724,0.99990028,0.99988044,0.99985304,0.999825,0.99978704,0.99974512,0.99969764,0.99963324,0.99956096,0.99946932,0.99935848,0.99922072,0.99906212,0.99886432,0.998627,0.99834512,0.99801312,0.99760792,0.99711308,0.99651712,0.99580124,0.99494296,0.99390512,0.99267284,0.9911646,0.9893568,0.98717524,0.98451972,0.9813606,0.97746788,0.97267364,0.96672096,0.95936764,0.9501846,0.9383712,0.92266404,0.90108228,0.87131632,0.83430224,0.78898368,0.7239412,0.62435952,0.53506468,0.45826576,0.308333,0.18670624,0.10320212,0.04999108,0.02639804,0.01553284,0.00938392,0.00600932,0.00397016,0.0027024,0.00189236,0.00135812,0.00099472,0.0007392,0.00055508,0.00042792,0.00033972,0.00026272,0.00019716,0.00013904,0.00010672,8.328e-05,6.62e-05,5.18e-05,4.108e-05,3.06e-05,2.312e-05,1.648e-05,1.172e-05,7.2e-06,3.52e-06,8.8e-07,8e-08,0.0,0.0,0.0,0.0,0.0,0.0,0.0,0.0,0.0,0.0,0.0,0.0,0.0
1.2,1/0.2,0.0001,45.0,0.0005,0.5,0.99998504,0.99998184,0.99997824,0.99997384,0.9999684,0.99996208,0.99995372,0.9999444,0.9999306,0.9999174,0.99990096,0.99988064,0.99985624,0.99982832,0.99979328,0.99974952,0.99970092,0.99963792,0.99956392,0.99946884,0.99936,0.99922912,0.99907068,0.9988776,0.99865536,0.99838596,0.99804924,0.99765336,0.99716684,0.99658712,0.99589848,0.99505888,0.99405372,0.99283784,0.99136124,0.98958096,0.98743204,0.98484544,0.98170648,0.977885,0.97320068,0.96740088,0.96017684,0.95108316,0.93942388,0.92394756,0.90252552,0.87109412,0.8230504,0.76670916,0.72180664,0.66347864,0.5693758,0.42349204,0.33568428,0.21450012,0.10652284,0.064171,0.04313904,0.03093832,0.02308632,0.01753124,0.01320812,0.00926084,0.00589568,0.004148,0.00307804,0.00236708,0.00185224,0.00146236,0.00117036,0.00095188,0.00078892,0.00066376,0.00055748,0.00046848,0.00038876,0.00031776,0.00025748,0.00020036,0.00015168,0.0001114,7.368e-05,4.44e-05,2.576e-05,1.392e-05,6.6e-06,3.36e-06,1.72e-06,4.4e-07,0.0,0.0,0.0,0.0,0.0,0.0,0.0,0.0,0.0,0.0
1.2,1/0.2,0.0001,90.0,0.0005,0.5,0.9999836,0.99998048,0.99997668,0.99997136,0.99996516,0.99995712,0.9999486,0.99993952,0.99992788,0.9999142,0.99989648,0.9998748,0.99984848,0.99981912,0.99978112,0.999737,0.99968568,0.99962036,0.99954032,0.99944452,0.99933196,0.99919288,0.99902768,0.99882972,0.9985972,0.99830964,0.99796748,0.9975482,0.99704932,0.99644492,0.99570528,0.99483228,0.99377624,0.99249532,0.99094684,0.98909396,0.98685304,0.98414004,0.9808348,0.97683636,0.97192712,0.96589968,0.95844944,0.94900844,0.93698788,0.92133044,0.90019588,0.87136224,0.8343554,0.78820444,0.7230768,0.62875092,0.5590064,0.48576588,0.3371862,0.20837808,0.10892164,0.06483436,0.04319652,0.0308438,0.02294736,0.01739248,0.01312784,0.00916852,0.0059386,0.00420928,0.00311592,0.00238292,0.00186528,0.00148464,0.0011966,0.00097764,0.00080824,0.00067436,0.00056868,0.00048116,0.00040336,0.0003328,0.0002694,0.00021064,0.00015904,0.00011752,7.996e-05,4.808e-05,2.736e-05,1.508e-05,7.36e-06,3.48e-06,1.84e-06,5.6e-07,0.0,0.0,0.0,0.0,0.0,0.0,0.0,0.0,0.0,0.0
1.2,1/0.2,0.0001,135.0,0.0005,0.5,0.99998508,0.9999826,0.999979,0.99997424,0.9999696,0.99996308,0.99995636,0.9999472,0.99993712,0.999924,0.99990832,0.99988804,0.99986512,0.99983748,0.99980396,0.999762,0.99971312,0.99965132,0.99957976,0.99949484,0.99939284,0.99927124,0.99912472,0.99894588,0.99873404,0.99847016,0.99816616,0.99779136,0.99733064,0.99678792,0.99612576,0.99532468,0.99436784,0.99321692,0.99182412,0.99014232,0.98811264,0.98566256,0.98265972,0.97901288,0.97456852,0.96907588,0.962279,0.95368332,0.94263324,0.92804472,0.90778312,0.87845152,0.83329716,0.77754284,0.73801752,0.6792846,0.57519264,0.42440048,0.33754504,0.20965452,0.09707164,0.05517656,0.03496716,0.02329808,0.01535748,0.01028224,0.0069384,0.00486856,0.00348032,0.00256488,0.00193996,0.00148944,0.0011698,0.00093616,0.00076032,0.00062804,0.00051844,0.00043336,0.00035952,0.0002912,0.00023428,0.0001834,0.0001318,9.352e-05,6.104e-05,3.788e-05,2.304e-05,1.452e-05,8.28e-06,3.32e-06,1.88e-06,1e-06,2.8e-07,0.0,0.0,0.0,0.0,0.0,0.0,0.0,0.0,0.0,0.0,0.0
1.2,1/0.2,0.0001,180.0,0.0005,0.5,0.99998728,0.99998472,0.99998116,0.9999774,0.99997336,0.99996744,0.99996112,0.99995408,0.99994508,0.9999334,0.99992072,0.99990488,0.99988432,0.9998572,0.99982864,0.99979128,0.9997496,0.9996932,0.9996256,0.99955152,0.99945892,0.99934888,0.9992094,0.99905068,0.99885984,0.99862744,0.99835452,0.99801376,0.99760584,0.9971184,0.99653708,0.99581916,0.9949396,0.99389988,0.9926234,0.99107556,0.98920452,0.98694844,0.98421352,0.98092692,0.97691648,0.97197252,0.96584944,0.95818924,0.94838356,0.93536576,0.9174382,0.89147244,0.85200944,0.79921956,0.72869248,0.62428228,0.53333812,0.45463248,0.30385344,0.17937968,0.08840256,0.04671832,0.02713164,0.01662424,0.01052884,0.00682356,0.00450676,0.00303288,0.0021736,0.001596,0.00117408,0.00088512,0.00066888,0.00049604,0.00036008,0.00025928,0.00017652,0.00012432,9.16e-05,6.936e-05,5.308e-05,3.972e-05,3.048e-05,2.268e-05,1.516e-05,9.68e-06,5.84e-06,2.44e-06,8e-07,4.8e-07,8e-08,0.0,0.0,0.0,0.0,0.0,0.0,0.0,0.0,0.0,0.0,0.0,0.0,0.0
1.2,1/0.2,0.0003,0.0,0.0005,0.5,0.99997256,0.99996824,0.99996132,0.99995188,0.99994148,0.99993036,0.99991692,0.999901,0.99988028,0.9998558,0.99982604,0.99978808,0.99974376,0.99968808,0.99962004,0.99954416,0.99945516,0.99934292,0.99920176,0.9990354,0.99883968,0.99860232,0.99832008,0.9979866,0.99758072,0.99708988,0.99647632,0.99576588,0.99491136,0.99385908,0.99259844,0.9910824,0.98927108,0.98705496,0.9843978,0.98116,0.97723936,0.97247656,0.96677468,0.9598768,0.95158524,0.94165644,0.92996304,0.9163726,0.90075012,0.8826346,0.8618246,0.83815856,0.81077424,0.77951032,0.747601,0.71509732,0.66753104,0.60788636,0.53005996,0.43064348,0.34179544,0.2657566,0.19767316,0.14003996,0.09497024,0.05748288,0.03742676,0.02491844,0.0165662,0.01101352,0.00740712,0.00501576,0.0034452,0.00243504,0.00175256,0.0012812,0.00095092,0.00071204,0.00053948,0.00041932,0.00032984,0.0002544,0.00018892,0.0001352,0.00010452,8.216e-05,6.456e-05,5.048e-05,3.888e-05,2.912e-05,2.14e-05,1.464e-05,1.02e-05,5.36e-06,1.68e-06,0.0,0.0,0.0,0.0,0.0,0.0,0.0,0.0,0.0
1.2,1/0.2,0.0003,45.0,0.0005,0.5,0.9999838,0.99998084,0.99997648,0.99997176,0.99996584,0.99995824,0.99994876,0.99993804,0.99992444,0.99990964,0.99989152,0.9998708,0.99984436,0.99981048,0.99977256,0.99972344,0.99966884,0.999602,0.99952028,0.99942204,0.99930704,0.99916456,0.99899184,0.99879036,0.99854464,0.99824652,0.99788712,0.99745452,0.99693696,0.99631688,0.99556416,0.99464872,0.99355308,0.99222936,0.99063136,0.98870408,0.98639376,0.98358384,0.98023712,0.976154,0.97118312,0.96509788,0.9576962,0.94889812,0.9382816,0.92524056,0.90912616,0.88917004,0.86384292,0.8309428,0.78465528,0.72157564,0.64583276,0.57116588,0.50461384,0.44456072,0.39049656,0.31923912,0.21060984,0.14430044,0.10227788,0.07451044,0.05556276,0.0422692,0.03266976,0.025556,0.02010888,0.0157632,0.0120414,0.00833588,0.00555244,0.00397356,0.00297356,0.00230304,0.00180616,0.00142668,0.00114796,0.00093272,0.0007748,0.00065372,0.00054972,0.0004608,0.00038208,0.00031116,0.00024828,0.00019488,0.00014296,0.00010272,6.688e-05,3.772e-05,1.856e-05,6.04e-06,1.96e-06,5.6e-07,0.0,0.0,0.0,0.0,0.0,0.0
1.2,1/0.2,0.0003,90.0,0.0005,0.5,0.99997508,0.99997048,0.99996432,0.9999564,0.99994792,0.999937,0.9999244,0.99990888,0.99988964,0.99986696,0.99983788,0.9998042,0.99976436,0.99971768,0.99966196,0.99959164,0.99950948,0.99941088,0.9992882,0.99913976,0.99896604,0.99874784,0.99849252,0.99818292,0.99780428,0.99735676,0.9968058,0.99615284,0.99536688,0.99442244,0.99327956,0.9918976,0.9902314,0.98823672,0.98581568,0.98287712,0.9793454,0.97504544,0.96990152,0.96369648,0.95622592,0.94740164,0.93707132,0.9250782,0.91125572,0.89543332,0.87745784,0.85692488,0.83342904,0.80606068,0.773491,0.73801848,0.6977406,0.64006372,0.56427112,0.46539364,0.37562008,0.29677536,0.21752704,0.14884572,0.10486296,0.07594524,0.05630172,0.04261304,0.03278796,0.02556488,0.02006532,0.01568736,0.01190188,0.00842244,0.00572848,0.00406352,0.00301336,0.00232248,0.00182376,0.00145532,0.00117024,0.00095432,0.00079172,0.00066484,0.00056284,0.00047504,0.0003974,0.00032724,0.00026064,0.00020308,0.00015108,0.00010836,7.248e-05,4.096e-05,2.032e-05,7.96e-06,2.96e-06,8e-07,0.0,0.0,0.0,0.0,0.0,0.0
1.2,1/0.2,0.0003,135.0,0.0005,0.5,0.99997864,0.99997504,0.99996988,0.99996344,0.99995584,0.99994636,0.9999352,0.99992088,0.99990556,0.99988568,0.99986048,0.99983296,0.99979832,0.99975868,0.99970884,0.99965276,0.9995808,0.9994932,0.99939236,0.99926752,0.99911728,0.99893968,0.99873056,0.99846492,0.9981498,0.99776696,0.99731492,0.9967692,0.99611532,0.99532888,0.99438732,0.99325524,0.99189436,0.9902566,0.98828764,0.985951,0.98315064,0.97981312,0.97583232,0.97111096,0.96551596,0.9589962,0.95150404,0.94263036,0.93175116,0.91872368,0.90289416,0.88350548,0.85904052,0.82636256,0.77904224,0.71424872,0.63739008,0.56501304,0.50091652,0.44419484,0.3916972,0.3149528,0.20240716,0.13404616,0.09232416,0.06526944,0.04703276,0.03433452,0.02500972,0.01795492,0.01313288,0.00958236,0.00652232,0.00454364,0.00328892,0.00247076,0.0018836,0.00145648,0.00114304,0.00091484,0.00074468,0.00061684,0.00051016,0.000425,0.00035108,0.00028524,0.00022732,0.0001752,0.00012564,8.488e-05,5.188e-05,3.004e-05,1.732e-05,9.64e-06,4.76e-06,1.16e-06,1.6e-07,8e-08,0.0,0.0,0.0,0.0,0.0,0.0
1.2,1/0.2,0.0003,180.0,0.0005,0.5,0.99997208,0.99996568,0.99995752,0.99994776,0.9999372,0.99992664,0.99991048,0.99989256,0.9998704,0.99984508,0.99981324,0.9997736,0.99972592,0.99967056,0.99960428,0.9995252,0.99942528,0.9993078,0.99916516,0.99899024,0.99878632,0.99853764,0.99823636,0.99787528,0.99743596,0.99690824,0.99627148,0.9955068,0.99458524,0.99347648,0.99214068,0.9905194,0.98857952,0.9862184,0.983412,0.98002108,0.97591324,0.97093016,0.96494384,0.9577256,0.94896764,0.93865172,0.92642048,0.91219132,0.89566576,0.87664716,0.85471644,0.8296054,0.8006968,0.76753548,0.73545744,0.69756588,0.64342968,0.57961364,0.50709872,0.41273876,0.32902288,0.25508836,0.18438324,0.1219952,0.08139516,0.05526616,0.03802064,0.02647844,0.01845544,0.01253224,0.0083808,0.00570428,0.00391248,0.00280812,0.00206524,0.00153324,0.0011326,0.0008506,0.00064392,0.00047176,0.00034904,0.00025092,0.00017044,0.00011964,8.88e-05,6.68e-05,5.08e-05,3.9e-05,2.888e-05,2.2e-05,1.46e-05,8.88e-06,5.36e-06,2.16e-06,4.8e-07,1.6e-07,0.0,0.0,0.0,0.0,0.0,0.0,0.0,0.0
