JobID|JobName|Start|End|Elapsed|NodeList
8757997|interactive|2025-06-03T15:20:06|2025-06-03T16:23:22|01:03:16|u183
8757997.extern|extern|2025-06-03T15:20:06|2025-06-03T16:23:22|01:03:16|u183
8757997.0|bash|2025-06-03T15:20:07|2025-06-03T16:23:22|01:03:15|u183
8758030|interactive|None|2025-06-03T16:23:10|00:00:00|None assigned
8758032|interactive|2025-06-03T16:24:17|2025-06-03T17:24:24|01:00:07|u183
8758032.extern|extern|2025-06-03T16:24:17|2025-06-03T17:24:24|01:00:07|u183
8758032.0|bash|2025-06-03T16:24:18|2025-06-03T17:24:24|01:00:06|u183
8759362|interactive|2025-06-04T12:39:55|2025-06-04T16:40:04|04:00:09|u183
8759362.extern|extern|2025-06-04T12:39:55|2025-06-04T16:40:04|04:00:09|u183
8759362.0|bash|2025-06-04T12:39:55|2025-06-04T16:40:04|04:00:09|u183
8761019|interactive|None|2025-06-04T15:04:02|00:00:00|None assigned
8761020|interactive|2025-06-04T15:04:15|2025-06-04T17:04:41|02:00:26|u065
8761020.extern|extern|2025-06-04T15:04:15|2025-06-04T17:04:41|02:00:26|u065
8761020.0|bash|2025-06-04T15:04:16|2025-06-04T17:04:41|02:00:25|u065
8764457|interactive|2025-06-05T11:16:03|2025-06-05T11:16:38|00:00:35|u183
8764457.extern|extern|2025-06-05T11:16:03|2025-06-05T11:16:38|00:00:35|u183
8764457.0|bash|2025-06-05T11:16:04|2025-06-05T11:16:38|00:00:34|u183
8764478|interactive|2025-06-05T11:17:35|2025-06-05T11:17:35|00:00:00|u183
8764478.extern|extern|2025-06-05T11:17:35|2025-06-05T11:17:35|00:00:00|u183
8764478.0|bash|2025-06-05T11:17:35|2025-06-05T11:17:35|00:00:00|u183
8765049|Python_script_test|2025-06-05T12:01:31|2025-06-05T12:01:36|00:00:05|u183
8765049.batch|batch|2025-06-05T12:01:31|2025-06-05T12:01:36|00:00:05|u183
8765049.extern|extern|2025-06-05T12:01:31|2025-06-05T12:01:36|00:00:05|u183
8765092|Python_script_test|2025-06-05T12:04:35|2025-06-05T12:04:51|00:00:16|u183
8765092.batch|batch|2025-06-05T12:04:35|2025-06-05T12:04:51|00:00:16|u183
8765092.extern|extern|2025-06-05T12:04:35|2025-06-05T12:04:51|00:00:16|u183
8765184|Python_script_test|2025-06-05T12:13:17|2025-06-05T12:13:50|00:00:33|u183
8765184.batch|batch|2025-06-05T12:13:17|2025-06-05T12:13:50|00:00:33|u183
8765184.extern|extern|2025-06-05T12:13:17|2025-06-05T12:13:50|00:00:33|u183
8765434|interactive|2025-06-05T12:39:50|2025-06-05T13:16:46|00:36:56|u183
8765434.extern|extern|2025-06-05T12:39:50|2025-06-05T13:16:46|00:36:56|u183
8765434.0|bash|2025-06-05T12:39:50|2025-06-05T13:17:49|00:37:59|u183
8765526|Calc_mag_map|2025-06-05T14:09:35|2025-06-05T14:10:02|00:00:27|u183
8765526.batch|batch|2025-06-05T14:09:35|2025-06-05T14:10:02|00:00:27|u183
8765526.extern|extern|2025-06-05T14:09:35|2025-06-05T14:10:02|00:00:27|u183
8765529|Calc_mag_map|2025-06-05T14:12:08|2025-06-05T14:12:35|00:00:27|u183
8765529.batch|batch|2025-06-05T14:12:08|2025-06-05T14:12:35|00:00:27|u183
8765529.extern|extern|2025-06-05T14:12:08|2025-06-05T14:12:35|00:00:27|u183
8765530|Calc_mag_map|2025-06-05T14:16:44|2025-06-05T14:20:35|00:03:51|u183
8765530.batch|batch|2025-06-05T14:16:44|2025-06-05T14:20:35|00:03:51|u183
8765530.extern|extern|2025-06-05T14:16:44|2025-06-05T14:20:35|00:03:51|u183
8767299|timing_testing|2025-06-06T12:31:48|2025-06-06T16:31:52|04:00:04|u175
8767299.batch|batch|2025-06-06T12:31:48|2025-06-06T16:31:53|04:00:05|u175
8767299.extern|extern|2025-06-06T12:31:48|2025-06-06T16:31:52|04:00:04|u175
8767307|single_lens_1e11|2025-06-06T13:05:28|2025-06-06T15:36:34|02:31:06|u176
8767307.batch|batch|2025-06-06T13:05:28|2025-06-06T15:36:34|02:31:06|u176
8767307.extern|extern|2025-06-06T13:05:28|2025-06-06T15:36:35|02:31:07|u176
8767308|triple_lens_1e11|2025-06-06T13:05:28|2025-06-06T16:12:48|03:07:20|u175
8767308.batch|batch|2025-06-06T13:05:28|2025-06-06T16:12:48|03:07:20|u175
8767308.extern|extern|2025-06-06T13:05:28|2025-06-06T16:12:48|03:07:20|u175
8772415|timing_testing|2025-06-09T10:20:10|2025-06-09T11:15:58|00:55:48|u183
8772415.batch|batch|2025-06-09T10:20:10|2025-06-09T11:15:58|00:55:48|u183
8772415.extern|extern|2025-06-09T10:20:10|2025-06-09T11:15:58|00:55:48|u183
8772418|single_lens_1e11|2025-06-09T10:37:41|2025-06-09T10:38:45|00:01:04|u182
8772418.batch|batch|2025-06-09T10:37:41|2025-06-09T10:38:46|00:01:05|u182
8772418.extern|extern|2025-06-09T10:37:41|2025-06-09T10:38:45|00:01:04|u182
8772421|single_lens_1e11|2025-06-09T10:40:46|2025-06-09T13:18:35|02:37:49|u182
8772421.batch|batch|2025-06-09T10:40:46|2025-06-09T13:18:35|02:37:49|u182
8772421.extern|extern|2025-06-09T10:40:46|2025-06-09T13:18:35|02:37:49|u182
8772461|timing_testing|2025-06-09T11:24:03|2025-06-09T11:24:16|00:00:13|u180
8772461.batch|batch|2025-06-09T11:24:03|2025-06-09T11:24:17|00:00:14|u180
8772461.extern|extern|2025-06-09T11:24:03|2025-06-09T11:24:16|00:00:13|u180
8772462|timing_testing|2025-06-09T11:24:47|2025-06-09T11:37:38|00:12:51|u180
8772462.batch|batch|2025-06-09T11:24:47|2025-06-09T11:37:38|00:12:51|u180
8772462.extern|extern|2025-06-09T11:24:47|2025-06-09T11:37:38|00:12:51|u180
8772473|single_lens_1e11_cusp|2025-06-09T11:50:49|2025-06-09T15:09:18|03:18:29|u180
8772473.batch|batch|2025-06-09T11:50:49|2025-06-09T15:09:18|03:18:29|u180
8772473.extern|extern|2025-06-09T11:50:49|2025-06-09T15:09:18|03:18:29|u180
8775845|lens_collection_0.8|2025-06-10T12:07:49|2025-06-10T12:08:10|00:00:21|u180
8775845.batch|batch|2025-06-10T12:07:49|2025-06-10T12:08:10|00:00:21|u180
8775845.extern|extern|2025-06-10T12:07:49|2025-06-10T12:08:10|00:00:21|u180
8775933|single_lens_offsetted|2025-06-10T14:46:40|2025-06-10T17:25:36|02:38:56|u182
8775933.batch|batch|2025-06-10T14:46:40|2025-06-10T17:25:36|02:38:56|u182
8775933.extern|extern|2025-06-10T14:46:40|2025-06-10T17:25:36|02:38:56|u182
8775934|binary_lens_offsetted|2025-06-10T14:47:11|2025-06-10T17:30:33|02:43:22|u182
8775934.batch|batch|2025-06-10T14:47:11|2025-06-10T17:30:33|02:43:22|u182
8775934.extern|extern|2025-06-10T14:47:11|2025-06-10T17:30:33|02:43:22|u182
8775939_0|triple_lens_offsetted_array|2025-06-10T15:00:05|2025-06-10T15:00:09|00:00:04|u073
8775939_0.batch|batch|2025-06-10T15:00:05|2025-06-10T15:00:09|00:00:04|u073
8775939_0.extern|extern|2025-06-10T15:00:05|2025-06-10T15:00:09|00:00:04|u073
8775939_1|triple_lens_offsetted_array|2025-06-10T15:00:05|2025-06-10T15:00:08|00:00:03|u032
8775939_1.batch|batch|2025-06-10T15:00:05|2025-06-10T15:00:08|00:00:03|u032
8775939_1.extern|extern|2025-06-10T15:00:05|2025-06-10T15:00:08|00:00:03|u032
8775939_2|triple_lens_offsetted_array|2025-06-10T15:00:05|2025-06-10T15:00:08|00:00:03|u033
8775939_2.batch|batch|2025-06-10T15:00:05|2025-06-10T15:00:08|00:00:03|u033
8775939_2.extern|extern|2025-06-10T15:00:05|2025-06-10T15:00:08|00:00:03|u033
8775943_0|triple_lens_offsetted_array|2025-06-10T15:01:38|2025-06-10T15:01:41|00:00:03|u073
8775943_0.batch|batch|2025-06-10T15:01:38|2025-06-10T15:01:41|00:00:03|u073
8775943_0.extern|extern|2025-06-10T15:01:38|2025-06-10T15:01:41|00:00:03|u073
8775943_1|triple_lens_offsetted_array|2025-06-10T15:01:38|2025-06-10T15:01:40|00:00:02|u032
8775943_1.batch|batch|2025-06-10T15:01:38|2025-06-10T15:01:40|00:00:02|u032
8775943_1.extern|extern|2025-06-10T15:01:38|2025-06-10T15:01:40|00:00:02|u032
8775943_2|triple_lens_offsetted_array|2025-06-10T15:01:38|2025-06-10T15:01:40|00:00:02|u033
8775943_2.batch|batch|2025-06-10T15:01:38|2025-06-10T15:01:40|00:00:02|u033
8775943_2.extern|extern|2025-06-10T15:01:38|2025-06-10T15:01:40|00:00:02|u033
8775943_3|triple_lens_offsetted_array|2025-06-10T15:01:38|2025-06-10T15:01:41|00:00:03|u009
8775943_3.batch|batch|2025-06-10T15:01:38|2025-06-10T15:01:41|00:00:03|u009
8775943_3.extern|extern|2025-06-10T15:01:38|2025-06-10T15:01:41|00:00:03|u009
8775943_4|triple_lens_offsetted_array|2025-06-10T15:01:38|2025-06-10T15:01:41|00:00:03|u010
8775943_4.batch|batch|2025-06-10T15:01:38|2025-06-10T15:01:41|00:00:03|u010
8775943_4.extern|extern|2025-06-10T15:01:38|2025-06-10T15:01:41|00:00:03|u010
8775943_5|triple_lens_offsetted_array|2025-06-10T15:01:38|2025-06-10T15:01:41|00:00:03|u010
8775943_5.batch|batch|2025-06-10T15:01:38|2025-06-10T15:01:41|00:00:03|u010
8775943_5.extern|extern|2025-06-10T15:01:38|2025-06-10T15:01:41|00:00:03|u010
8775943_6|triple_lens_offsetted_array|2025-06-10T15:01:38|2025-06-10T15:01:41|00:00:03|u010
8775943_6.batch|batch|2025-06-10T15:01:38|2025-06-10T15:01:41|00:00:03|u010
8775943_6.extern|extern|2025-06-10T15:01:38|2025-06-10T15:01:41|00:00:03|u010
8775943_7|triple_lens_offsetted_array|2025-06-10T15:01:38|2025-06-10T15:02:27|00:00:49|u123
8775943_7.batch|batch|2025-06-10T15:01:38|2025-06-10T15:02:27|00:00:49|u123
8775943_7.extern|extern|2025-06-10T15:01:38|2025-06-10T15:02:27|00:00:49|u123
8775943_8|triple_lens_offsetted_array|2025-06-10T15:01:38|2025-06-10T15:02:27|00:00:49|u123
8775943_8.batch|batch|2025-06-10T15:01:38|2025-06-10T15:02:27|00:00:49|u123
8775943_8.extern|extern|2025-06-10T15:01:38|2025-06-10T15:02:27|00:00:49|u123
8775943_9|triple_lens_offsetted_array|2025-06-10T15:01:39|2025-06-10T15:02:27|00:00:48|u123
8775943_9.batch|batch|2025-06-10T15:01:39|2025-06-10T15:02:27|00:00:48|u123
8775943_9.extern|extern|2025-06-10T15:01:39|2025-06-10T15:02:27|00:00:48|u123
8775943_10|triple_lens_offsetted_array|2025-06-10T15:01:39|2025-06-10T15:02:27|00:00:48|u123
8775943_10.batch|batch|2025-06-10T15:01:39|2025-06-10T15:02:27|00:00:48|u123
8775943_10.extern|extern|2025-06-10T15:01:39|2025-06-10T15:02:28|00:00:49|u123
8775943_11|triple_lens_offsetted_array|2025-06-10T15:01:39|2025-06-10T15:02:27|00:00:48|u123
8775943_11.batch|batch|2025-06-10T15:01:39|2025-06-10T15:02:27|00:00:48|u123
8775943_11.extern|extern|2025-06-10T15:01:39|2025-06-10T15:02:27|00:00:48|u123
8775943_12|triple_lens_offsetted_array|2025-06-10T15:01:39|2025-06-10T15:01:41|00:00:02|u167
8775943_12.batch|batch|2025-06-10T15:01:39|2025-06-10T15:01:41|00:00:02|u167
8775943_12.extern|extern|2025-06-10T15:01:39|2025-06-10T15:01:41|00:00:02|u167
8775943_13|triple_lens_offsetted_array|2025-06-10T15:01:39|2025-06-10T15:01:46|00:00:07|u168
8775943_13.batch|batch|2025-06-10T15:01:39|2025-06-10T15:01:46|00:00:07|u168
8775943_13.extern|extern|2025-06-10T15:01:39|2025-06-10T15:01:46|00:00:07|u168
8775943_14|triple_lens_offsetted_array|2025-06-10T15:01:39|2025-06-10T15:01:41|00:00:02|u168
8775943_14.batch|batch|2025-06-10T15:01:39|2025-06-10T15:01:41|00:00:02|u168
8775943_14.extern|extern|2025-06-10T15:01:39|2025-06-10T15:01:41|00:00:02|u168
8775958_0|triple_lens_offsetted_array|2025-06-10T15:05:46|2025-06-10T15:05:49|00:00:03|u073
8775958_0.batch|batch|2025-06-10T15:05:46|2025-06-10T15:05:49|00:00:03|u073
8775958_0.extern|extern|2025-06-10T15:05:46|2025-06-10T15:05:49|00:00:03|u073
8775958_1|triple_lens_offsetted_array|2025-06-10T15:05:46|2025-06-10T15:05:48|00:00:02|u032
8775958_1.batch|batch|2025-06-10T15:05:46|2025-06-10T15:05:48|00:00:02|u032
8775958_1.extern|extern|2025-06-10T15:05:46|2025-06-10T15:05:48|00:00:02|u032
8775958_2|triple_lens_offsetted_array|2025-06-10T15:05:46|2025-06-10T15:05:48|00:00:02|u033
8775958_2.batch|batch|2025-06-10T15:05:46|2025-06-10T15:05:48|00:00:02|u033
8775958_2.extern|extern|2025-06-10T15:05:46|2025-06-10T15:05:48|00:00:02|u033
8775958_3|triple_lens_offsetted_array|2025-06-10T15:05:46|2025-06-10T15:05:49|00:00:03|u009
8775958_3.batch|batch|2025-06-10T15:05:46|2025-06-10T15:05:49|00:00:03|u009
8775958_3.extern|extern|2025-06-10T15:05:46|2025-06-10T15:05:49|00:00:03|u009
8775958_4|triple_lens_offsetted_array|2025-06-10T15:05:46|2025-06-10T15:05:49|00:00:03|u010
8775958_4.batch|batch|2025-06-10T15:05:46|2025-06-10T15:05:49|00:00:03|u010
8775958_4.extern|extern|2025-06-10T15:05:46|2025-06-10T15:05:49|00:00:03|u010
8775958_5|triple_lens_offsetted_array|2025-06-10T15:05:46|2025-06-10T15:05:49|00:00:03|u010
8775958_5.batch|batch|2025-06-10T15:05:46|2025-06-10T15:05:49|00:00:03|u010
8775958_5.extern|extern|2025-06-10T15:05:46|2025-06-10T15:05:49|00:00:03|u010
8775958_6|triple_lens_offsetted_array|2025-06-10T15:05:46|2025-06-10T15:05:49|00:00:03|u010
8775958_6.batch|batch|2025-06-10T15:05:46|2025-06-10T15:05:49|00:00:03|u010
8775958_6.extern|extern|2025-06-10T15:05:46|2025-06-10T15:05:49|00:00:03|u010
8775958_7|triple_lens_offsetted_array|2025-06-10T15:05:46|2025-06-10T15:06:14|00:00:28|u123
8775958_7.batch|batch|2025-06-10T15:05:46|2025-06-10T15:06:14|00:00:28|u123
8775958_7.extern|extern|2025-06-10T15:05:46|2025-06-10T15:06:14|00:00:28|u123
8775958_8|triple_lens_offsetted_array|2025-06-10T15:05:46|2025-06-10T15:06:04|00:00:18|u123
8775958_8.batch|batch|2025-06-10T15:05:46|2025-06-10T15:06:04|00:00:18|u123
8775958_8.extern|extern|2025-06-10T15:05:46|2025-06-10T15:06:04|00:00:18|u123
8775958_9|triple_lens_offsetted_array|2025-06-10T15:05:46|2025-06-10T15:06:14|00:00:28|u123
8775958_9.batch|batch|2025-06-10T15:05:46|2025-06-10T15:06:14|00:00:28|u123
8775958_9.extern|extern|2025-06-10T15:05:46|2025-06-10T15:06:14|00:00:28|u123
8775958_10|triple_lens_offsetted_array|2025-06-10T15:05:46|2025-06-10T15:06:04|00:00:18|u123
8775958_10.batch|batch|2025-06-10T15:05:46|2025-06-10T15:06:04|00:00:18|u123
8775958_10.extern|extern|2025-06-10T15:05:46|2025-06-10T15:06:04|00:00:18|u123
8775958_11|triple_lens_offsetted_array|2025-06-10T15:05:46|2025-06-10T15:06:04|00:00:18|u123
8775958_11.batch|batch|2025-06-10T15:05:46|2025-06-10T15:06:04|00:00:18|u123
8775958_11.extern|extern|2025-06-10T15:05:46|2025-06-10T15:06:04|00:00:18|u123
8775958_12|triple_lens_offsetted_array|2025-06-10T15:05:46|2025-06-10T15:05:48|00:00:02|u167
8775958_12.batch|batch|2025-06-10T15:05:46|2025-06-10T15:05:48|00:00:02|u167
8775958_12.extern|extern|2025-06-10T15:05:46|2025-06-10T15:05:48|00:00:02|u167
8775958_13|triple_lens_offsetted_array|2025-06-10T15:05:46|2025-06-10T15:05:53|00:00:07|u168
8775958_13.batch|batch|2025-06-10T15:05:46|2025-06-10T15:05:53|00:00:07|u168
8775958_13.extern|extern|2025-06-10T15:05:46|2025-06-10T15:05:53|00:00:07|u168
8775958_14|triple_lens_offsetted_array|2025-06-10T15:05:46|2025-06-10T15:05:48|00:00:02|u168
8775958_14.batch|batch|2025-06-10T15:05:46|2025-06-10T15:05:48|00:00:02|u168
8775958_14.extern|extern|2025-06-10T15:05:46|2025-06-10T15:05:48|00:00:02|u168
8775975_0|triple_lens_offsetted_array|2025-06-10T15:11:27|2025-06-10T15:11:31|00:00:04|u073
8775975_0.batch|batch|2025-06-10T15:11:27|2025-06-10T15:11:31|00:00:04|u073
8775975_0.extern|extern|2025-06-10T15:11:27|2025-06-10T15:11:31|00:00:04|u073
8775975_1|triple_lens_offsetted_array|2025-06-10T15:11:27|2025-06-10T15:11:30|00:00:03|u032
8775975_1.batch|batch|2025-06-10T15:11:27|2025-06-10T15:11:30|00:00:03|u032
8775975_1.extern|extern|2025-06-10T15:11:27|2025-06-10T15:11:30|00:00:03|u032
8775975_2|triple_lens_offsetted_array|2025-06-10T15:11:28|2025-06-10T15:11:30|00:00:02|u033
8775975_2.batch|batch|2025-06-10T15:11:28|2025-06-10T15:11:30|00:00:02|u033
8775975_2.extern|extern|2025-06-10T15:11:28|2025-06-10T15:11:30|00:00:02|u033
8775975_3|triple_lens_offsetted_array|2025-06-10T15:11:28|2025-06-10T15:11:30|00:00:02|u009
8775975_3.batch|batch|2025-06-10T15:11:28|2025-06-10T15:11:30|00:00:02|u009
8775975_3.extern|extern|2025-06-10T15:11:28|2025-06-10T15:11:30|00:00:02|u009
8775975_4|triple_lens_offsetted_array|2025-06-10T15:11:28|2025-06-10T15:11:36|00:00:08|u010
8775975_4.batch|batch|2025-06-10T15:11:28|2025-06-10T15:11:36|00:00:08|u010
8775975_4.extern|extern|2025-06-10T15:11:28|2025-06-10T15:11:36|00:00:08|u010
8775975_5|triple_lens_offsetted_array|2025-06-10T15:11:28|2025-06-10T15:11:41|00:00:13|u010
8775975_5.batch|batch|2025-06-10T15:11:28|2025-06-10T15:11:41|00:00:13|u010
8775975_5.extern|extern|2025-06-10T15:11:28|2025-06-10T15:11:41|00:00:13|u010
8775975_6|triple_lens_offsetted_array|2025-06-10T15:11:28|2025-06-10T15:11:36|00:00:08|u010
8775975_6.batch|batch|2025-06-10T15:11:28|2025-06-10T15:11:36|00:00:08|u010
8775975_6.extern|extern|2025-06-10T15:11:28|2025-06-10T15:11:36|00:00:08|u010
8775975_7|triple_lens_offsetted_array|2025-06-10T15:11:28|2025-06-10T15:11:46|00:00:18|u123
8775975_7.batch|batch|2025-06-10T15:11:28|2025-06-10T15:11:46|00:00:18|u123
8775975_7.extern|extern|2025-06-10T15:11:28|2025-06-10T15:11:46|00:00:18|u123
8775975_8|triple_lens_offsetted_array|2025-06-10T15:11:28|2025-06-10T15:11:41|00:00:13|u123
8775975_8.batch|batch|2025-06-10T15:11:28|2025-06-10T15:11:41|00:00:13|u123
8775975_8.extern|extern|2025-06-10T15:11:28|2025-06-10T15:11:41|00:00:13|u123
8775975_9|triple_lens_offsetted_array|2025-06-10T15:11:28|2025-06-10T15:11:41|00:00:13|u123
8775975_9.batch|batch|2025-06-10T15:11:28|2025-06-10T15:11:41|00:00:13|u123
8775975_9.extern|extern|2025-06-10T15:11:28|2025-06-10T15:11:41|00:00:13|u123
8775975_10|triple_lens_offsetted_array|2025-06-10T15:11:28|2025-06-10T15:11:51|00:00:23|u123
8775975_10.batch|batch|2025-06-10T15:11:28|2025-06-10T15:11:51|00:00:23|u123
8775975_10.extern|extern|2025-06-10T15:11:28|2025-06-10T15:11:51|00:00:23|u123
8775975_11|triple_lens_offsetted_array|2025-06-10T15:11:28|2025-06-10T15:11:41|00:00:13|u123
8775975_11.batch|batch|2025-06-10T15:11:28|2025-06-10T15:11:41|00:00:13|u123
8775975_11.extern|extern|2025-06-10T15:11:28|2025-06-10T15:11:41|00:00:13|u123
8775975_12|triple_lens_offsetted_array|2025-06-10T15:11:28|2025-06-10T15:11:30|00:00:02|u167
8775975_12.batch|batch|2025-06-10T15:11:28|2025-06-10T15:11:30|00:00:02|u167
8775975_12.extern|extern|2025-06-10T15:11:28|2025-06-10T15:11:30|00:00:02|u167
8775975_13|triple_lens_offsetted_array|2025-06-10T15:11:28|2025-06-10T15:11:29|00:00:01|u168
8775975_13.batch|batch|2025-06-10T15:11:28|2025-06-10T15:11:29|00:00:01|u168
8775975_13.extern|extern|2025-06-10T15:11:28|2025-06-10T15:11:29|00:00:01|u168
8775975_14|triple_lens_offsetted_array|2025-06-10T15:11:28|2025-06-10T15:11:34|00:00:06|u168
8775975_14.batch|batch|2025-06-10T15:11:28|2025-06-10T15:11:34|00:00:06|u168
8775975_14.extern|extern|2025-06-10T15:11:28|2025-06-10T15:11:34|00:00:06|u168
8775991_0|triple_lens_offsetted_array|2025-06-10T15:13:31|2025-06-10T15:13:33|00:00:02|u183
8775991_0.batch|batch|2025-06-10T15:13:31|2025-06-10T15:13:33|00:00:02|u183
8775991_0.extern|extern|2025-06-10T15:13:31|2025-06-10T15:13:33|00:00:02|u183
8775991_1|triple_lens_offsetted_array|2025-06-10T15:13:31|2025-06-10T15:13:33|00:00:02|u183
8775991_1.batch|batch|2025-06-10T15:13:31|2025-06-10T15:13:33|00:00:02|u183
8775991_1.extern|extern|2025-06-10T15:13:31|2025-06-10T15:13:33|00:00:02|u183
8775991_2|triple_lens_offsetted_array|2025-06-10T15:13:31|2025-06-10T15:13:33|00:00:02|u182
8775991_2.batch|batch|2025-06-10T15:13:31|2025-06-10T15:13:33|00:00:02|u182
8775991_2.extern|extern|2025-06-10T15:13:31|2025-06-10T15:13:33|00:00:02|u182
8775991_3|triple_lens_offsetted_array|2025-06-10T15:13:31|2025-06-10T15:13:33|00:00:02|u182
8775991_3.batch|batch|2025-06-10T15:13:31|2025-06-10T15:13:33|00:00:02|u182
8775991_3.extern|extern|2025-06-10T15:13:31|2025-06-10T15:13:33|00:00:02|u182
8775991_4|triple_lens_offsetted_array|2025-06-10T15:13:31|2025-06-10T15:14:25|00:00:54|u180
8775991_4.batch|batch|2025-06-10T15:13:31|2025-06-10T15:14:25|00:00:54|u180
8775991_4.extern|extern|2025-06-10T15:13:31|2025-06-10T15:14:25|00:00:54|u180
8775991_5|triple_lens_offsetted_array|2025-06-10T15:13:31|2025-06-10T15:14:30|00:00:59|u180
8775991_5.batch|batch|2025-06-10T15:13:31|2025-06-10T15:14:30|00:00:59|u180
8775991_5.extern|extern|2025-06-10T15:13:31|2025-06-10T15:14:30|00:00:59|u180
8775991_6|triple_lens_offsetted_array|2025-06-10T15:13:31|2025-06-10T15:14:30|00:00:59|u180
8775991_6.batch|batch|2025-06-10T15:13:31|2025-06-10T15:14:30|00:00:59|u180
8775991_6.extern|extern|2025-06-10T15:13:31|2025-06-10T15:14:30|00:00:59|u180
8775991_7|triple_lens_offsetted_array|2025-06-10T15:13:31|2025-06-10T15:14:14|00:00:43|u180
8775991_7.batch|batch|2025-06-10T15:13:31|2025-06-10T15:14:14|00:00:43|u180
8775991_7.extern|extern|2025-06-10T15:13:31|2025-06-10T15:14:14|00:00:43|u180
8775991_8|triple_lens_offsetted_array|2025-06-10T15:13:31|2025-06-10T15:14:30|00:00:59|u180
8775991_8.batch|batch|2025-06-10T15:13:31|2025-06-10T15:14:30|00:00:59|u180
8775991_8.extern|extern|2025-06-10T15:13:31|2025-06-10T15:14:30|00:00:59|u180
8775991_9|triple_lens_offsetted_array|2025-06-10T15:13:31|2025-06-10T15:14:30|00:00:59|u180
8775991_9.batch|batch|2025-06-10T15:13:31|2025-06-10T15:14:30|00:00:59|u180
8775991_9.extern|extern|2025-06-10T15:13:31|2025-06-10T15:14:30|00:00:59|u180
8775991_10|triple_lens_offsetted_array|2025-06-10T15:13:31|2025-06-10T15:14:25|00:00:54|u180
8775991_10.batch|batch|2025-06-10T15:13:31|2025-06-10T15:14:25|00:00:54|u180
8775991_10.extern|extern|2025-06-10T15:13:31|2025-06-10T15:14:25|00:00:54|u180
8775991_11|triple_lens_offsetted_array|2025-06-10T15:13:31|2025-06-10T15:13:59|00:00:28|u180
8775991_11.batch|batch|2025-06-10T15:13:31|2025-06-10T15:13:59|00:00:28|u180
8775991_11.extern|extern|2025-06-10T15:13:31|2025-06-10T15:13:59|00:00:28|u180
8775991_12|triple_lens_offsetted_array|2025-06-10T15:13:31|2025-06-10T15:14:30|00:00:59|u180
8775991_12.batch|batch|2025-06-10T15:13:31|2025-06-10T15:14:30|00:00:59|u180
8775991_12.extern|extern|2025-06-10T15:13:31|2025-06-10T15:14:30|00:00:59|u180
8775991_13|triple_lens_offsetted_array|2025-06-10T15:13:31|2025-06-10T15:14:30|00:00:59|u180
8775991_13.batch|batch|2025-06-10T15:13:31|2025-06-10T15:14:30|00:00:59|u180
8775991_13.extern|extern|2025-06-10T15:13:31|2025-06-10T15:14:30|00:00:59|u180
8775991_14|triple_lens_offsetted_array|2025-06-10T15:13:31|2025-06-10T15:14:30|00:00:59|u180
8775991_14.batch|batch|2025-06-10T15:13:31|2025-06-10T15:14:30|00:00:59|u180
8775991_14.extern|extern|2025-06-10T15:13:31|2025-06-10T15:14:30|00:00:59|u180
8776010_0|triple_lens_offsetted_array|2025-06-10T15:18:41|2025-06-10T15:18:42|00:00:01|u183
8776010_0.batch|batch|2025-06-10T15:18:41|2025-06-10T15:18:42|00:00:01|u183
8776010_0.extern|extern|2025-06-10T15:18:41|2025-06-10T15:18:42|00:00:01|u183
8776010_1|triple_lens_offsetted_array|2025-06-10T15:18:41|2025-06-10T15:18:42|00:00:01|u183
8776010_1.batch|batch|2025-06-10T15:18:41|2025-06-10T15:18:42|00:00:01|u183
8776010_1.extern|extern|2025-06-10T15:18:41|2025-06-10T15:18:42|00:00:01|u183
8776010_2|triple_lens_offsetted_array|2025-06-10T15:18:41|2025-06-10T15:18:43|00:00:02|u182
8776010_2.batch|batch|2025-06-10T15:18:41|2025-06-10T15:18:43|00:00:02|u182
8776010_2.extern|extern|2025-06-10T15:18:41|2025-06-10T15:18:43|00:00:02|u182
8776010_3|triple_lens_offsetted_array|2025-06-10T15:18:41|2025-06-10T15:18:43|00:00:02|u182
8776010_3.batch|batch|2025-06-10T15:18:41|2025-06-10T15:18:43|00:00:02|u182
8776010_3.extern|extern|2025-06-10T15:18:41|2025-06-10T15:18:43|00:00:02|u182
8776010_4|triple_lens_offsetted_array|2025-06-10T15:18:41|2025-06-10T15:19:28|00:00:47|u180
8776010_4.batch|batch|2025-06-10T15:18:41|2025-06-10T15:19:28|00:00:47|u180
8776010_4.extern|extern|2025-06-10T15:18:41|2025-06-10T15:19:28|00:00:47|u180
8776010_5|triple_lens_offsetted_array|2025-06-10T15:18:41|2025-06-10T15:19:18|00:00:37|u180
8776010_5.batch|batch|2025-06-10T15:18:41|2025-06-10T15:19:18|00:00:37|u180
8776010_5.extern|extern|2025-06-10T15:18:41|2025-06-10T15:19:18|00:00:37|u180
8776010_6|triple_lens_offsetted_array|2025-06-10T15:18:41|2025-06-10T15:19:28|00:00:47|u180
8776010_6.batch|batch|2025-06-10T15:18:41|2025-06-10T15:19:28|00:00:47|u180
8776010_6.extern|extern|2025-06-10T15:18:41|2025-06-10T15:19:28|00:00:47|u180
8776010_7|triple_lens_offsetted_array|2025-06-10T15:18:41|2025-06-10T15:19:23|00:00:42|u180
8776010_7.batch|batch|2025-06-10T15:18:41|2025-06-10T15:19:23|00:00:42|u180
8776010_7.extern|extern|2025-06-10T15:18:41|2025-06-10T15:19:23|00:00:42|u180
8776010_8|triple_lens_offsetted_array|2025-06-10T15:18:41|2025-06-10T15:19:33|00:00:52|u180
8776010_8.batch|batch|2025-06-10T15:18:41|2025-06-10T15:19:33|00:00:52|u180
8776010_8.extern|extern|2025-06-10T15:18:41|2025-06-10T15:19:33|00:00:52|u180
8776010_9|triple_lens_offsetted_array|2025-06-10T15:18:41|2025-06-10T15:19:39|00:00:58|u180
8776010_9.batch|batch|2025-06-10T15:18:41|2025-06-10T15:19:39|00:00:58|u180
8776010_9.extern|extern|2025-06-10T15:18:41|2025-06-10T15:19:39|00:00:58|u180
8776010_10|triple_lens_offsetted_array|2025-06-10T15:18:41|2025-06-10T15:19:28|00:00:47|u180
8776010_10.batch|batch|2025-06-10T15:18:41|2025-06-10T15:19:28|00:00:47|u180
8776010_10.extern|extern|2025-06-10T15:18:41|2025-06-10T15:19:28|00:00:47|u180
8776010_11|triple_lens_offsetted_array|2025-06-10T15:18:41|2025-06-10T15:19:33|00:00:52|u180
8776010_11.batch|batch|2025-06-10T15:18:41|2025-06-10T15:19:33|00:00:52|u180
8776010_11.extern|extern|2025-06-10T15:18:41|2025-06-10T15:19:33|00:00:52|u180
8776010_12|triple_lens_offsetted_array|2025-06-10T15:18:41|2025-06-10T15:19:28|00:00:47|u180
8776010_12.batch|batch|2025-06-10T15:18:41|2025-06-10T15:19:28|00:00:47|u180
8776010_12.extern|extern|2025-06-10T15:18:41|2025-06-10T15:19:28|00:00:47|u180
8776010_13|triple_lens_offsetted_array|2025-06-10T15:18:41|2025-06-10T15:19:13|00:00:32|u180
8776010_13.batch|batch|2025-06-10T15:18:41|2025-06-10T15:19:13|00:00:32|u180
8776010_13.extern|extern|2025-06-10T15:18:41|2025-06-10T15:19:13|00:00:32|u180
8776010_14|triple_lens_offsetted_array|2025-06-10T15:18:41|2025-06-10T15:19:13|00:00:32|u180
8776010_14.batch|batch|2025-06-10T15:18:41|2025-06-10T15:19:13|00:00:32|u180
8776010_14.extern|extern|2025-06-10T15:18:41|2025-06-10T15:19:13|00:00:32|u180
8776034_0|triple_lens_offsetted_array_%a|2025-06-10T15:24:52|2025-06-10T15:24:54|00:00:02|u183
8776034_0.batch|batch|2025-06-10T15:24:52|2025-06-10T15:24:54|00:00:02|u183
8776034_0.extern|extern|2025-06-10T15:24:52|2025-06-10T15:24:54|00:00:02|u183
8776034_1|triple_lens_offsetted_array_%a|2025-06-10T15:24:52|2025-06-10T15:24:54|00:00:02|u183
8776034_1.batch|batch|2025-06-10T15:24:52|2025-06-10T15:24:54|00:00:02|u183
8776034_1.extern|extern|2025-06-10T15:24:52|2025-06-10T15:24:54|00:00:02|u183
8776034_2|triple_lens_offsetted_array_%a|2025-06-10T15:24:52|2025-06-10T15:24:54|00:00:02|u182
8776034_2.batch|batch|2025-06-10T15:24:52|2025-06-10T15:24:54|00:00:02|u182
8776034_2.extern|extern|2025-06-10T15:24:52|2025-06-10T15:24:54|00:00:02|u182
8776034_3|triple_lens_offsetted_array_%a|2025-06-10T15:24:52|2025-06-10T15:24:54|00:00:02|u182
8776034_3.batch|batch|2025-06-10T15:24:52|2025-06-10T15:24:54|00:00:02|u182
8776034_3.extern|extern|2025-06-10T15:24:52|2025-06-10T15:24:54|00:00:02|u182
8776034_4|triple_lens_offsetted_array_%a|2025-06-10T15:24:52|2025-06-10T15:25:35|00:00:43|u180
8776034_4.batch|batch|2025-06-10T15:24:52|2025-06-10T15:25:35|00:00:43|u180
8776034_4.extern|extern|2025-06-10T15:24:52|2025-06-10T15:25:35|00:00:43|u180
8776034_5|triple_lens_offsetted_array_%a|2025-06-10T15:24:52|2025-06-10T15:25:14|00:00:22|u180
8776034_5.batch|batch|2025-06-10T15:24:52|2025-06-10T15:25:14|00:00:22|u180
8776034_5.extern|extern|2025-06-10T15:24:52|2025-06-10T15:25:14|00:00:22|u180
8776034_6|triple_lens_offsetted_array_%a|2025-06-10T15:24:52|2025-06-10T15:25:30|00:00:38|u180
8776034_6.batch|batch|2025-06-10T15:24:52|2025-06-10T15:25:30|00:00:38|u180
8776034_6.extern|extern|2025-06-10T15:24:52|2025-06-10T15:25:30|00:00:38|u180
8776034_7|triple_lens_offsetted_array_%a|2025-06-10T15:24:52|2025-06-10T15:25:50|00:00:58|u180
8776034_7.batch|batch|2025-06-10T15:24:52|2025-06-10T15:25:50|00:00:58|u180
8776034_7.extern|extern|2025-06-10T15:24:52|2025-06-10T15:25:50|00:00:58|u180
8776034_8|triple_lens_offsetted_array_%a|2025-06-10T15:24:52|2025-06-10T15:25:45|00:00:53|u180
8776034_8.batch|batch|2025-06-10T15:24:52|2025-06-10T15:25:45|00:00:53|u180
8776034_8.extern|extern|2025-06-10T15:24:52|2025-06-10T15:25:45|00:00:53|u180
8776034_9|triple_lens_offsetted_array_%a|2025-06-10T15:24:52|2025-06-10T15:25:19|00:00:27|u180
8776034_9.batch|batch|2025-06-10T15:24:52|2025-06-10T15:25:19|00:00:27|u180
8776034_9.extern|extern|2025-06-10T15:24:52|2025-06-10T15:25:19|00:00:27|u180
8776034_10|triple_lens_offsetted_array_%a|2025-06-10T15:24:52|2025-06-10T15:25:35|00:00:43|u180
8776034_10.batch|batch|2025-06-10T15:24:52|2025-06-10T15:25:35|00:00:43|u180
8776034_10.extern|extern|2025-06-10T15:24:52|2025-06-10T15:25:35|00:00:43|u180
8776034_11|triple_lens_offsetted_array_%a|2025-06-10T15:24:52|2025-06-10T15:25:35|00:00:43|u180
8776034_11.batch|batch|2025-06-10T15:24:52|2025-06-10T15:25:35|00:00:43|u180
8776034_11.extern|extern|2025-06-10T15:24:52|2025-06-10T15:25:35|00:00:43|u180
8776034_12|triple_lens_offsetted_array_%a|2025-06-10T15:24:52|2025-06-10T15:25:30|00:00:38|u180
8776034_12.batch|batch|2025-06-10T15:24:52|2025-06-10T15:25:30|00:00:38|u180
8776034_12.extern|extern|2025-06-10T15:24:52|2025-06-10T15:25:30|00:00:38|u180
8776034_13|triple_lens_offsetted_array_%a|2025-06-10T15:24:52|2025-06-10T15:25:19|00:00:27|u180
8776034_13.batch|batch|2025-06-10T15:24:52|2025-06-10T15:25:19|00:00:27|u180
8776034_13.extern|extern|2025-06-10T15:24:52|2025-06-10T15:25:19|00:00:27|u180
8776034_14|triple_lens_offsetted_array_%a|2025-06-10T15:24:52|2025-06-10T15:25:19|00:00:27|u180
8776034_14.batch|batch|2025-06-10T15:24:52|2025-06-10T15:25:19|00:00:27|u180
8776034_14.extern|extern|2025-06-10T15:24:52|2025-06-10T15:25:19|00:00:27|u180
8776051_0|triple_lens_offsetted_array|2025-06-10T15:33:06|2025-06-10T19:29:15|03:56:09|u068
8776051_0.batch|batch|2025-06-10T15:33:06|2025-06-10T19:29:15|03:56:09|u068
8776051_0.extern|extern|2025-06-10T15:33:06|2025-06-10T19:29:15|03:56:09|u068
8776051_1|triple_lens_offsetted_array|2025-06-10T15:33:06|2025-06-10T20:24:15|04:51:09|u144
8776051_1.batch|batch|2025-06-10T15:33:06|2025-06-10T20:24:15|04:51:09|u144
8776051_1.extern|extern|2025-06-10T15:33:06|2025-06-10T20:24:15|04:51:09|u144
8776051_2|triple_lens_offsetted_array|2025-06-10T15:33:06|2025-06-10T20:21:53|04:48:47|u145
8776051_2.batch|batch|2025-06-10T15:33:06|2025-06-10T20:21:53|04:48:47|u145
8776051_2.extern|extern|2025-06-10T15:33:06|2025-06-10T20:21:53|04:48:47|u145
8776051_3|triple_lens_offsetted_array|2025-06-10T15:33:06|2025-06-10T18:59:51|03:26:45|u171
8776051_3.batch|batch|2025-06-10T15:33:06|2025-06-10T18:59:51|03:26:45|u171
8776051_3.extern|extern|2025-06-10T15:33:06|2025-06-10T18:59:51|03:26:45|u171
8776051_4|triple_lens_offsetted_array|2025-06-10T15:33:06|2025-06-10T19:05:00|03:31:54|u172
8776051_4.batch|batch|2025-06-10T15:33:06|2025-06-10T19:05:00|03:31:54|u172
8776051_4.extern|extern|2025-06-10T15:33:06|2025-06-10T19:05:00|03:31:54|u172
8776051_5|triple_lens_offsetted_array|2025-06-10T15:33:06|2025-06-10T19:05:22|03:32:16|u173
8776051_5.batch|batch|2025-06-10T15:33:06|2025-06-10T19:05:22|03:32:16|u173
8776051_5.extern|extern|2025-06-10T15:33:06|2025-06-10T19:05:22|03:32:16|u173
8776051_6|triple_lens_offsetted_array|2025-06-10T15:33:06|2025-06-10T19:16:42|03:43:36|u034
8776051_6.batch|batch|2025-06-10T15:33:06|2025-06-10T19:16:42|03:43:36|u034
8776051_6.extern|extern|2025-06-10T15:33:06|2025-06-10T19:16:42|03:43:36|u034
8776051_7|triple_lens_offsetted_array|2025-06-10T15:33:06|2025-06-10T19:05:01|03:31:55|u032
8776051_7.batch|batch|2025-06-10T15:33:06|2025-06-10T19:05:01|03:31:55|u032
8776051_7.extern|extern|2025-06-10T15:33:06|2025-06-10T19:05:01|03:31:55|u032
8776051_8|triple_lens_offsetted_array|2025-06-10T15:33:06|2025-06-10T19:02:07|03:29:01|u032
8776051_8.batch|batch|2025-06-10T15:33:06|2025-06-10T19:02:07|03:29:01|u032
8776051_8.extern|extern|2025-06-10T15:33:06|2025-06-10T19:02:07|03:29:01|u032
8776051_9|triple_lens_offsetted_array|2025-06-10T15:33:06|2025-06-10T19:09:03|03:35:57|u033
8776051_9.batch|batch|2025-06-10T15:33:06|2025-06-10T19:09:03|03:35:57|u033
8776051_9.extern|extern|2025-06-10T15:33:06|2025-06-10T19:09:03|03:35:57|u033
8776051_10|triple_lens_offsetted_array|2025-06-10T15:33:06|2025-06-10T19:06:09|03:33:03|u033
8776051_10.batch|batch|2025-06-10T15:33:06|2025-06-10T19:06:09|03:33:03|u033
8776051_10.extern|extern|2025-06-10T15:33:06|2025-06-10T19:06:09|03:33:03|u033
8776051_11|triple_lens_offsetted_array|2025-06-10T15:33:06|2025-06-10T18:24:45|02:51:39|u180
8776051_11.batch|batch|2025-06-10T15:33:06|2025-06-10T18:24:45|02:51:39|u180
8776051_11.extern|extern|2025-06-10T15:33:06|2025-06-10T18:24:45|02:51:39|u180
8776051_12|triple_lens_offsetted_array|2025-06-10T15:33:06|2025-06-10T18:21:30|02:48:24|u180
8776051_12.batch|batch|2025-06-10T15:33:06|2025-06-10T18:21:30|02:48:24|u180
8776051_12.extern|extern|2025-06-10T15:33:06|2025-06-10T18:21:30|02:48:24|u180
8776051_13|triple_lens_offsetted_array|2025-06-10T15:33:06|2025-06-10T18:17:05|02:43:59|u180
8776051_13.batch|batch|2025-06-10T15:33:06|2025-06-10T18:17:05|02:43:59|u180
8776051_13.extern|extern|2025-06-10T15:33:06|2025-06-10T18:17:05|02:43:59|u180
8776051_14|triple_lens_offsetted_array|2025-06-10T15:33:06|2025-06-10T18:15:16|02:42:10|u180
8776051_14.batch|batch|2025-06-10T15:33:06|2025-06-10T18:15:16|02:42:10|u180
8776051_14.extern|extern|2025-06-10T15:33:06|2025-06-10T18:15:16|02:42:10|u180
8778327_0|triple_lens_cm_array|2025-06-12T09:53:58|2025-06-12T09:54:01|00:00:03|u038
8778327_0.batch|batch|2025-06-12T09:53:58|2025-06-12T09:54:01|00:00:03|u038
8778327_0.extern|extern|2025-06-12T09:53:58|2025-06-12T09:54:01|00:00:03|u038
8778327_1|triple_lens_cm_array|2025-06-12T09:53:59|2025-06-12T09:54:01|00:00:02|u040
8778327_1.batch|batch|2025-06-12T09:53:59|2025-06-12T09:54:01|00:00:02|u040
8778327_1.extern|extern|2025-06-12T09:53:59|2025-06-12T09:54:01|00:00:02|u040
8778327_2|triple_lens_cm_array|2025-06-12T09:53:59|2025-06-12T09:54:06|00:00:07|u071
8778327_2.batch|batch|2025-06-12T09:53:59|2025-06-12T09:54:06|00:00:07|u071
8778327_2.extern|extern|2025-06-12T09:53:59|2025-06-12T09:54:06|00:00:07|u071
8778327_3|triple_lens_cm_array|2025-06-12T09:53:59|2025-06-12T09:54:02|00:00:03|u095
8778327_3.batch|batch|2025-06-12T09:53:59|2025-06-12T09:54:02|00:00:03|u095
8778327_3.extern|extern|2025-06-12T09:53:59|2025-06-12T09:54:02|00:00:03|u095
8778327_4|triple_lens_cm_array|2025-06-12T09:53:59|2025-06-12T09:54:01|00:00:02|u123
8778327_4.batch|batch|2025-06-12T09:53:59|2025-06-12T09:54:01|00:00:02|u123
8778327_4.extern|extern|2025-06-12T09:53:59|2025-06-12T09:54:01|00:00:02|u123
8778333_0|triple_lens_cm_array|2025-06-12T09:55:31|2025-06-12T09:55:33|00:00:02|u038
8778333_0.batch|batch|2025-06-12T09:55:31|2025-06-12T09:55:33|00:00:02|u038
8778333_0.extern|extern|2025-06-12T09:55:31|2025-06-12T09:55:33|00:00:02|u038
8778333_1|triple_lens_cm_array|2025-06-12T09:55:31|2025-06-12T09:55:33|00:00:02|u040
8778333_1.batch|batch|2025-06-12T09:55:31|2025-06-12T09:55:33|00:00:02|u040
8778333_1.extern|extern|2025-06-12T09:55:31|2025-06-12T09:55:33|00:00:02|u040
8778333_2|triple_lens_cm_array|2025-06-12T09:55:31|2025-06-12T09:55:36|00:00:05|u071
8778333_2.batch|batch|2025-06-12T09:55:31|2025-06-12T09:55:36|00:00:05|u071
8778333_2.extern|extern|2025-06-12T09:55:31|2025-06-12T09:55:36|00:00:05|u071
8778333_3|triple_lens_cm_array|2025-06-12T09:55:31|2025-06-12T09:55:33|00:00:02|u095
8778333_3.batch|batch|2025-06-12T09:55:31|2025-06-12T09:55:33|00:00:02|u095
8778333_3.extern|extern|2025-06-12T09:55:31|2025-06-12T09:55:33|00:00:02|u095
8778333_4|triple_lens_cm_array|2025-06-12T09:55:31|2025-06-12T09:55:33|00:00:02|u123
8778333_4.batch|batch|2025-06-12T09:55:31|2025-06-12T09:55:33|00:00:02|u123
8778333_4.extern|extern|2025-06-12T09:55:31|2025-06-12T09:55:33|00:00:02|u123
8778343_0|triple_lens_cm_array|2025-06-12T09:58:06|2025-06-12T09:58:35|00:00:29|u038
8778343_0.batch|batch|2025-06-12T09:58:06|2025-06-12T09:58:35|00:00:29|u038
8778343_0.extern|extern|2025-06-12T09:58:06|2025-06-12T09:58:35|00:00:29|u038
8778343_1|triple_lens_cm_array|2025-06-12T09:58:06|2025-06-12T09:58:35|00:00:29|u040
8778343_1.batch|batch|2025-06-12T09:58:06|2025-06-12T09:58:35|00:00:29|u040
8778343_1.extern|extern|2025-06-12T09:58:06|2025-06-12T09:58:35|00:00:29|u040
8778343_2|triple_lens_cm_array|2025-06-12T09:58:06|2025-06-12T09:58:37|00:00:31|u071
8778343_2.batch|batch|2025-06-12T09:58:06|2025-06-12T09:58:37|00:00:31|u071
8778343_2.extern|extern|2025-06-12T09:58:06|2025-06-12T09:58:37|00:00:31|u071
8778343_3|triple_lens_cm_array|2025-06-12T09:58:06|2025-06-12T09:58:37|00:00:31|u095
8778343_3.batch|batch|2025-06-12T09:58:06|2025-06-12T09:58:37|00:00:31|u095
8778343_3.extern|extern|2025-06-12T09:58:06|2025-06-12T09:58:37|00:00:31|u095
8778343_4|triple_lens_cm_array|2025-06-12T09:58:06|2025-06-12T09:58:35|00:00:29|u123
8778343_4.batch|batch|2025-06-12T09:58:06|2025-06-12T09:58:35|00:00:29|u123
8778343_4.extern|extern|2025-06-12T09:58:06|2025-06-12T09:58:35|00:00:29|u123
8778348_0|triple_lens_binoffset_array|2025-06-12T09:58:37|2025-06-12T09:58:46|00:00:09|u038
8778348_0.batch|batch|2025-06-12T09:58:37|2025-06-12T09:58:46|00:00:09|u038
8778348_0.extern|extern|2025-06-12T09:58:37|2025-06-12T09:58:46|00:00:09|u038
8778348_1|triple_lens_binoffset_array|2025-06-12T09:58:37|2025-06-12T09:58:46|00:00:09|u040
8778348_1.batch|batch|2025-06-12T09:58:37|2025-06-12T09:58:46|00:00:09|u040
8778348_1.extern|extern|2025-06-12T09:58:37|2025-06-12T09:58:46|00:00:09|u040
8778348_2|triple_lens_binoffset_array|2025-06-12T09:58:37|2025-06-12T09:58:45|00:00:08|u123
8778348_2.batch|batch|2025-06-12T09:58:37|2025-06-12T09:58:45|00:00:08|u123
8778348_2.extern|extern|2025-06-12T09:58:37|2025-06-12T09:58:45|00:00:08|u123
8778348_3|triple_lens_binoffset_array|2025-06-12T09:58:37|2025-06-12T09:58:48|00:00:11|u175
8778348_3.batch|batch|2025-06-12T09:58:37|2025-06-12T09:58:48|00:00:11|u175
8778348_3.extern|extern|2025-06-12T09:58:37|2025-06-12T09:58:48|00:00:11|u175
8778348_4|triple_lens_binoffset_array|2025-06-12T09:58:37|2025-06-12T09:58:49|00:00:12|u178
8778348_4.batch|batch|2025-06-12T09:58:37|2025-06-12T09:58:49|00:00:12|u178
8778348_4.extern|extern|2025-06-12T09:58:37|2025-06-12T09:58:49|00:00:12|u178
8778355_0|triple_lens_cm_array|2025-06-12T10:00:41|2025-06-12T13:34:40|03:33:59|u038
8778355_0.batch|batch|2025-06-12T10:00:41|2025-06-12T13:34:40|03:33:59|u038
8778355_0.extern|extern|2025-06-12T10:00:41|2025-06-12T13:34:40|03:33:59|u038
8778355_1|triple_lens_cm_array|2025-06-12T10:00:41|2025-06-12T13:33:43|03:33:02|u040
8778355_1.batch|batch|2025-06-12T10:00:41|2025-06-12T13:33:43|03:33:02|u040
8778355_1.extern|extern|2025-06-12T10:00:41|2025-06-12T13:33:43|03:33:02|u040
8778355_2|triple_lens_cm_array|2025-06-12T10:00:41|2025-06-12T14:10:17|04:09:36|u071
8778355_2.batch|batch|2025-06-12T10:00:41|2025-06-12T14:10:17|04:09:36|u071
8778355_2.extern|extern|2025-06-12T10:00:41|2025-06-12T14:10:18|04:09:37|u071
8778355_3|triple_lens_cm_array|2025-06-12T10:00:41|2025-06-12T14:42:00|04:41:19|u095
8778355_3.batch|batch|2025-06-12T10:00:41|2025-06-12T14:42:00|04:41:19|u095
8778355_3.extern|extern|2025-06-12T10:00:41|2025-06-12T14:42:00|04:41:19|u095
8778355_4|triple_lens_cm_array|2025-06-12T10:00:41|2025-06-12T13:40:02|03:39:21|u123
8778355_4.batch|batch|2025-06-12T10:00:41|2025-06-12T13:40:02|03:39:21|u123
8778355_4.extern|extern|2025-06-12T10:00:41|2025-06-12T13:40:02|03:39:21|u123
8778356_0|triple_lens_binoffset_array|2025-06-12T10:00:41|2025-06-12T12:31:29|02:30:48|u175
8778356_0.batch|batch|2025-06-12T10:00:41|2025-06-12T12:31:29|02:30:48|u175
8778356_0.extern|extern|2025-06-12T10:00:41|2025-06-12T12:31:29|02:30:48|u175
8778356_1|triple_lens_binoffset_array|2025-06-12T10:00:41|2025-06-12T12:39:57|02:39:16|u178
8778356_1.batch|batch|2025-06-12T10:00:41|2025-06-12T12:39:57|02:39:16|u178
8778356_1.extern|extern|2025-06-12T10:00:41|2025-06-12T12:39:57|02:39:16|u178
8778356_2|triple_lens_binoffset_array|2025-06-12T10:00:41|2025-06-12T17:16:35|07:15:54|u010
8778356_2.batch|batch|2025-06-12T10:00:41|2025-06-12T17:16:35|07:15:54|u010
8778356_2.extern|extern|2025-06-12T10:00:41|2025-06-12T17:16:35|07:15:54|u010
8778356_3|triple_lens_binoffset_array|2025-06-12T10:00:41|2025-06-12T17:21:58|07:21:17|u010
8778356_3.batch|batch|2025-06-12T10:00:41|2025-06-12T17:21:58|07:21:17|u010
8778356_3.extern|extern|2025-06-12T10:00:41|2025-06-12T17:21:58|07:21:17|u010
8778356_4|triple_lens_binoffset_array|2025-06-12T10:00:41|2025-06-12T16:19:42|06:19:01|u144
8778356_4.batch|batch|2025-06-12T10:00:41|2025-06-12T16:19:42|06:19:01|u144
8778356_4.extern|extern|2025-06-12T10:00:41|2025-06-12T16:19:42|06:19:01|u144
8778658_0|triple_lens_offsetted_array|2025-06-12T12:23:10|2025-06-12T12:23:12|00:00:02|u038
8778658_0.batch|batch|2025-06-12T12:23:10|2025-06-12T12:23:12|00:00:02|u038
8778658_0.extern|extern|2025-06-12T12:23:10|2025-06-12T12:23:12|00:00:02|u038
8778658_1|triple_lens_offsetted_array|2025-06-12T12:23:10|2025-06-12T12:23:15|00:00:05|u084
8778658_1.batch|batch|2025-06-12T12:23:10|2025-06-12T12:23:15|00:00:05|u084
8778658_1.extern|extern|2025-06-12T12:23:10|2025-06-12T12:23:15|00:00:05|u084
8778658_2|triple_lens_offsetted_array|2025-06-12T12:23:10|2025-06-12T12:23:12|00:00:02|u123
8778658_2.batch|batch|2025-06-12T12:23:10|2025-06-12T12:23:12|00:00:02|u123
8778658_2.extern|extern|2025-06-12T12:23:10|2025-06-12T12:23:12|00:00:02|u123
8778658_3|triple_lens_offsetted_array|2025-06-12T12:23:10|2025-06-12T12:23:13|00:00:03|u010
8778658_3.batch|batch|2025-06-12T12:23:10|2025-06-12T12:23:13|00:00:03|u010
8778658_3.extern|extern|2025-06-12T12:23:10|2025-06-12T12:23:13|00:00:03|u010
8778658_4|triple_lens_offsetted_array|2025-06-12T12:23:10|2025-06-12T12:23:13|00:00:03|u010
8778658_4.batch|batch|2025-06-12T12:23:10|2025-06-12T12:23:13|00:00:03|u010
8778658_4.extern|extern|2025-06-12T12:23:10|2025-06-12T12:23:13|00:00:03|u010
8778658_5|triple_lens_offsetted_array|2025-06-12T12:23:10|2025-06-12T12:23:18|00:00:08|u069
8778658_5.batch|batch|2025-06-12T12:23:10|2025-06-12T12:23:18|00:00:08|u069
8778658_5.extern|extern|2025-06-12T12:23:10|2025-06-12T12:23:18|00:00:08|u069
8778658_6|triple_lens_offsetted_array|2025-06-12T12:23:10|2025-06-12T12:23:13|00:00:03|u069
8778658_6.batch|batch|2025-06-12T12:23:10|2025-06-12T12:23:13|00:00:03|u069
8778658_6.extern|extern|2025-06-12T12:23:10|2025-06-12T12:23:13|00:00:03|u069
8778658_7|triple_lens_offsetted_array|2025-06-12T12:23:10|2025-06-12T12:23:13|00:00:03|u127
8778658_7.batch|batch|2025-06-12T12:23:10|2025-06-12T12:23:13|00:00:03|u127
8778658_7.extern|extern|2025-06-12T12:23:10|2025-06-12T12:23:13|00:00:03|u127
8778658_8|triple_lens_offsetted_array|2025-06-12T12:23:10|2025-06-12T12:23:13|00:00:03|u127
8778658_8.batch|batch|2025-06-12T12:23:10|2025-06-12T12:23:13|00:00:03|u127
8778658_8.extern|extern|2025-06-12T12:23:10|2025-06-12T12:23:13|00:00:03|u127
8778658_9|triple_lens_offsetted_array|2025-06-12T12:23:10|2025-06-12T12:23:12|00:00:02|u176
8778658_9.batch|batch|2025-06-12T12:23:10|2025-06-12T12:23:12|00:00:02|u176
8778658_9.extern|extern|2025-06-12T12:23:10|2025-06-12T12:23:12|00:00:02|u176
8778658_10|triple_lens_offsetted_array|2025-06-12T12:23:10|2025-06-12T12:23:12|00:00:02|u177
8778658_10.batch|batch|2025-06-12T12:23:10|2025-06-12T12:23:12|00:00:02|u177
8778658_10.extern|extern|2025-06-12T12:23:10|2025-06-12T12:23:12|00:00:02|u177
8778658_11|triple_lens_offsetted_array|2025-06-12T12:23:10|2025-06-12T12:23:13|00:00:03|u180
8778658_11.batch|batch|2025-06-12T12:23:10|2025-06-12T12:23:13|00:00:03|u180
8778658_11.extern|extern|2025-06-12T12:23:10|2025-06-12T12:23:13|00:00:03|u180
8778658_12|triple_lens_offsetted_array|2025-06-12T12:23:10|2025-06-12T12:23:13|00:00:03|u180
8778658_12.batch|batch|2025-06-12T12:23:10|2025-06-12T12:23:13|00:00:03|u180
8778658_12.extern|extern|2025-06-12T12:23:10|2025-06-12T12:23:13|00:00:03|u180
8778658_13|triple_lens_offsetted_array|2025-06-12T12:23:10|2025-06-12T12:23:12|00:00:02|u182
8778658_13.batch|batch|2025-06-12T12:23:10|2025-06-12T12:23:12|00:00:02|u182
8778658_13.extern|extern|2025-06-12T12:23:10|2025-06-12T12:23:12|00:00:02|u182
8778658_14|triple_lens_offsetted_array|2025-06-12T12:23:10|2025-06-12T12:23:13|00:00:03|u183
8778658_14.batch|batch|2025-06-12T12:23:10|2025-06-12T12:23:13|00:00:03|u183
8778658_14.extern|extern|2025-06-12T12:23:10|2025-06-12T12:23:13|00:00:03|u183
8778658_15|triple_lens_offsetted_array|2025-06-12T12:23:10|2025-06-12T12:23:17|00:00:07|u183
8778658_15.batch|batch|2025-06-12T12:23:10|2025-06-12T12:23:17|00:00:07|u183
8778658_15.extern|extern|2025-06-12T12:23:10|2025-06-12T12:23:17|00:00:07|u183
8778658_16|triple_lens_offsetted_array|2025-06-12T12:23:10|2025-06-12T12:23:27|00:00:17|u040
8778658_16.batch|batch|2025-06-12T12:23:10|2025-06-12T12:23:27|00:00:17|u040
8778658_16.extern|extern|2025-06-12T12:23:10|2025-06-12T12:23:27|00:00:17|u040
8778658_17|triple_lens_offsetted_array|2025-06-12T12:23:10|2025-06-12T12:23:18|00:00:08|u040
8778658_17.batch|batch|2025-06-12T12:23:10|2025-06-12T12:23:18|00:00:08|u040
8778658_17.extern|extern|2025-06-12T12:23:10|2025-06-12T12:23:18|00:00:08|u040
8778658_18|triple_lens_offsetted_array|2025-06-12T12:23:10|2025-06-12T12:23:22|00:00:12|u040
8778658_18.batch|batch|2025-06-12T12:23:10|2025-06-12T12:23:22|00:00:12|u040
8778658_18.extern|extern|2025-06-12T12:23:10|2025-06-12T12:23:22|00:00:12|u040
8778658_19|triple_lens_offsetted_array|2025-06-12T12:23:10|2025-06-12T12:23:18|00:00:08|u040
8778658_19.batch|batch|2025-06-12T12:23:10|2025-06-12T12:23:18|00:00:08|u040
8778658_19.extern|extern|2025-06-12T12:23:10|2025-06-12T12:23:18|00:00:08|u040
8778658_20|triple_lens_offsetted_array|2025-06-12T12:23:10|2025-06-12T12:23:22|00:00:12|u087
8778658_20.batch|batch|2025-06-12T12:23:10|2025-06-12T12:23:22|00:00:12|u087
8778658_20.extern|extern|2025-06-12T12:23:10|2025-06-12T12:23:22|00:00:12|u087
8778658_21|triple_lens_offsetted_array|2025-06-12T12:23:10|2025-06-12T12:23:17|00:00:07|u087
8778658_21.batch|batch|2025-06-12T12:23:10|2025-06-12T12:23:17|00:00:07|u087
8778658_21.extern|extern|2025-06-12T12:23:10|2025-06-12T12:23:17|00:00:07|u087
8778658_22|triple_lens_offsetted_array|2025-06-12T12:23:10|2025-06-12T12:23:17|00:00:07|u087
8778658_22.batch|batch|2025-06-12T12:23:10|2025-06-12T12:23:17|00:00:07|u087
8778658_22.extern|extern|2025-06-12T12:23:10|2025-06-12T12:23:17|00:00:07|u087
8778658_23|triple_lens_offsetted_array|2025-06-12T12:23:10|2025-06-12T12:23:22|00:00:12|u087
8778658_23.batch|batch|2025-06-12T12:23:10|2025-06-12T12:23:22|00:00:12|u087
8778658_23.extern|extern|2025-06-12T12:23:10|2025-06-12T12:23:22|00:00:12|u087
8778658_24|triple_lens_offsetted_array|2025-06-12T12:23:10|2025-06-12T12:23:12|00:00:02|u171
8778658_24.batch|batch|2025-06-12T12:23:10|2025-06-12T12:23:12|00:00:02|u171
8778658_24.extern|extern|2025-06-12T12:23:10|2025-06-12T12:23:12|00:00:02|u171
8778658_25|triple_lens_offsetted_array|2025-06-12T12:23:41|2025-06-12T12:23:43|00:00:02|u038
8778658_25.batch|batch|2025-06-12T12:23:41|2025-06-12T12:23:43|00:00:02|u038
8778658_25.extern|extern|2025-06-12T12:23:41|2025-06-12T12:23:43|00:00:02|u038
8778658_26|triple_lens_offsetted_array|2025-06-12T12:23:41|2025-06-12T12:23:44|00:00:03|u084
8778658_26.batch|batch|2025-06-12T12:23:41|2025-06-12T12:23:44|00:00:03|u084
8778658_26.extern|extern|2025-06-12T12:23:41|2025-06-12T12:23:44|00:00:03|u084
8778658_27|triple_lens_offsetted_array|2025-06-12T12:23:41|2025-06-12T12:23:43|00:00:02|u123
8778658_27.batch|batch|2025-06-12T12:23:41|2025-06-12T12:23:43|00:00:02|u123
8778658_27.extern|extern|2025-06-12T12:23:41|2025-06-12T12:23:43|00:00:02|u123
8778658_28|triple_lens_offsetted_array|2025-06-12T12:23:41|2025-06-12T12:23:43|00:00:02|u010
8778658_28.batch|batch|2025-06-12T12:23:41|2025-06-12T12:23:43|00:00:02|u010
8778658_28.extern|extern|2025-06-12T12:23:41|2025-06-12T12:23:43|00:00:02|u010
8778658_29|triple_lens_offsetted_array|2025-06-12T12:23:41|2025-06-12T12:23:43|00:00:02|u010
8778658_29.batch|batch|2025-06-12T12:23:41|2025-06-12T12:23:43|00:00:02|u010
8778658_29.extern|extern|2025-06-12T12:23:41|2025-06-12T12:23:43|00:00:02|u010
8778658_30|triple_lens_offsetted_array|2025-06-12T12:23:41|2025-06-12T12:23:43|00:00:02|u069
8778658_30.batch|batch|2025-06-12T12:23:41|2025-06-12T12:23:43|00:00:02|u069
8778658_30.extern|extern|2025-06-12T12:23:41|2025-06-12T12:23:43|00:00:02|u069
8778658_31|triple_lens_offsetted_array|2025-06-12T12:23:41|2025-06-12T12:23:43|00:00:02|u069
8778658_31.batch|batch|2025-06-12T12:23:41|2025-06-12T12:23:43|00:00:02|u069
8778658_31.extern|extern|2025-06-12T12:23:41|2025-06-12T12:23:43|00:00:02|u069
8778658_32|triple_lens_offsetted_array|2025-06-12T12:23:41|2025-06-12T12:23:48|00:00:07|u127
8778658_32.batch|batch|2025-06-12T12:23:41|2025-06-12T12:23:48|00:00:07|u127
8778658_32.extern|extern|2025-06-12T12:23:41|2025-06-12T12:23:48|00:00:07|u127
8778658_33|triple_lens_offsetted_array|2025-06-12T12:23:41|2025-06-12T12:23:43|00:00:02|u127
8778658_33.batch|batch|2025-06-12T12:23:41|2025-06-12T12:23:43|00:00:02|u127
8778658_33.extern|extern|2025-06-12T12:23:41|2025-06-12T12:23:43|00:00:02|u127
8778658_34|triple_lens_offsetted_array|2025-06-12T12:23:41|2025-06-12T12:23:43|00:00:02|u176
8778658_34.batch|batch|2025-06-12T12:23:41|2025-06-12T12:23:43|00:00:02|u176
8778658_34.extern|extern|2025-06-12T12:23:41|2025-06-12T12:23:43|00:00:02|u176
8778658_35|triple_lens_offsetted_array|2025-06-12T12:23:41|2025-06-12T12:23:43|00:00:02|u177
8778658_35.batch|batch|2025-06-12T12:23:41|2025-06-12T12:23:43|00:00:02|u177
8778658_35.extern|extern|2025-06-12T12:23:41|2025-06-12T12:23:43|00:00:02|u177
8778658_36|triple_lens_offsetted_array|2025-06-12T12:23:41|2025-06-12T12:23:43|00:00:02|u180
8778658_36.batch|batch|2025-06-12T12:23:41|2025-06-12T12:23:43|00:00:02|u180
8778658_36.extern|extern|2025-06-12T12:23:41|2025-06-12T12:23:43|00:00:02|u180
8778658_37|triple_lens_offsetted_array|2025-06-12T12:23:41|2025-06-12T12:23:43|00:00:02|u180
8778658_37.batch|batch|2025-06-12T12:23:41|2025-06-12T12:23:43|00:00:02|u180
8778658_37.extern|extern|2025-06-12T12:23:41|2025-06-12T12:23:43|00:00:02|u180
8778658_38|triple_lens_offsetted_array|2025-06-12T12:23:41|2025-06-12T12:23:43|00:00:02|u182
8778658_38.batch|batch|2025-06-12T12:23:41|2025-06-12T12:23:43|00:00:02|u182
8778658_38.extern|extern|2025-06-12T12:23:41|2025-06-12T12:23:43|00:00:02|u182
8778658_39|triple_lens_offsetted_array|2025-06-12T12:23:41|2025-06-12T12:23:43|00:00:02|u183
8778658_39.batch|batch|2025-06-12T12:23:41|2025-06-12T12:23:43|00:00:02|u183
8778658_39.extern|extern|2025-06-12T12:23:41|2025-06-12T12:23:43|00:00:02|u183
8778699_0|triple_lens_offsetted_array|2025-06-12T12:28:21|2025-06-12T12:28:23|00:00:02|u038
8778699_0.batch|batch|2025-06-12T12:28:21|2025-06-12T12:28:23|00:00:02|u038
8778699_0.extern|extern|2025-06-12T12:28:21|2025-06-12T12:28:23|00:00:02|u038
8778699_1|triple_lens_offsetted_array|2025-06-12T12:28:21|2025-06-12T12:28:24|00:00:03|u084
8778699_1.batch|batch|2025-06-12T12:28:21|2025-06-12T12:28:24|00:00:03|u084
8778699_1.extern|extern|2025-06-12T12:28:21|2025-06-12T12:28:24|00:00:03|u084
8778699_2|triple_lens_offsetted_array|2025-06-12T12:28:21|2025-06-12T12:28:23|00:00:02|u123
8778699_2.batch|batch|2025-06-12T12:28:21|2025-06-12T12:28:23|00:00:02|u123
8778699_2.extern|extern|2025-06-12T12:28:21|2025-06-12T12:28:23|00:00:02|u123
8778699_3|triple_lens_offsetted_array|2025-06-12T12:28:21|2025-06-12T12:28:23|00:00:02|u010
8778699_3.batch|batch|2025-06-12T12:28:21|2025-06-12T12:28:23|00:00:02|u010
8778699_3.extern|extern|2025-06-12T12:28:21|2025-06-12T12:28:23|00:00:02|u010
8778699_4|triple_lens_offsetted_array|2025-06-12T12:28:21|2025-06-12T12:28:23|00:00:02|u010
8778699_4.batch|batch|2025-06-12T12:28:21|2025-06-12T12:28:23|00:00:02|u010
8778699_4.extern|extern|2025-06-12T12:28:21|2025-06-12T12:28:23|00:00:02|u010
8778699_5|triple_lens_offsetted_array|2025-06-12T12:28:21|2025-06-12T12:28:28|00:00:07|u069
8778699_5.batch|batch|2025-06-12T12:28:21|2025-06-12T12:28:28|00:00:07|u069
8778699_5.extern|extern|2025-06-12T12:28:21|2025-06-12T12:28:28|00:00:07|u069
8778699_6|triple_lens_offsetted_array|2025-06-12T12:28:21|2025-06-12T12:28:23|00:00:02|u069
8778699_6.batch|batch|2025-06-12T12:28:21|2025-06-12T12:28:23|00:00:02|u069
8778699_6.extern|extern|2025-06-12T12:28:21|2025-06-12T12:28:23|00:00:02|u069
8778699_7|triple_lens_offsetted_array|2025-06-12T12:28:21|2025-06-12T12:28:23|00:00:02|u127
8778699_7.batch|batch|2025-06-12T12:28:21|2025-06-12T12:28:23|00:00:02|u127
8778699_7.extern|extern|2025-06-12T12:28:21|2025-06-12T12:28:23|00:00:02|u127
8778699_8|triple_lens_offsetted_array|2025-06-12T12:28:21|2025-06-12T12:28:23|00:00:02|u127
8778699_8.batch|batch|2025-06-12T12:28:21|2025-06-12T12:28:23|00:00:02|u127
8778699_8.extern|extern|2025-06-12T12:28:21|2025-06-12T12:28:23|00:00:02|u127
8778699_9|triple_lens_offsetted_array|2025-06-12T12:28:21|2025-06-12T12:28:23|00:00:02|u176
8778699_9.batch|batch|2025-06-12T12:28:21|2025-06-12T12:28:23|00:00:02|u176
8778699_9.extern|extern|2025-06-12T12:28:21|2025-06-12T12:28:23|00:00:02|u176
8778699_10|triple_lens_offsetted_array|2025-06-12T12:28:21|2025-06-12T12:28:23|00:00:02|u177
8778699_10.batch|batch|2025-06-12T12:28:21|2025-06-12T12:28:23|00:00:02|u177
8778699_10.extern|extern|2025-06-12T12:28:21|2025-06-12T12:28:23|00:00:02|u177
8778699_11|triple_lens_offsetted_array|2025-06-12T12:28:21|2025-06-12T12:28:28|00:00:07|u180
8778699_11.batch|batch|2025-06-12T12:28:21|2025-06-12T12:28:28|00:00:07|u180
8778699_11.extern|extern|2025-06-12T12:28:21|2025-06-12T12:28:28|00:00:07|u180
8778699_12|triple_lens_offsetted_array|2025-06-12T12:28:21|2025-06-12T12:28:23|00:00:02|u180
8778699_12.batch|batch|2025-06-12T12:28:21|2025-06-12T12:28:23|00:00:02|u180
8778699_12.extern|extern|2025-06-12T12:28:21|2025-06-12T12:28:23|00:00:02|u180
8778699_13|triple_lens_offsetted_array|2025-06-12T12:28:21|2025-06-12T12:28:23|00:00:02|u182
8778699_13.batch|batch|2025-06-12T12:28:21|2025-06-12T12:28:23|00:00:02|u182
8778699_13.extern|extern|2025-06-12T12:28:21|2025-06-12T12:28:23|00:00:02|u182
8778699_14|triple_lens_offsetted_array|2025-06-12T12:28:21|2025-06-12T12:28:23|00:00:02|u183
8778699_14.batch|batch|2025-06-12T12:28:21|2025-06-12T12:28:23|00:00:02|u183
8778699_14.extern|extern|2025-06-12T12:28:21|2025-06-12T12:28:23|00:00:02|u183
8778699_15|triple_lens_offsetted_array|2025-06-12T12:28:21|2025-06-12T12:28:23|00:00:02|u183
8778699_15.batch|batch|2025-06-12T12:28:21|2025-06-12T12:28:23|00:00:02|u183
8778699_15.extern|extern|2025-06-12T12:28:21|2025-06-12T12:28:23|00:00:02|u183
8778699_16|triple_lens_offsetted_array|2025-06-12T12:28:21|2025-06-12T12:28:28|00:00:07|u040
8778699_16.batch|batch|2025-06-12T12:28:21|2025-06-12T12:28:28|00:00:07|u040
8778699_16.extern|extern|2025-06-12T12:28:21|2025-06-12T12:28:28|00:00:07|u040
8778699_17|triple_lens_offsetted_array|2025-06-12T12:28:21|2025-06-12T12:28:38|00:00:17|u040
8778699_17.batch|batch|2025-06-12T12:28:21|2025-06-12T12:28:38|00:00:17|u040
8778699_17.extern|extern|2025-06-12T12:28:21|2025-06-12T12:28:38|00:00:17|u040
8778699_18|triple_lens_offsetted_array|2025-06-12T12:28:21|2025-06-12T12:28:33|00:00:12|u040
8778699_18.batch|batch|2025-06-12T12:28:21|2025-06-12T12:28:33|00:00:12|u040
8778699_18.extern|extern|2025-06-12T12:28:21|2025-06-12T12:28:33|00:00:12|u040
8778699_19|triple_lens_offsetted_array|2025-06-12T12:28:21|2025-06-12T12:28:38|00:00:17|u040
8778699_19.batch|batch|2025-06-12T12:28:21|2025-06-12T12:28:38|00:00:17|u040
8778699_19.extern|extern|2025-06-12T12:28:21|2025-06-12T12:28:38|00:00:17|u040
8778699_20|triple_lens_offsetted_array|2025-06-12T12:28:21|2025-06-12T12:28:43|00:00:22|u087
8778699_20.batch|batch|2025-06-12T12:28:21|2025-06-12T12:28:43|00:00:22|u087
8778699_20.extern|extern|2025-06-12T12:28:21|2025-06-12T12:28:43|00:00:22|u087
8778699_21|triple_lens_offsetted_array|2025-06-12T12:28:21|2025-06-12T12:28:48|00:00:27|u087
8778699_21.batch|batch|2025-06-12T12:28:21|2025-06-12T12:28:48|00:00:27|u087
8778699_21.extern|extern|2025-06-12T12:28:21|2025-06-12T12:28:48|00:00:27|u087
8778699_22|triple_lens_offsetted_array|2025-06-12T12:28:21|2025-06-12T12:28:43|00:00:22|u087
8778699_22.batch|batch|2025-06-12T12:28:21|2025-06-12T12:28:43|00:00:22|u087
8778699_22.extern|extern|2025-06-12T12:28:21|2025-06-12T12:28:43|00:00:22|u087
8778699_23|triple_lens_offsetted_array|2025-06-12T12:28:21|2025-06-12T12:28:43|00:00:22|u087
8778699_23.batch|batch|2025-06-12T12:28:21|2025-06-12T12:28:43|00:00:22|u087
8778699_23.extern|extern|2025-06-12T12:28:21|2025-06-12T12:28:43|00:00:22|u087
8778699_24|triple_lens_offsetted_array|2025-06-12T12:28:21|2025-06-12T12:28:23|00:00:02|u171
8778699_24.batch|batch|2025-06-12T12:28:21|2025-06-12T12:28:23|00:00:02|u171
8778699_24.extern|extern|2025-06-12T12:28:21|2025-06-12T12:28:23|00:00:02|u171
8778699_25|triple_lens_offsetted_array|2025-06-12T12:28:52|2025-06-12T12:28:53|00:00:01|u038
8778699_25.batch|batch|2025-06-12T12:28:52|2025-06-12T12:28:53|00:00:01|u038
8778699_25.extern|extern|2025-06-12T12:28:52|2025-06-12T12:28:53|00:00:01|u038
8778699_26|triple_lens_offsetted_array|2025-06-12T12:28:52|2025-06-12T12:28:55|00:00:03|u084
8778699_26.batch|batch|2025-06-12T12:28:52|2025-06-12T12:28:55|00:00:03|u084
8778699_26.extern|extern|2025-06-12T12:28:52|2025-06-12T12:28:55|00:00:03|u084
8778699_27|triple_lens_offsetted_array|2025-06-12T12:28:52|2025-06-12T12:28:54|00:00:02|u123
8778699_27.batch|batch|2025-06-12T12:28:52|2025-06-12T12:28:54|00:00:02|u123
8778699_27.extern|extern|2025-06-12T12:28:52|2025-06-12T12:28:54|00:00:02|u123
8778699_28|triple_lens_offsetted_array|2025-06-12T12:28:52|2025-06-12T12:28:54|00:00:02|u010
8778699_28.batch|batch|2025-06-12T12:28:52|2025-06-12T12:28:54|00:00:02|u010
8778699_28.extern|extern|2025-06-12T12:28:52|2025-06-12T12:28:54|00:00:02|u010
8778699_29|triple_lens_offsetted_array|2025-06-12T12:28:52|2025-06-12T12:28:54|00:00:02|u010
8778699_29.batch|batch|2025-06-12T12:28:52|2025-06-12T12:28:54|00:00:02|u010
8778699_29.extern|extern|2025-06-12T12:28:52|2025-06-12T12:28:54|00:00:02|u010
8778699_30|triple_lens_offsetted_array|2025-06-12T12:28:52|2025-06-12T12:28:54|00:00:02|u069
8778699_30.batch|batch|2025-06-12T12:28:52|2025-06-12T12:28:54|00:00:02|u069
8778699_30.extern|extern|2025-06-12T12:28:52|2025-06-12T12:28:54|00:00:02|u069
8778699_31|triple_lens_offsetted_array|2025-06-12T12:28:52|2025-06-12T12:28:54|00:00:02|u069
8778699_31.batch|batch|2025-06-12T12:28:52|2025-06-12T12:28:54|00:00:02|u069
8778699_31.extern|extern|2025-06-12T12:28:52|2025-06-12T12:28:54|00:00:02|u069
8778699_32|triple_lens_offsetted_array|2025-06-12T12:28:52|2025-06-12T12:28:53|00:00:01|u127
8778699_32.batch|batch|2025-06-12T12:28:52|2025-06-12T12:28:53|00:00:01|u127
8778699_32.extern|extern|2025-06-12T12:28:52|2025-06-12T12:28:53|00:00:01|u127
8778699_33|triple_lens_offsetted_array|2025-06-12T12:28:52|2025-06-12T12:28:53|00:00:01|u127
8778699_33.batch|batch|2025-06-12T12:28:52|2025-06-12T12:28:53|00:00:01|u127
8778699_33.extern|extern|2025-06-12T12:28:52|2025-06-12T12:28:53|00:00:01|u127
8778699_34|triple_lens_offsetted_array|2025-06-12T12:28:52|2025-06-12T12:28:53|00:00:01|u176
8778699_34.batch|batch|2025-06-12T12:28:52|2025-06-12T12:28:53|00:00:01|u176
8778699_34.extern|extern|2025-06-12T12:28:52|2025-06-12T12:28:53|00:00:01|u176
8778699_35|triple_lens_offsetted_array|2025-06-12T12:28:52|2025-06-12T12:28:53|00:00:01|u177
8778699_35.batch|batch|2025-06-12T12:28:52|2025-06-12T12:28:53|00:00:01|u177
8778699_35.extern|extern|2025-06-12T12:28:52|2025-06-12T12:28:53|00:00:01|u177
8778699_36|triple_lens_offsetted_array|2025-06-12T12:28:52|2025-06-12T12:28:54|00:00:02|u180
8778699_36.batch|batch|2025-06-12T12:28:52|2025-06-12T12:28:54|00:00:02|u180
8778699_36.extern|extern|2025-06-12T12:28:52|2025-06-12T12:28:54|00:00:02|u180
8778699_37|triple_lens_offsetted_array|2025-06-12T12:28:52|2025-06-12T12:28:54|00:00:02|u180
8778699_37.batch|batch|2025-06-12T12:28:52|2025-06-12T12:28:54|00:00:02|u180
8778699_37.extern|extern|2025-06-12T12:28:52|2025-06-12T12:28:54|00:00:02|u180
8778699_38|triple_lens_offsetted_array|2025-06-12T12:28:52|2025-06-12T12:28:53|00:00:01|u182
8778699_38.batch|batch|2025-06-12T12:28:52|2025-06-12T12:28:53|00:00:01|u182
8778699_38.extern|extern|2025-06-12T12:28:52|2025-06-12T12:28:53|00:00:01|u182
8778699_39|triple_lens_offsetted_array|2025-06-12T12:28:52|2025-06-12T12:28:54|00:00:02|u183
8778699_39.batch|batch|2025-06-12T12:28:52|2025-06-12T12:28:54|00:00:02|u183
8778699_39.extern|extern|2025-06-12T12:28:52|2025-06-12T12:28:54|00:00:02|u183
8778740_0|triple_offsetted_array_s_vary|2025-06-12T12:31:27|2025-06-12T15:55:50|03:24:23|u038
8778740_0.batch|batch|2025-06-12T12:31:27|2025-06-12T15:55:50|03:24:23|u038
8778740_0.extern|extern|2025-06-12T12:31:27|2025-06-12T15:55:50|03:24:23|u038
8778740_1|triple_offsetted_array_s_vary|2025-06-12T12:31:27|2025-06-12T16:27:57|03:56:30|u084
8778740_1.batch|batch|2025-06-12T12:31:27|2025-06-12T16:27:57|03:56:30|u084
8778740_1.extern|extern|2025-06-12T12:31:27|2025-06-12T16:27:57|03:56:30|u084
8778740_2|triple_offsetted_array_s_vary|2025-06-12T12:31:27|2025-06-12T15:58:10|03:26:43|u123
8778740_2.batch|batch|2025-06-12T12:31:27|2025-06-12T15:58:10|03:26:43|u123
8778740_2.extern|extern|2025-06-12T12:31:27|2025-06-12T15:58:10|03:26:43|u123
8778740_3|triple_offsetted_array_s_vary|2025-06-12T12:31:27|2025-06-12T16:48:45|04:17:18|u010
8778740_3.batch|batch|2025-06-12T12:31:27|2025-06-12T16:48:45|04:17:18|u010
8778740_3.extern|extern|2025-06-12T12:31:27|2025-06-12T16:48:45|04:17:18|u010
8778740_4|triple_offsetted_array_s_vary|2025-06-12T12:31:27|2025-06-12T16:50:23|04:18:56|u010
8778740_4.batch|batch|2025-06-12T12:31:27|2025-06-12T16:50:23|04:18:56|u010
8778740_4.extern|extern|2025-06-12T12:31:27|2025-06-12T16:50:23|04:18:56|u010
8778740_5|triple_offsetted_array_s_vary|2025-06-12T12:31:27|2025-06-12T16:46:03|04:14:36|u069
8778740_5.batch|batch|2025-06-12T12:31:27|2025-06-12T16:46:03|04:14:36|u069
8778740_5.extern|extern|2025-06-12T12:31:27|2025-06-12T16:46:03|04:14:36|u069
8778740_6|triple_offsetted_array_s_vary|2025-06-12T12:31:27|2025-06-12T16:45:51|04:14:24|u069
8778740_6.batch|batch|2025-06-12T12:31:27|2025-06-12T16:45:51|04:14:24|u069
8778740_6.extern|extern|2025-06-12T12:31:27|2025-06-12T16:45:51|04:14:24|u069
8778740_7|triple_offsetted_array_s_vary|2025-06-12T12:31:27|2025-06-12T15:49:13|03:17:46|u127
8778740_7.batch|batch|2025-06-12T12:31:27|2025-06-12T15:49:13|03:17:46|u127
8778740_7.extern|extern|2025-06-12T12:31:27|2025-06-12T15:49:13|03:17:46|u127
8778740_8|triple_offsetted_array_s_vary|2025-06-12T12:31:27|2025-06-12T15:47:48|03:16:21|u127
8778740_8.batch|batch|2025-06-12T12:31:27|2025-06-12T15:47:48|03:16:21|u127
8778740_8.extern|extern|2025-06-12T12:31:27|2025-06-12T15:47:48|03:16:21|u127
8778740_9|triple_offsetted_array_s_vary|2025-06-12T12:31:27|2025-06-12T15:39:51|03:08:24|u176
8778740_9.batch|batch|2025-06-12T12:31:27|2025-06-12T15:39:51|03:08:24|u176
8778740_9.extern|extern|2025-06-12T12:31:27|2025-06-12T15:39:51|03:08:24|u176
8778740_10|triple_offsetted_array_s_vary|2025-06-12T12:31:27|2025-06-12T14:58:10|02:26:43|u177
8778740_10.batch|batch|2025-06-12T12:31:27|2025-06-12T14:58:10|02:26:43|u177
8778740_10.extern|extern|2025-06-12T12:31:27|2025-06-12T14:58:10|02:26:43|u177
8778740_11|triple_offsetted_array_s_vary|2025-06-12T12:31:27|2025-06-12T15:07:55|02:36:28|u180
8778740_11.batch|batch|2025-06-12T12:31:27|2025-06-12T15:07:55|02:36:28|u180
8778740_11.extern|extern|2025-06-12T12:31:27|2025-06-12T15:07:55|02:36:28|u180
8778740_12|triple_offsetted_array_s_vary|2025-06-12T12:31:27|2025-06-12T14:58:08|02:26:41|u180
8778740_12.batch|batch|2025-06-12T12:31:27|2025-06-12T14:58:08|02:26:41|u180
8778740_12.extern|extern|2025-06-12T12:31:27|2025-06-12T14:58:08|02:26:41|u180
8778740_13|triple_offsetted_array_s_vary|2025-06-12T12:31:27|2025-06-12T16:13:54|03:42:27|u040
8778740_13.batch|batch|2025-06-12T12:31:27|2025-06-12T16:13:54|03:42:27|u040
8778740_13.extern|extern|2025-06-12T12:31:27|2025-06-12T16:13:54|03:42:27|u040
8778740_14|triple_offsetted_array_s_vary|2025-06-12T12:31:27|2025-06-12T18:38:13|06:06:46|u040
8778740_14.batch|batch|2025-06-12T12:31:27|2025-06-12T18:38:13|06:06:46|u040
8778740_14.extern|extern|2025-06-12T12:31:27|2025-06-12T18:38:13|06:06:46|u040
8778740_15|triple_offsetted_array_s_vary|2025-06-12T12:31:27|2025-06-12T16:12:33|03:41:06|u040
8778740_15.batch|batch|2025-06-12T12:31:27|2025-06-12T16:12:33|03:41:06|u040
8778740_15.extern|extern|2025-06-12T12:31:27|2025-06-12T16:12:33|03:41:06|u040
8778740_16|triple_offsetted_array_s_vary|2025-06-12T12:31:27|2025-06-12T16:39:56|04:08:29|u040
8778740_16.batch|batch|2025-06-12T12:31:27|2025-06-12T16:39:56|04:08:29|u040
8778740_16.extern|extern|2025-06-12T12:31:27|2025-06-12T16:39:56|04:08:29|u040
8778740_17|triple_offsetted_array_s_vary|2025-06-12T12:31:27|2025-06-12T16:11:48|03:40:21|u087
8778740_17.batch|batch|2025-06-12T12:31:27|2025-06-12T16:11:48|03:40:21|u087
8778740_17.extern|extern|2025-06-12T12:31:27|2025-06-12T16:11:48|03:40:21|u087
8778740_18|triple_offsetted_array_s_vary|2025-06-12T12:31:27|2025-06-12T16:44:45|04:13:18|u087
8778740_18.batch|batch|2025-06-12T12:31:27|2025-06-12T16:44:45|04:13:18|u087
8778740_18.extern|extern|2025-06-12T12:31:27|2025-06-12T16:44:45|04:13:18|u087
8778740_19|triple_offsetted_array_s_vary|2025-06-12T12:31:27|2025-06-12T19:19:14|06:47:47|u087
8778740_19.batch|batch|2025-06-12T12:31:27|2025-06-12T19:19:14|06:47:47|u087
8778740_19.extern|extern|2025-06-12T12:31:27|2025-06-12T19:19:15|06:47:48|u087
8778740_20|triple_offsetted_array_s_vary|2025-06-12T12:31:27|2025-06-12T16:09:00|03:37:33|u087
8778740_20.batch|batch|2025-06-12T12:31:27|2025-06-12T16:09:00|03:37:33|u087
8778740_20.extern|extern|2025-06-12T12:31:27|2025-06-12T16:09:01|03:37:34|u087
8778740_21|triple_offsetted_array_s_vary|2025-06-12T12:31:27|2025-06-12T16:00:18|03:28:51|u171
8778740_21.batch|batch|2025-06-12T12:31:27|2025-06-12T16:00:18|03:28:51|u171
8778740_21.extern|extern|2025-06-12T12:31:27|2025-06-12T16:00:18|03:28:51|u171
8778740_22|triple_offsetted_array_s_vary|2025-06-12T12:31:27|2025-06-12T16:08:41|03:37:14|u172
8778740_22.batch|batch|2025-06-12T12:31:27|2025-06-12T16:08:41|03:37:14|u172
8778740_22.extern|extern|2025-06-12T12:31:27|2025-06-12T16:08:41|03:37:14|u172
8778740_23|triple_offsetted_array_s_vary|2025-06-12T12:31:27|2025-06-12T16:02:01|03:30:34|u173
8778740_23.batch|batch|2025-06-12T12:31:27|2025-06-12T16:02:01|03:30:34|u173
8778740_23.extern|extern|2025-06-12T12:31:27|2025-06-12T16:02:01|03:30:34|u173
8778740_24|triple_offsetted_array_s_vary|2025-06-12T12:31:27|2025-06-12T14:57:17|02:25:50|u174
8778740_24.batch|batch|2025-06-12T12:31:27|2025-06-12T14:57:17|02:25:50|u174
8778740_24.extern|extern|2025-06-12T12:31:27|2025-06-12T14:57:17|02:25:50|u174
8778740_25|triple_offsetted_array_s_vary|2025-06-12T12:31:58|2025-06-12T15:03:22|02:31:24|u182
8778740_25.batch|batch|2025-06-12T12:31:58|2025-06-12T15:03:22|02:31:24|u182
8778740_25.extern|extern|2025-06-12T12:31:58|2025-06-12T15:03:22|02:31:24|u182
8778740_26|triple_offsetted_array_s_vary|2025-06-12T12:31:58|2025-06-12T16:24:01|03:52:03|u182
8778740_26.batch|batch|2025-06-12T12:31:58|2025-06-12T16:24:01|03:52:03|u182
8778740_26.extern|extern|2025-06-12T12:31:58|2025-06-12T16:24:01|03:52:03|u182
8778740_27|triple_offsetted_array_s_vary|2025-06-12T12:31:58|2025-06-12T15:07:43|02:35:45|u183
8778740_27.batch|batch|2025-06-12T12:31:58|2025-06-12T15:07:43|02:35:45|u183
8778740_27.extern|extern|2025-06-12T12:31:58|2025-06-12T15:07:43|02:35:45|u183
8778740_28|triple_offsetted_array_s_vary|2025-06-12T12:31:58|2025-06-12T15:08:38|02:36:40|u183
8778740_28.batch|batch|2025-06-12T12:31:58|2025-06-12T15:08:38|02:36:40|u183
8778740_28.extern|extern|2025-06-12T12:31:58|2025-06-12T15:08:38|02:36:40|u183
8778740_29|triple_offsetted_array_s_vary|2025-06-12T12:31:58|2025-06-12T16:12:17|03:40:19|u073
8778740_29.batch|batch|2025-06-12T12:31:58|2025-06-12T16:12:17|03:40:19|u073
8778740_29.extern|extern|2025-06-12T12:31:58|2025-06-12T16:12:17|03:40:19|u073
8778740_30|triple_offsetted_array_s_vary|2025-06-12T12:31:58|2025-06-12T16:32:10|04:00:12|u077
8778740_30.batch|batch|2025-06-12T12:31:58|2025-06-12T16:32:10|04:00:12|u077
8778740_30.extern|extern|2025-06-12T12:31:58|2025-06-12T16:32:10|04:00:12|u077
8778740_31|triple_offsetted_array_s_vary|2025-06-12T12:40:16|2025-06-12T16:58:36|04:18:20|u010
8778740_31.batch|batch|2025-06-12T12:40:16|2025-06-12T16:58:36|04:18:20|u010
8778740_31.extern|extern|2025-06-12T12:40:16|2025-06-12T16:58:36|04:18:20|u010
8778740_32|triple_offsetted_array_s_vary|2025-06-12T13:34:05|2025-06-12T17:21:36|03:47:31|u001
8778740_32.batch|batch|2025-06-12T13:34:05|2025-06-12T17:21:36|03:47:31|u001
8778740_32.extern|extern|2025-06-12T13:34:05|2025-06-12T17:21:36|03:47:31|u001
8778740_33|triple_offsetted_array_s_vary|2025-06-12T13:35:08|2025-06-12T17:25:27|03:50:19|u029
8778740_33.batch|batch|2025-06-12T13:35:08|2025-06-12T17:25:27|03:50:19|u029
8778740_33.extern|extern|2025-06-12T13:35:08|2025-06-12T17:25:27|03:50:19|u029
8778740_34|triple_offsetted_array_s_vary|2025-06-12T13:40:20|2025-06-12T17:23:23|03:43:03|u001
8778740_34.batch|batch|2025-06-12T13:40:20|2025-06-12T17:23:23|03:43:03|u001
8778740_34.extern|extern|2025-06-12T13:40:20|2025-06-12T17:23:23|03:43:03|u001
8778740_35|triple_offsetted_array_s_vary|2025-06-12T14:10:49|2025-06-12T17:46:15|03:35:26|u040
8778740_35.batch|batch|2025-06-12T14:10:49|2025-06-12T17:46:15|03:35:26|u040
8778740_35.extern|extern|2025-06-12T14:10:49|2025-06-12T17:46:15|03:35:26|u040
8778740_36|triple_offsetted_array_s_vary|2025-06-12T14:42:19|2025-06-12T18:45:04|04:02:45|u069
8778740_36.batch|batch|2025-06-12T14:42:19|2025-06-12T18:45:04|04:02:45|u069
8778740_36.extern|extern|2025-06-12T14:42:19|2025-06-12T18:45:04|04:02:45|u069
8778740_37|triple_offsetted_array_s_vary|2025-06-12T14:57:31|2025-06-12T18:49:47|03:52:16|u001
8778740_37.batch|batch|2025-06-12T14:57:31|2025-06-12T18:49:47|03:52:16|u001
8778740_37.extern|extern|2025-06-12T14:57:31|2025-06-12T18:49:47|03:52:16|u001
8778740_38|triple_offsetted_array_s_vary|2025-06-12T14:58:34|2025-06-12T18:48:42|03:50:08|u083
8778740_38.batch|batch|2025-06-12T14:58:34|2025-06-12T18:48:42|03:50:08|u083
8778740_38.extern|extern|2025-06-12T14:58:34|2025-06-12T18:48:42|03:50:08|u083
8778740_39|triple_offsetted_array_s_vary|2025-06-12T14:58:34|2025-06-12T18:25:19|03:26:45|u123
8778740_39.batch|batch|2025-06-12T14:58:34|2025-06-12T18:25:19|03:26:45|u123
8778740_39.extern|extern|2025-06-12T14:58:34|2025-06-12T18:25:19|03:26:45|u123
8781651_0|triple_offsetted_array_s_vary|2025-06-13T10:00:07|Unknown|02:25:04|u029
8781651_0.batch|batch|2025-06-13T10:00:07|Unknown|02:25:04|u029
8781651_0.extern|extern|2025-06-13T10:00:07|Unknown|02:25:04|u029
8781651_1|triple_offsetted_array_s_vary|2025-06-13T10:00:07|Unknown|02:25:04|u123
8781651_1.batch|batch|2025-06-13T10:00:07|Unknown|02:25:04|u123
8781651_1.extern|extern|2025-06-13T10:00:07|Unknown|02:25:04|u123
8781651_2|triple_offsetted_array_s_vary|2025-06-13T10:00:07|Unknown|02:25:04|u083
8781651_2.batch|batch|2025-06-13T10:00:07|Unknown|02:25:04|u083
8781651_2.extern|extern|2025-06-13T10:00:07|Unknown|02:25:04|u083
8781651_3|triple_offsetted_array_s_vary|2025-06-13T10:00:07|Unknown|02:25:04|u084
8781651_3.batch|batch|2025-06-13T10:00:07|Unknown|02:25:04|u084
8781651_3.extern|extern|2025-06-13T10:00:07|Unknown|02:25:04|u084
8781651_4|triple_offsetted_array_s_vary|2025-06-13T10:00:07|Unknown|02:25:04|u144
8781651_4.batch|batch|2025-06-13T10:00:07|Unknown|02:25:04|u144
8781651_4.extern|extern|2025-06-13T10:00:07|Unknown|02:25:04|u144
8781651_5|triple_offsetted_array_s_vary|2025-06-13T10:00:07|Unknown|02:25:04|u145
8781651_5.batch|batch|2025-06-13T10:00:07|Unknown|02:25:04|u145
8781651_5.extern|extern|2025-06-13T10:00:07|Unknown|02:25:04|u145
8781651_6|triple_offsetted_array_s_vary|2025-06-13T10:00:07|Unknown|02:25:04|u180
8781651_6.batch|batch|2025-06-13T10:00:07|Unknown|02:25:04|u180
8781651_6.extern|extern|2025-06-13T10:00:07|Unknown|02:25:04|u180
8781651_7|triple_offsetted_array_s_vary|2025-06-13T10:00:07|Unknown|02:25:04|u180
8781651_7.batch|batch|2025-06-13T10:00:07|Unknown|02:25:04|u180
8781651_7.extern|extern|2025-06-13T10:00:07|Unknown|02:25:04|u180
8781651_8|triple_offsetted_array_s_vary|2025-06-13T10:00:07|Unknown|02:25:04|u182
8781651_8.batch|batch|2025-06-13T10:00:07|Unknown|02:25:04|u182
8781651_8.extern|extern|2025-06-13T10:00:07|Unknown|02:25:04|u182
8781651_9|triple_offsetted_array_s_vary|2025-06-13T10:00:07|Unknown|02:25:04|u183
8781651_9.batch|batch|2025-06-13T10:00:07|Unknown|02:25:04|u183
8781651_9.extern|extern|2025-06-13T10:00:07|Unknown|02:25:04|u183
8781651_10|triple_offsetted_array_s_vary|2025-06-13T10:00:07|Unknown|02:25:04|u183
8781651_10.batch|batch|2025-06-13T10:00:07|Unknown|02:25:04|u183
8781651_10.extern|extern|2025-06-13T10:00:07|Unknown|02:25:04|u183
8781651_11|triple_offsetted_array_s_vary|2025-06-13T10:00:07|Unknown|02:25:04|u010
8781651_11.batch|batch|2025-06-13T10:00:07|Unknown|02:25:04|u010
8781651_11.extern|extern|2025-06-13T10:00:07|Unknown|02:25:04|u010
8781651_12|triple_offsetted_array_s_vary|2025-06-13T10:00:07|Unknown|02:25:04|u010
8781651_12.batch|batch|2025-06-13T10:00:07|Unknown|02:25:04|u010
8781651_12.extern|extern|2025-06-13T10:00:07|Unknown|02:25:04|u010
8781651_13|triple_offsetted_array_s_vary|2025-06-13T10:00:07|Unknown|02:25:04|u010
8781651_13.batch|batch|2025-06-13T10:00:07|Unknown|02:25:04|u010
8781651_13.extern|extern|2025-06-13T10:00:07|Unknown|02:25:04|u010
8781651_14|triple_offsetted_array_s_vary|2025-06-13T10:00:07|Unknown|02:25:04|u010
8781651_14.batch|batch|2025-06-13T10:00:07|Unknown|02:25:04|u010
8781651_14.extern|extern|2025-06-13T10:00:07|Unknown|02:25:04|u010
8781651_15|triple_offsetted_array_s_vary|2025-06-13T10:00:07|Unknown|02:25:04|u038
8781651_15.batch|batch|2025-06-13T10:00:07|Unknown|02:25:04|u038
8781651_15.extern|extern|2025-06-13T10:00:07|Unknown|02:25:04|u038
8781651_16|triple_offsetted_array_s_vary|2025-06-13T10:00:07|Unknown|02:25:04|u038
8781651_16.batch|batch|2025-06-13T10:00:07|Unknown|02:25:04|u038
8781651_16.extern|extern|2025-06-13T10:00:07|Unknown|02:25:04|u038
8781651_17|triple_offsetted_array_s_vary|2025-06-13T10:00:07|Unknown|02:25:04|u038
8781651_17.batch|batch|2025-06-13T10:00:07|Unknown|02:25:04|u038
8781651_17.extern|extern|2025-06-13T10:00:07|Unknown|02:25:04|u038
8781651_18|triple_offsetted_array_s_vary|2025-06-13T10:00:07|Unknown|02:25:04|u038
8781651_18.batch|batch|2025-06-13T10:00:07|Unknown|02:25:04|u038
8781651_18.extern|extern|2025-06-13T10:00:07|Unknown|02:25:04|u038
8781651_19|triple_offsetted_array_s_vary|2025-06-13T10:00:07|Unknown|02:25:04|u087
8781651_19.batch|batch|2025-06-13T10:00:07|Unknown|02:25:04|u087
8781651_19.extern|extern|2025-06-13T10:00:07|Unknown|02:25:04|u087
8781651_20|triple_offsetted_array_s_vary|2025-06-13T10:00:07|Unknown|02:25:04|u087
8781651_20.batch|batch|2025-06-13T10:00:07|Unknown|02:25:04|u087
8781651_20.extern|extern|2025-06-13T10:00:07|Unknown|02:25:04|u087
8781651_21|triple_offsetted_array_s_vary|2025-06-13T10:00:07|Unknown|02:25:04|u087
8781651_21.batch|batch|2025-06-13T10:00:07|Unknown|02:25:04|u087
8781651_21.extern|extern|2025-06-13T10:00:07|Unknown|02:25:04|u087
8781651_22|triple_offsetted_array_s_vary|2025-06-13T10:00:08|Unknown|02:25:03|u087
8781651_22.batch|batch|2025-06-13T10:00:08|Unknown|02:25:03|u087
8781651_22.extern|extern|2025-06-13T10:00:08|Unknown|02:25:03|u087
8781651_23|triple_offsetted_array_s_vary|2025-06-13T10:00:08|Unknown|02:25:03|u034
8781651_23.batch|batch|2025-06-13T10:00:08|Unknown|02:25:03|u034
8781651_23.extern|extern|2025-06-13T10:00:08|Unknown|02:25:03|u034
8781651_24|triple_offsetted_array_s_vary|2025-06-13T10:00:08|Unknown|02:25:03|u032
8781651_24.batch|batch|2025-06-13T10:00:08|Unknown|02:25:03|u032
8781651_24.extern|extern|2025-06-13T10:00:08|Unknown|02:25:03|u032
8781651_25|triple_offsetted_array_s_vary|2025-06-13T10:00:42|Unknown|02:24:29|u032
8781651_25.batch|batch|2025-06-13T10:00:42|Unknown|02:24:29|u032
8781651_25.extern|extern|2025-06-13T10:00:42|Unknown|02:24:29|u032
8781651_26|triple_offsetted_array_s_vary|2025-06-13T10:00:42|Unknown|02:24:29|u033
8781651_26.batch|batch|2025-06-13T10:00:42|Unknown|02:24:29|u033
8781651_26.extern|extern|2025-06-13T10:00:42|Unknown|02:24:29|u033
8781651_27|triple_offsetted_array_s_vary|2025-06-13T10:00:42|Unknown|02:24:29|u033
8781651_27.batch|batch|2025-06-13T10:00:42|Unknown|02:24:29|u033
8781651_27.extern|extern|2025-06-13T10:00:42|Unknown|02:24:29|u033
8781651_28|triple_offsetted_array_s_vary|2025-06-13T10:00:42|Unknown|02:24:29|u071
8781651_28.batch|batch|2025-06-13T10:00:42|Unknown|02:24:29|u071
8781651_28.extern|extern|2025-06-13T10:00:42|Unknown|02:24:29|u071
8781651_29|triple_offsetted_array_s_vary|2025-06-13T10:00:42|Unknown|02:24:29|u071
8781651_29.batch|batch|2025-06-13T10:00:42|Unknown|02:24:29|u071
8781651_29.extern|extern|2025-06-13T10:00:42|Unknown|02:24:29|u071
8781651_30|triple_offsetted_array_s_vary|2025-06-13T10:00:42|Unknown|02:24:29|u071
8781651_30.batch|batch|2025-06-13T10:00:42|Unknown|02:24:29|u071
8781651_30.extern|extern|2025-06-13T10:00:42|Unknown|02:24:29|u071
8781651_31|triple_offsetted_array_s_vary|2025-06-13T10:00:42|Unknown|02:24:29|u071
8781651_31.batch|batch|2025-06-13T10:00:42|Unknown|02:24:29|u071
8781651_31.extern|extern|2025-06-13T10:00:42|Unknown|02:24:29|u071
8781651_32|triple_offsetted_array_s_vary|2025-06-13T10:00:42|Unknown|02:24:29|u071
8781651_32.batch|batch|2025-06-13T10:00:42|Unknown|02:24:29|u071
8781651_32.extern|extern|2025-06-13T10:00:42|Unknown|02:24:29|u071
8781651_33|triple_offsetted_array_s_vary|2025-06-13T10:00:42|Unknown|02:24:29|u167
8781651_33.batch|batch|2025-06-13T10:00:42|Unknown|02:24:29|u167
8781651_33.extern|extern|2025-06-13T10:00:42|Unknown|02:24:29|u167
8781651_34|triple_offsetted_array_s_vary|2025-06-13T10:00:42|Unknown|02:24:29|u167
8781651_34.batch|batch|2025-06-13T10:00:42|Unknown|02:24:29|u167
8781651_34.extern|extern|2025-06-13T10:00:42|Unknown|02:24:29|u167
8781651_35|triple_offsetted_array_s_vary|2025-06-13T10:00:42|Unknown|02:24:29|u167
8781651_35.batch|batch|2025-06-13T10:00:42|Unknown|02:24:29|u167
8781651_35.extern|extern|2025-06-13T10:00:42|Unknown|02:24:29|u167
8781651_36|triple_offsetted_array_s_vary|2025-06-13T10:00:42|Unknown|02:24:29|u168
8781651_36.batch|batch|2025-06-13T10:00:42|Unknown|02:24:29|u168
8781651_36.extern|extern|2025-06-13T10:00:42|Unknown|02:24:29|u168
8781651_37|triple_offsetted_array_s_vary|2025-06-13T10:00:42|Unknown|02:24:29|u168
8781651_37.batch|batch|2025-06-13T10:00:42|Unknown|02:24:29|u168
8781651_37.extern|extern|2025-06-13T10:00:42|Unknown|02:24:29|u168
8781651_38|triple_offsetted_array_s_vary|2025-06-13T10:00:42|Unknown|02:24:29|u168
8781651_38.batch|batch|2025-06-13T10:00:42|Unknown|02:24:29|u168
8781651_38.extern|extern|2025-06-13T10:00:42|Unknown|02:24:29|u168
8781651_39|triple_offsetted_array_s_vary|2025-06-13T10:00:42|Unknown|02:24:29|u168
8781651_39.batch|batch|2025-06-13T10:00:42|Unknown|02:24:29|u168
8781651_39.extern|extern|2025-06-13T10:00:42|Unknown|02:24:29|u168
